# Utah Teapot Model
# Version: 2025 - Cem Yuksel
# Triangle Mesh Resolution: 9 (10620 faces)
o Utah Teapot

v -1.814815 0 2.249382
v -1.815064 -0.08888891 2.241677
v -1.815732 -0.1555556 2.221027
v -1.8167 -0.2 2.191129
v -1.817847 -0.2222222 2.155684
v -1.819053 -0.2222222 2.11839
v -1.8202 -0.2 2.082944
v -1.821168 -0.1555556 2.053048
v -1.821836 -0.08888888 2.032397
v -1.822085 0 2.024691
v -2.092593 0 2.245062
v -2.090142 -0.0888889 2.237431
v -2.083574 -0.1555556 2.216979
v -2.074064 -0.2 2.187368
v -2.06279 -0.2222222 2.152264
v -2.050928 -0.2222222 2.115329
v -2.039654 -0.2 2.080224
v -2.030144 -0.1555556 2.050614
v -2.023576 -0.08888888 2.030162
v -2.021125 0 2.022531
v -2.333333 0 2.233333
v -2.328634 -0.08888889 2.225903
v -2.316039 -0.1555556 2.20599
v -2.297805 -0.2 2.17716
v -2.276188 -0.2222222 2.142981
v -2.253442 -0.2222222 2.107018
v -2.231824 -0.2 2.072839
v -2.21359 -0.1555555 2.04401
v -2.200996 -0.08888887 2.024097
v -2.196296 0 2.016667
v -2.537037 0 2.210494
v -2.530513 -0.0888889 2.203455
v -2.513026 -0.1555556 2.184592
v -2.48771 -0.2 2.157282
v -2.457697 -0.2222223 2.124904
v -2.426117 -0.2222222 2.090837
v -2.396103 -0.2 2.058459
v -2.370788 -0.1555556 2.031149
v -2.353301 -0.08888889 2.012286
v -2.346776 0 2.005247
v -2.703704 0 2.172839
v -2.695749 -0.08888888 2.166446
v -2.67443 -0.1555556 2.149313
v -2.643565 -0.2 2.124508
v -2.606974 -0.2222222 2.095101
v -2.568472 -0.2222222 2.064159
v -2.53188 -0.2 2.034751
v -2.501016 -0.1555555 2.009946
v -2.479697 -0.08888888 1.992813
v -2.471742 0 1.98642
v -2.833333 0 2.116667
v -2.824315 -0.08888889 2.111237
v -2.800148 -0.1555556 2.096685
v -2.765157 -0.2 2.075617
v -2.723675 -0.2222222 2.05064
v -2.680028 -0.2222222 2.02436
v -2.638546 -0.2 1.999383
v -2.603556 -0.1555555 1.978315
v -2.579388 -0.08888888 1.963763
v -2.57037 0 1.958333
v -2.925926 0 2.038272
v -2.916183 -0.0888889 2.034186
v -2.890074 -0.1555556 2.023237
v -2.852273 -0.2 2.007384
v -2.807459 -0.2222222 1.988591
v -2.760305 -0.2222222 1.968817
v -2.71549 -0.2 1.950023
v -2.67769 -0.1555555 1.934171
v -2.651581 -0.08888888 1.923221
v -2.641838 0 1.919136
v -2.981482 0 1.933951
v -2.971325 -0.0888889 1.931654
v -2.944107 -0.1555556 1.925498
v -2.904699 -0.2 1.916586
v -2.85798 -0.2222222 1.906022
v -2.808824 -0.2222222 1.894904
v -2.762104 -0.2 1.884339
v -2.722698 -0.1555555 1.875428
v -2.695479 -0.08888888 1.869272
v -2.685322 0 1.866975
v -3 0 1.8
v -2.989712 -0.08888889 1.8
v -2.96214 -0.1555556 1.8
v -2.922222 -0.2 1.8
v -2.874897 -0.2222222 1.8
v -2.825103 -0.2222222 1.8
v -2.777778 -0.2 1.8
v -2.73786 -0.1555555 1.8
v -2.710288 -0.08888888 1.8
v -2.7 0 1.8
v -1.602465 0 2.249799
v -1.598008 -0.0888889 2.2421
v -1.603613 -0.1555556 2.221432
v -1.611492 -0.1788078 2.20577
v -1.618806 -0.2 2.191494
v -1.641442 -0.2222222 2.155997
v -1.669033 -0.2222222 2.118642
v -1.690007 -0.2056284 2.092131
v -1.696706 -0.2 2.083139
v -1.720631 -0.1555556 2.053197
v -1.73956 -0.08888888 2.032513
v -1.752537 0 2.024788
v -1.579624 0 2.252433
v -1.565537 0 2.262414
v -1.555476 0 2.283087
v -1.575323 -0.09011942 2.244491
v -1.561337 -0.09292318 2.25402
v -1.551261 -0.09823713 2.273857
v -1.581015 -0.1587166 2.222543
v -1.56708 -0.1650569 2.230287
v -1.557032 -0.1766953 2.24723
v -1.588881 -0.1829617 2.205335
v -1.574848 -0.1911454 2.211074
v -1.564948 -0.2062283 2.225103
v -1.595792 -0.2048941 2.18957
v -1.581654 -0.2148805 2.193617
v -1.571942 -0.2331291 2.204973
v -1.617458 -0.2270754 2.149572
v -1.603019 -0.2397234 2.147885
v -1.594549 -0.2633681 2.150596
v -1.643186 -0.2244138 2.108264
v -1.628201 -0.2375286 2.099571
v -1.622011 -0.2634797 2.091438
v -1.662411 -0.2050058 2.080639
v -1.64686 -0.216533 2.067065
v -1.642835 -0.2410409 2.050823
v -1.668359 -0.1986353 2.071511
v -1.652739 -0.2096928 2.056228
v -1.649578 -0.233447 2.037129
v -1.689754 -0.1523878 2.042694
v -1.673513 -0.1597049 2.022706
v -1.673247 -0.1770265 1.99493
v -1.706895 -0.08652852 2.023542
v -1.690219 -0.08984189 2.001117
v -1.691906 -0.09848233 1.968376
v -1.71921 0 2.016425
v -1.702309 0 1.993378
v -1.704589 0 1.959201
v -1.815064 0.08888891 2.241677
v -1.815732 0.1555556 2.221027
v -1.8167 0.2 2.191129
v -1.817847 0.2222222 2.155684
v -1.819053 0.2222222 2.11839
v -1.8202 0.2 2.082944
v -1.821168 0.1555556 2.053048
v -1.821836 0.08888888 2.032397
v -2.090142 0.0888889 2.237431
v -2.083574 0.1555556 2.216979
v -2.074064 0.2 2.187368
v -2.06279 0.2222222 2.152264
v -2.050928 0.2222222 2.115329
v -2.039654 0.2 2.080224
v -2.030144 0.1555556 2.050614
v -2.023576 0.08888888 2.030162
v -2.328634 0.08888889 2.225903
v -2.316039 0.1555556 2.20599
v -2.297805 0.2 2.17716
v -2.276188 0.2222222 2.142981
v -2.253442 0.2222222 2.107018
v -2.231824 0.2 2.072839
v -2.21359 0.1555555 2.04401
v -2.200996 0.08888887 2.024097
v -2.530513 0.0888889 2.203455
v -2.513026 0.1555556 2.184592
v -2.48771 0.2 2.157282
v -2.457697 0.2222223 2.124904
v -2.426117 0.2222222 2.090837
v -2.396103 0.2 2.058459
v -2.370788 0.1555556 2.031149
v -2.353301 0.08888889 2.012286
v -2.695749 0.08888888 2.166446
v -2.67443 0.1555556 2.149313
v -2.643565 0.2 2.124508
v -2.606974 0.2222222 2.095101
v -2.568472 0.2222222 2.064159
v -2.53188 0.2 2.034751
v -2.501016 0.1555555 2.009946
v -2.479697 0.08888888 1.992813
v -2.824315 0.08888889 2.111237
v -2.800148 0.1555556 2.096685
v -2.765157 0.2 2.075617
v -2.723675 0.2222222 2.05064
v -2.680028 0.2222222 2.02436
v -2.638546 0.2 1.999383
v -2.603556 0.1555555 1.978315
v -2.579388 0.08888888 1.963763
v -2.916183 0.0888889 2.034186
v -2.890074 0.1555556 2.023237
v -2.852273 0.2 2.007384
v -2.807459 0.2222222 1.988591
v -2.760305 0.2222222 1.968817
v -2.71549 0.2 1.950023
v -2.67769 0.1555555 1.934171
v -2.651581 0.08888888 1.923221
v -2.971325 0.0888889 1.931654
v -2.944107 0.1555556 1.925498
v -2.904699 0.2 1.916586
v -2.85798 0.2222222 1.906022
v -2.808824 0.2222222 1.894904
v -2.762104 0.2 1.884339
v -2.722698 0.1555555 1.875428
v -2.695479 0.08888888 1.869272
v -2.989712 0.08888889 1.8
v -2.96214 0.1555556 1.8
v -2.922222 0.2 1.8
v -2.874897 0.2222222 1.8
v -2.825103 0.2222222 1.8
v -2.777778 0.2 1.8
v -2.73786 0.1555555 1.8
v -2.710288 0.08888888 1.8
v -1.598008 0.0888889 2.2421
v -1.603613 0.1555556 2.221432
v -1.611492 0.1788078 2.20577
v -1.618806 0.2 2.191494
v -1.641442 0.2222222 2.155997
v -1.669033 0.2222222 2.118642
v -1.690007 0.2056284 2.092131
v -1.696706 0.2 2.083139
v -1.720631 0.1555556 2.053197
v -1.73956 0.08888888 2.032513
v -1.575323 0.09011942 2.244491
v -1.561337 0.09292318 2.25402
v -1.551261 0.09823713 2.273857
v -1.581015 0.1587166 2.222543
v -1.56708 0.1650569 2.230287
v -1.557032 0.1766953 2.24723
v -1.588881 0.1829617 2.205335
v -1.574848 0.1911454 2.211074
v -1.564948 0.2062283 2.225103
v -1.595792 0.2048941 2.18957
v -1.581654 0.2148805 2.193617
v -1.571942 0.2331291 2.204973
v -1.617458 0.2270754 2.149572
v -1.603019 0.2397234 2.147885
v -1.594549 0.2633681 2.150596
v -1.643186 0.2244138 2.108264
v -1.628201 0.2375286 2.099571
v -1.622011 0.2634797 2.091438
v -1.662411 0.2050058 2.080639
v -1.64686 0.216533 2.067065
v -1.642835 0.2410409 2.050823
v -1.668359 0.1986353 2.071511
v -1.652739 0.2096928 2.056228
v -1.649578 0.233447 2.037129
v -1.689754 0.1523878 2.042694
v -1.673513 0.1597049 2.022706
v -1.673247 0.1770265 1.99493
v -1.706895 0.08652852 2.023542
v -1.690219 0.08984189 2.001117
v -1.691906 0.09848233 1.968376
v -2.986969 0 1.65144
v -2.976868 -0.08888891 1.653698
v -2.949801 -0.1555556 1.65975
v -2.910613 -0.2 1.668511
v -2.864154 -0.2222222 1.678898
v -2.815271 -0.2222222 1.689826
v -2.768811 -0.2 1.700214
v -2.729623 -0.1555556 1.708975
v -2.702555 -0.08888888 1.715026
v -2.692456 0 1.717284
v -2.9476 0 1.505967
v -2.938055 -0.0888889 1.509933
v -2.912475 -0.1555556 1.520561
v -2.875441 -0.2 1.535947
v -2.831535 -0.2222222 1.554189
v -2.785338 -0.2222222 1.573383
v -2.741432 -0.2 1.591625
v -2.704398 -0.1555556 1.607012
v -2.678818 -0.08888888 1.617639
v -2.669273 0 1.621605
v -2.881481 0 1.363889
v -2.872844 -0.08888889 1.369128
v -2.849698 -0.1555556 1.383169
v -2.816186 -0.2 1.403498
v -2.776457 -0.2222222 1.427599
v -2.734654 -0.2222222 1.452957
v -2.694924 -0.2 1.477057
v -2.661413 -0.1555555 1.497386
v -2.638266 -0.08888887 1.511427
v -2.629629 0 1.516667
v -2.788203 0 1.225515
v -2.780813 -0.0888889 1.23171
v -2.761007 -0.1555556 1.248314
v -2.732332 -0.2 1.272352
v -2.698338 -0.2222223 1.300851
v -2.662569 -0.2222222 1.330837
v -2.628573 -0.2 1.359336
v -2.599899 -0.1555556 1.383374
v -2.580093 -0.08888889 1.399978
v -2.572702 0 1.406173
v -2.667352 0 1.091152
v -2.661534 -0.08888888 1.098103
v -2.645939 -0.1555556 1.11673
v -2.62336 -0.2 1.143697
v -2.596592 -0.2222222 1.17567
v -2.568428 -0.2222222 1.20931
v -2.54166 -0.2 1.241282
v -2.519082 -0.1555555 1.26825
v -2.503487 -0.08888888 1.286877
v -2.497668 0 1.293827
v -2.518518 0 0.9611111
v -2.514581 -0.08888889 0.968732
v -2.504029 -0.1555556 0.9891556
v -2.488751 -0.2 1.018724
v -2.47064 -0.2222222 1.05378
v -2.451583 -0.2222222 1.090664
v -2.43347 -0.2 1.12572
v -2.418193 -0.1555555 1.155289
v -2.407641 -0.08888888 1.175713
v -2.403704 0 1.183333
v -2.34129 0 0.8356996
v -2.33953 -0.0888889 0.8440225
v -2.334815 -0.1555556 0.8663278
v -2.327988 -0.2 0.8986205
v -2.319896 -0.2222222 0.936906
v -2.31138 -0.2222222 0.9771887
v -2.303287 -0.2 1.015474
v -2.296461 -0.1555555 1.047767
v -2.291746 -0.08888888 1.070072
v -2.289986 0 1.078395
v -2.135254 0 0.7152264
v -2.135955 -0.0888889 0.7243997
v -2.137833 -0.1555556 0.7489836
v -2.140553 -0.2 0.7845753
v -2.143777 -0.2222222 0.8267722
v -2.14717 -0.2222222 0.8711702
v -2.150394 -0.2 0.9133669
v -2.153113 -0.1555555 0.9489588
v -2.154992 -0.08888888 0.9735429
v -2.155693 0 0.9827161
v -2.073995 0 0.9393122
v -2.065358 -0.08888888 0.9261121
v -2.056786 -0.1555555 0.8984979
v -2.050195 -0.1869115 0.8714425
v -2.044379 -0.2 0.8585647
v -2.022349 -0.2222222 0.8075454
v -2.002157 -0.2222222 0.7576615
v -2.00008 -0.2222222 0.7544746
v -1.966433 -0.2 0.6979343
v -1.945866 -0.1555556 0.6542644
v -1.945337 -0.1506693 0.6523077
v -1.92927 -0.08888889 0.6229692
v -1.932379 0 0.615859
v -2.038124 0 0.9284417
v -2.008685 0 0.9429263
v -1.995446 0 0.977975
v -2.029734 -0.08452898 0.9165596
v -2.000789 -0.08788078 0.9307104
v -1.987697 -0.09787253 0.9640438
v -2.021959 -0.1489004 0.8931544
v -1.995027 -0.1563925 0.9057068
v -1.982661 -0.1761502 0.93301
v -2.016726 -0.1811823 0.8698254
v -1.992368 -0.191512 0.879867
v -1.981073 -0.2163319 0.9
v -2.011539 -0.1952141 0.8586906
v -1.988466 -0.2067826 0.8679988
v -1.977834 -0.2331523 0.8853866
v -1.99354 -0.2231215 0.8114201
v -1.97572 -0.2369086 0.8162013
v -1.967478 -0.2643118 0.8222997
v -1.979162 -0.2284974 0.760569
v -1.966277 -0.2413697 0.7607073
v -1.95972 -0.2644137 0.7582304
v -1.977399 -0.2287547 0.7572615
v -1.964782 -0.2416041 0.75718
v -1.958305 -0.2644215 0.7543605
v -1.950069 -0.2082206 0.6970362
v -1.941434 -0.2179405 0.6935121
v -1.935941 -0.233815 0.6858515
v -1.933734 -0.1619326 0.6499893
v -1.927311 -0.1679838 0.6445625
v -1.922233 -0.1774098 0.6348482
v -1.933343 -0.1568557 0.6478481
v -1.926965 -0.1626727 0.6423358
v -1.921876 -0.1717262 0.6325104
v -1.919126 -0.09211401 0.6168681
v -1.913651 -0.09490386 0.6105929
v -1.90868 -0.09916288 0.6001109
v -1.922612 0 0.6091728
v -1.917271 0 0.6026244
v -1.912285 0 0.5918169
v -2.976868 0.08888891 1.653698
v -2.949801 0.1555556 1.65975
v -2.910613 0.2 1.668511
v -2.864154 0.2222222 1.678898
v -2.815271 0.2222222 1.689826
v -2.768811 0.2 1.700214
v -2.729623 0.1555556 1.708975
v -2.702555 0.08888888 1.715026
v -2.938055 0.0888889 1.509933
v -2.912475 0.1555556 1.520561
v -2.875441 0.2 1.535947
v -2.831535 0.2222222 1.554189
v -2.785338 0.2222222 1.573383
v -2.741432 0.2 1.591625
v -2.704398 0.1555556 1.607012
v -2.678818 0.08888888 1.617639
v -2.872844 0.08888889 1.369128
v -2.849698 0.1555556 1.383169
v -2.816186 0.2 1.403498
v -2.776457 0.2222222 1.427599
v -2.734654 0.2222222 1.452957
v -2.694924 0.2 1.477057
v -2.661413 0.1555555 1.497386
v -2.638266 0.08888887 1.511427
v -2.780813 0.0888889 1.23171
v -2.761007 0.1555556 1.248314
v -2.732332 0.2 1.272352
v -2.698338 0.2222223 1.300851
v -2.662569 0.2222222 1.330837
v -2.628573 0.2 1.359336
v -2.599899 0.1555556 1.383374
v -2.580093 0.08888889 1.399978
v -2.661534 0.08888888 1.098103
v -2.645939 0.1555556 1.11673
v -2.62336 0.2 1.143697
v -2.596592 0.2222222 1.17567
v -2.568428 0.2222222 1.20931
v -2.54166 0.2 1.241282
v -2.519082 0.1555555 1.26825
v -2.503487 0.08888888 1.286877
v -2.514581 0.08888889 0.968732
v -2.504029 0.1555556 0.9891556
v -2.488751 0.2 1.018724
v -2.47064 0.2222222 1.05378
v -2.451583 0.2222222 1.090664
v -2.43347 0.2 1.12572
v -2.418193 0.1555555 1.155289
v -2.407641 0.08888888 1.175713
v -2.33953 0.0888889 0.8440225
v -2.334815 0.1555556 0.8663278
v -2.327988 0.2 0.8986205
v -2.319896 0.2222222 0.936906
v -2.31138 0.2222222 0.9771887
v -2.303287 0.2 1.015474
v -2.296461 0.1555555 1.047767
v -2.291746 0.08888888 1.070072
v -2.135955 0.0888889 0.7243997
v -2.137833 0.1555556 0.7489836
v -2.140553 0.2 0.7845753
v -2.143777 0.2222222 0.8267722
v -2.14717 0.2222222 0.8711702
v -2.150394 0.2 0.9133669
v -2.153113 0.1555555 0.9489588
v -2.154992 0.08888888 0.9735429
v -2.065358 0.08888888 0.9261121
v -2.056786 0.1555555 0.8984979
v -2.050195 0.1869115 0.8714425
v -2.044379 0.2 0.8585647
v -2.022349 0.2222222 0.8075454
v -2.002157 0.2222222 0.7576615
v -2.00008 0.2222222 0.7544746
v -1.966433 0.2 0.6979343
v -1.945866 0.1555556 0.6542644
v -1.945337 0.1506693 0.6523077
v -1.92927 0.08888889 0.6229692
v -2.029734 0.08452898 0.9165596
v -2.000789 0.08788078 0.9307104
v -1.987697 0.09787253 0.9640438
v -2.021959 0.1489004 0.8931544
v -1.995027 0.1563925 0.9057068
v -1.982661 0.1761502 0.93301
v -2.016726 0.1811823 0.8698254
v -1.992368 0.191512 0.879867
v -1.981073 0.2163319 0.9
v -2.011539 0.1952141 0.8586906
v -1.988466 0.2067826 0.8679988
v -1.977834 0.2331523 0.8853866
v -1.99354 0.2231215 0.8114201
v -1.97572 0.2369086 0.8162013
v -1.967478 0.2643118 0.8222997
v -1.979162 0.2284974 0.760569
v -1.966277 0.2413697 0.7607073
v -1.95972 0.2644137 0.7582304
v -1.977399 0.2287547 0.7572615
v -1.964782 0.2416041 0.75718
v -1.958305 0.2644215 0.7543605
v -1.950069 0.2082206 0.6970362
v -1.941434 0.2179405 0.6935121
v -1.935941 0.233815 0.6858515
v -1.933734 0.1619326 0.6499893
v -1.927311 0.1679838 0.6445625
v -1.922233 0.1774098 0.6348482
v -1.933343 0.1568557 0.6478481
v -1.926965 0.1626727 0.6423358
v -1.921876 0.1717262 0.6325104
v -1.919126 0.09211401 0.6168681
v -1.913651 0.09490386 0.6105929
v -1.90868 0.09916288 0.6001109
v 2.8 0 2.4
v 2.813717 -0.04444445 2.4
v 2.85048 -0.07777779 2.4
v 2.903703 -0.1 2.4
v 2.966804 -0.1111111 2.4
v 3.033196 -0.1111111 2.4
v 3.096296 -0.1 2.4
v 3.14952 -0.07777777 2.4
v 3.186283 -0.04444444 2.4
v 3.2 0 2.4
v 2.8262 0 2.422222
v 2.841649 -0.04546056 2.422582
v 2.883051 -0.07955597 2.423547
v 2.942991 -0.1022862 2.424942
v 3.014055 -0.1136514 2.426599
v 3.088826 -0.1136514 2.42834
v 3.159889 -0.1022862 2.429996
v 3.21983 -0.07955596 2.431392
v 3.261232 -0.04546055 2.432356
v 3.276681 0 2.432716
v 2.839232 0 2.438889
v 2.856384 -0.04818372 2.439482
v 2.902349 -0.08432151 2.441071
v 2.968897 -0.1084134 2.44337
v 3.047794 -0.1204593 2.446097
v 3.130807 -0.1204593 2.448965
v 3.209704 -0.1084134 2.451692
v 3.276252 -0.08432149 2.453992
v 3.322218 -0.04818371 2.45558
v 3.339369 0 2.456173
v 2.84074 0 2.45
v 2.859475 -0.0521262 2.450714
v 2.909683 -0.09122085 2.452629
v 2.982373 -0.1172839 2.455401
v 3.068552 -0.1303155 2.458688
v 3.159226 -0.1303155 2.462145
v 3.245404 -0.1172839 2.465432
v 3.318094 -0.09122083 2.468204
v 3.368303 -0.05212619 2.470119
v 3.387037 0 2.470833
v 2.832373 0 2.455556
v 2.852479 -0.05680029 2.456297
v 2.906363 -0.09940051 2.458282
v 2.984372 -0.1278006 2.461157
v 3.076859 -0.1420007 2.464566
v 3.17417 -0.1420007 2.468152
v 3.266657 -0.1278006 2.47156
v 3.344667 -0.09940051 2.474434
v 3.398551 -0.05680029 2.47642
v 3.418656 0 2.477161
v 2.815775 0 2.455555
v 2.836948 -0.06171824 2.456244
v 2.893694 -0.1080069 2.458087
v 2.975847 -0.138866 2.460757
v 3.073246 -0.1542956 2.463922
v 3.175726 -0.1542956 2.467251
v 3.273124 -0.138866 2.470416
v 3.355277 -0.1080069 2.473085
v 3.412023 -0.06171822 2.474929
v 3.433196 0 2.475617
v 2.792593 0 2.45
v 2.814439 -0.06639232 2.450572
v 2.872987 -0.1161866 2.452104
v 2.95775 -0.1493827 2.454321
v 3.058244 -0.1659808 2.45695
v 3.163979 -0.1659808 2.459717
v 3.264472 -0.1493827 2.462346
v 3.349236 -0.1161866 2.464563
v 3.407784 -0.06639231 2.466095
v 3.42963 0 2.466667
v 2.764472 0 2.438889
v 2.786504 -0.07033481 2.439296
v 2.84555 -0.1230859 2.440389
v 2.931034 -0.1582533 2.441969
v 3.032382 -0.175837 2.443845
v 3.139017 -0.175837 2.445816
v 3.240365 -0.1582533 2.44769
v 3.325849 -0.1230859 2.449272
v 3.384895 -0.07033479 2.450364
v 3.406927 0 2.450772
v 2.733059 0 2.422222
v 2.754699 -0.07305797 2.422434
v 2.812692 -0.1278515 2.423001
v 2.896652 -0.1643804 2.423822
v 2.996193 -0.1826449 2.424797
v 3.100927 -0.1826449 2.425821
v 3.200467 -0.1643804 2.426795
v 3.284428 -0.1278514 2.427616
v 3.342421 -0.07305796 2.428184
v 3.36406 0 2.428395
v 2.7 0 2.4
v 2.720577 -0.07407407 2.4
v 2.775721 -0.1296296 2.4
v 2.855555 -0.1666667 2.4
v 2.950206 -0.1851852 2.4
v 3.049794 -0.1851852 2.4
v 3.144444 -0.1666667 2.4
v 3.22428 -0.1296296 2.4
v 3.279424 -0.07407406 2.4
v 3.3 0 2.4
v 2.813717 0.04444445 2.4
v 2.85048 0.07777779 2.4
v 2.903703 0.1 2.4
v 2.966804 0.1111111 2.4
v 3.033196 0.1111111 2.4
v 3.096296 0.1 2.4
v 3.14952 0.07777777 2.4
v 3.186283 0.04444444 2.4
v 2.841649 0.04546056 2.422582
v 2.883051 0.07955597 2.423547
v 2.942991 0.1022862 2.424942
v 3.014055 0.1136514 2.426599
v 3.088826 0.1136514 2.42834
v 3.159889 0.1022862 2.429996
v 3.21983 0.07955596 2.431392
v 3.261232 0.04546055 2.432356
v 2.856384 0.04818372 2.439482
v 2.902349 0.08432151 2.441071
v 2.968897 0.1084134 2.44337
v 3.047794 0.1204593 2.446097
v 3.130807 0.1204593 2.448965
v 3.209704 0.1084134 2.451692
v 3.276252 0.08432149 2.453992
v 3.322218 0.04818371 2.45558
v 2.859475 0.0521262 2.450714
v 2.909683 0.09122085 2.452629
v 2.982373 0.1172839 2.455401
v 3.068552 0.1303155 2.458688
v 3.159226 0.1303155 2.462145
v 3.245404 0.1172839 2.465432
v 3.318094 0.09122083 2.468204
v 3.368303 0.05212619 2.470119
v 2.852479 0.05680029 2.456297
v 2.906363 0.09940051 2.458282
v 2.984372 0.1278006 2.461157
v 3.076859 0.1420007 2.464566
v 3.17417 0.1420007 2.468152
v 3.266657 0.1278006 2.47156
v 3.344667 0.09940051 2.474434
v 3.398551 0.05680029 2.47642
v 2.836948 0.06171824 2.456244
v 2.893694 0.1080069 2.458087
v 2.975847 0.138866 2.460757
v 3.073246 0.1542956 2.463922
v 3.175726 0.1542956 2.467251
v 3.273124 0.138866 2.470416
v 3.355277 0.1080069 2.473085
v 3.412023 0.06171822 2.474929
v 2.814439 0.06639232 2.450572
v 2.872987 0.1161866 2.452104
v 2.95775 0.1493827 2.454321
v 3.058244 0.1659808 2.45695
v 3.163979 0.1659808 2.459717
v 3.264472 0.1493827 2.462346
v 3.349236 0.1161866 2.464563
v 3.407784 0.06639231 2.466095
v 2.786504 0.07033481 2.439296
v 2.84555 0.1230859 2.440389
v 2.931034 0.1582533 2.441969
v 3.032382 0.175837 2.443845
v 3.139017 0.175837 2.445816
v 3.240365 0.1582533 2.44769
v 3.325849 0.1230859 2.449272
v 3.384895 0.07033479 2.450364
v 2.754699 0.07305797 2.422434
v 2.812692 0.1278515 2.423001
v 2.896652 0.1643804 2.423822
v 2.996193 0.1826449 2.424797
v 3.100927 0.1826449 2.425821
v 3.200467 0.1643804 2.426795
v 3.284428 0.1278514 2.427616
v 3.342421 0.07305796 2.428184
v 2.720577 0.07407407 2.4
v 2.775721 0.1296296 2.4
v 2.855555 0.1666667 2.4
v 2.950206 0.1851852 2.4
v 3.049794 0.1851852 2.4
v 3.144444 0.1666667 2.4
v 3.22428 0.1296296 2.4
v 3.279424 0.07407406 2.4
v 2.589986 0 2.287552
v 2.605906 -0.07824011 2.286158
v 2.648569 -0.1369202 2.282423
v 2.710334 -0.1760402 2.277015
v 2.783561 -0.1956003 2.270606
v 2.860609 -0.1956002 2.26386
v 2.933836 -0.1760402 2.257449
v 2.995602 -0.1369202 2.252042
v 3.038265 -0.0782401 2.248307
v 3.054184 0 2.246914
v 2.516187 0 2.155967
v 2.529227 -0.08940508 2.152248
v 2.564174 -0.1564589 2.142283
v 2.614769 -0.2011614 2.127854
v 2.674754 -0.2235127 2.110749
v 2.737867 -0.2235127 2.09275
v 2.797851 -0.2011614 2.075644
v 2.848446 -0.1564589 2.061216
v 2.883394 -0.08940505 2.05125
v 2.896434 0 2.047531
v 2.462963 0 2.013889
v 2.474394 -0.1055693 2.007125
v 2.50503 -0.1847462 1.988999
v 2.549382 -0.2375308 1.962757
v 2.601966 -0.2639232 1.931646
v 2.657293 -0.2639232 1.89891
v 2.709877 -0.2375308 1.867798
v 2.75423 -0.1847462 1.841556
v 2.784865 -0.1055693 1.82343
v 2.796296 0 1.816666
v 2.414678 0 1.869959
v 2.425262 -0.124733 1.859643
v 2.453629 -0.2182828 1.831995
v 2.494696 -0.2806493 1.791968
v 2.543385 -0.3118326 1.744513
v 2.594613 -0.3118325 1.694582
v 2.643301 -0.2806493 1.647127
v 2.684369 -0.2182828 1.6071
v 2.712735 -0.124733 1.579452
v 2.72332 0 1.569136
v 2.355693 0 1.732819
v 2.365685 -0.1448966 1.718654
v 2.392462 -0.2535691 1.68069
v 2.43123 -0.3260174 1.625727
v 2.477192 -0.3622416 1.560567
v 2.525552 -0.3622415 1.492005
v 2.571514 -0.3260174 1.426844
v 2.610281 -0.2535691 1.371882
v 2.637059 -0.1448966 1.333919
v 2.647051 0 1.319753
v 2.27037 0 1.611111
v 2.279515 -0.1640604 1.593012
v 2.304024 -0.2871056 1.544506
v 2.339506 -0.3691358 1.47428
v 2.381573 -0.410151 1.391023
v 2.425835 -0.4101509 1.303422
v 2.467901 -0.3691358 1.220165
v 2.503384 -0.2871056 1.149939
v 2.527892 -0.1640603 1.101433
v 2.537037 0 1.083333
v 2.143073 0 1.513477
v 2.150609 -0.1802246 1.491571
v 2.170806 -0.315393 1.432863
v 2.200046 -0.4055052 1.347866
v 2.234712 -0.4505615 1.247097
v 2.271187 -0.4505614 1.141071
v 2.305853 -0.4055052 1.040303
v 2.335093 -0.315393 0.9553063
v 2.35529 -0.1802246 0.8965976
v 2.362826 0 0.8746914
v 1.958162 0 1.44856
v 1.962819 -0.1913895 1.423185
v 1.9753 -0.3349317 1.355182
v 1.99337 -0.4306264 1.256729
v 2.014793 -0.4784739 1.140007
v 2.037333 -0.4784738 1.017195
v 2.058756 -0.4306264 0.9004724
v 2.076826 -0.3349317 0.8020197
v 2.089307 -0.1913895 0.7340164
v 2.093964 0 0.708642
v 1.952286 0 1.448024
v 1.941837 -0.1917221 1.421072
v 1.94839 -0.3099661 1.364314
v 1.944946 -0.3357356 1.3514
v 1.945122 -0.3395553 1.347374
v 1.941691 -0.4322776 1.248693
v 1.947723 -0.4515793 1.200727
v 1.950082 -0.4806149 1.12787
v 1.960415 -0.4806131 1.055738
v 1.962139 -0.4807954 1.000886
v 1.974169 -0.4460482 0.9143683
v 1.97224 -0.4328869 0.8795923
v 1.981297 -0.3385742 0.779159
v 1.981182 -0.3367821 0.7771702
v 1.98238 -0.3194744 0.7688001
v 1.964937 -0.1927204 0.7002411
v 1.972164 0 0.6750551
v 1.922821 3.422875e-8 1.445557
v 1.902687 4.734704e-8 1.457437
v 1.890617 8.264148e-8 1.484422
v 1.913179 -0.1907575 1.419588
v 1.893893 -0.1949642 1.430495
v 1.882025 -0.2047139 1.454812
v 1.920749 -0.3095774 1.363554
v 1.902465 -0.3170361 1.372007
v 1.890848 -0.3334073 1.390998
v 1.917512 -0.3356217 1.350911
v 1.899547 -0.3437946 1.358903
v 1.887999 -0.361352 1.376704
v 1.917759 -0.3394996 1.346895
v 1.899855 -0.3477693 1.354729
v 1.888338 -0.3655171 1.372222
v 1.915829 -0.4340844 1.248421
v 1.899636 -0.4448174 1.252769
v 1.888986 -0.466477 1.262891
v 1.922502 -0.454057 1.200206
v 1.906913 -0.4651526 1.203051
v 1.896715 -0.4873677 1.210288
v 1.925657 -0.4841627 1.126984
v 1.911026 -0.4959103 1.127793
v 1.901478 -0.5187594 1.130952
v 1.936993 -0.484952 1.054241
v 1.92323 -0.4964925 1.053148
v 1.914467 -0.5187952 1.052675
v 1.93936 -0.4857066 0.9989637
v 1.926248 -0.4971691 0.9966087
v 1.917972 -0.5189833 0.9936348
v 1.952961 -0.4515433 0.9113562
v 1.940956 -0.4618357 0.9069554
v 1.933688 -0.4813811 0.9
v 1.951668 -0.4386632 0.8766288
v 1.940099 -0.4485682 0.8718626
v 1.93299 -0.4671406 0.8638182
v 1.96387 -0.3442406 0.7751718
v 1.953868 -0.351299 0.7692969
v 1.947364 -0.364343 0.7582304
v 1.963705 -0.3424481 0.7731615
v 1.953641 -0.3494597 0.7672771
v 1.947084 -0.3624494 0.7561412
v 1.965272 -0.3249392 0.7646137
v 1.955315 -0.3314641 0.7586904
v 1.948808 -0.3436273 0.7473372
v 1.950163 -0.1959989 0.6948521
v 1.941213 -0.199325 0.6885291
v 1.934814 -0.2055268 0.6759985
v 1.958257 0 0.6690356
v 1.949587 0 0.6626749
v 1.943222 0 0.6498057
v 2.605906 0.07824011 2.286158
v 2.648569 0.1369202 2.282423
v 2.710334 0.1760402 2.277015
v 2.783561 0.1956003 2.270606
v 2.860609 0.1956002 2.26386
v 2.933836 0.1760402 2.257449
v 2.995602 0.1369202 2.252042
v 3.038265 0.0782401 2.248307
v 2.529227 0.08940508 2.152248
v 2.564174 0.1564589 2.142283
v 2.614769 0.2011614 2.127854
v 2.674754 0.2235127 2.110749
v 2.737867 0.2235127 2.09275
v 2.797851 0.2011614 2.075644
v 2.848446 0.1564589 2.061216
v 2.883394 0.08940505 2.05125
v 2.474394 0.1055693 2.007125
v 2.50503 0.1847462 1.988999
v 2.549382 0.2375308 1.962757
v 2.601966 0.2639232 1.931646
v 2.657293 0.2639232 1.89891
v 2.709877 0.2375308 1.867798
v 2.75423 0.1847462 1.841556
v 2.784865 0.1055693 1.82343
v 2.425262 0.124733 1.859643
v 2.453629 0.2182828 1.831995
v 2.494696 0.2806493 1.791968
v 2.543385 0.3118326 1.744513
v 2.594613 0.3118325 1.694582
v 2.643301 0.2806493 1.647127
v 2.684369 0.2182828 1.6071
v 2.712735 0.124733 1.579452
v 2.365685 0.1448966 1.718654
v 2.392462 0.2535691 1.68069
v 2.43123 0.3260174 1.625727
v 2.477192 0.3622416 1.560567
v 2.525552 0.3622415 1.492005
v 2.571514 0.3260174 1.426844
v 2.610281 0.2535691 1.371882
v 2.637059 0.1448966 1.333919
v 2.279515 0.1640604 1.593012
v 2.304024 0.2871056 1.544506
v 2.339506 0.3691358 1.47428
v 2.381573 0.410151 1.391023
v 2.425835 0.4101509 1.303422
v 2.467901 0.3691358 1.220165
v 2.503384 0.2871056 1.149939
v 2.527892 0.1640603 1.101433
v 2.150609 0.1802246 1.491571
v 2.170806 0.315393 1.432863
v 2.200046 0.4055052 1.347866
v 2.234712 0.4505615 1.247097
v 2.271187 0.4505614 1.141071
v 2.305853 0.4055052 1.040303
v 2.335093 0.315393 0.9553063
v 2.35529 0.1802246 0.8965976
v 1.962819 0.1913895 1.423185
v 1.9753 0.3349317 1.355182
v 1.99337 0.4306264 1.256729
v 2.014793 0.4784739 1.140007
v 2.037333 0.4784738 1.017195
v 2.058756 0.4306264 0.9004724
v 2.076826 0.3349317 0.8020197
v 2.089307 0.1913895 0.7340164
v 1.941837 0.1917221 1.421072
v 1.94839 0.3099661 1.364314
v 1.944946 0.3357356 1.3514
v 1.945122 0.3395553 1.347374
v 1.941691 0.4322776 1.248693
v 1.947723 0.4515793 1.200727
v 1.950082 0.4806149 1.12787
v 1.960415 0.4806131 1.055738
v 1.962139 0.4807954 1.000886
v 1.974169 0.4460482 0.9143683
v 1.97224 0.4328869 0.8795923
v 1.981297 0.3385742 0.779159
v 1.981182 0.3367821 0.7771702
v 1.98238 0.3194744 0.7688001
v 1.964937 0.1927204 0.7002411
v 1.913179 0.1907575 1.419588
v 1.893893 0.1949642 1.430495
v 1.882025 0.2047139 1.454812
v 1.920749 0.3095774 1.363554
v 1.902465 0.3170361 1.372007
v 1.890848 0.3334073 1.390998
v 1.917512 0.3356217 1.350911
v 1.899547 0.3437946 1.358903
v 1.887999 0.361352 1.376704
v 1.917759 0.3394996 1.346895
v 1.899855 0.3477693 1.354729
v 1.888338 0.3655171 1.372222
v 1.915829 0.4340844 1.248421
v 1.899636 0.4448174 1.252769
v 1.888986 0.466477 1.262891
v 1.922502 0.454057 1.200206
v 1.906913 0.4651526 1.203051
v 1.896715 0.4873677 1.210288
v 1.925657 0.4841627 1.126984
v 1.911026 0.4959103 1.127793
v 1.901478 0.5187594 1.130952
v 1.936993 0.484952 1.054241
v 1.92323 0.4964925 1.053148
v 1.914467 0.5187952 1.052675
v 1.93936 0.4857066 0.9989637
v 1.926248 0.4971691 0.9966087
v 1.917972 0.5189833 0.9936348
v 1.952961 0.4515433 0.9113562
v 1.940956 0.4618357 0.9069554
v 1.933688 0.4813811 0.9
v 1.951668 0.4386632 0.8766288
v 1.940099 0.4485682 0.8718626
v 1.93299 0.4671406 0.8638182
v 1.96387 0.3442406 0.7751718
v 1.953868 0.351299 0.7692969
v 1.947364 0.364343 0.7582304
v 1.963705 0.3424481 0.7731615
v 1.953641 0.3494597 0.7672771
v 1.947084 0.3624494 0.7561412
v 1.965272 0.3249392 0.7646137
v 1.955315 0.3314641 0.7586904
v 1.948808 0.3436273 0.7473372
v 1.950163 0.1959989 0.6948521
v 1.941213 0.199325 0.6885291
v 1.934814 0.2055268 0.6759985
v 0 0 3.15
v -0.210974 0 3.139506
v -0.2077688 -0.03663524 3.139506
v -0.1982507 -0.07215735 3.139506
v -0.1827088 -0.105487 3.139506
v -0.1616154 -0.1356114 3.139506
v -0.1356114 -0.1616154 3.139506
v -0.105487 -0.1827088 3.139506
v -0.07215732 -0.1982507 3.139506
v -0.03663522 -0.2077688 3.139506
v 9.221965e-9 -0.210974 3.139506
v -0.3248285 0 3.110494
v -0.3198937 -0.05640589 3.110494
v -0.305239 -0.1110979 3.110494
v -0.2813098 -0.1624143 3.110494
v -0.2488331 -0.2087958 3.110494
v -0.2087958 -0.2488331 3.110494
v -0.1624143 -0.2813098 3.110494
v -0.1110979 -0.3052391 3.110494
v -0.05640586 -0.3198937 3.110494
v 1.419871e-8 -0.3248285 3.110494
v -0.3629629 0 3.066666
v -0.3574487 -0.06302786 3.066666
v -0.3410736 -0.1241406 3.066666
v -0.3143351 -0.1814815 3.066666
v -0.2780457 -0.2333081 3.066666
v -0.2333081 -0.2780457 3.066666
v -0.1814814 -0.3143352 3.066666
v -0.1241406 -0.3410736 3.066666
v -0.06302783 -0.3574487 3.066666
v 1.586561e-8 -0.3629629 3.066666
v -0.3467765 0 3.011729
v -0.3415081 -0.06021711 3.011729
v -0.3258633 -0.1186045 3.011729
v -0.3003172 -0.1733882 3.011729
v -0.2656462 -0.2229036 3.011729
v -0.2229036 -0.2656462 3.011729
v -0.1733882 -0.3003172 3.011729
v -0.1186045 -0.3258633 3.011729
v -0.06021708 -0.3415082 3.011729
v 1.515808e-8 -0.3467765 3.011729
v -0.297668 0 2.949383
v -0.2931458 -0.05168952 2.949383
v -0.2797165 -0.1018085 2.949383
v -0.2577881 -0.148834 2.949383
v -0.2280269 -0.1913373 2.949383
v -0.1913373 -0.2280269 2.949383
v -0.148834 -0.2577881 2.949383
v -0.1018084 -0.2797165 2.949383
v -0.05168949 -0.2931458 2.949383
v 1.301148e-8 -0.297668 2.949383
v -0.237037 0 2.883333
v -0.2334359 -0.04116105 2.883333
v -0.222742 -0.08107144 2.883333
v -0.2052801 -0.1185185 2.883333
v -0.1815809 -0.1523645 2.883333
v -0.1523645 -0.1815809 2.883333
v -0.1185185 -0.2052801 2.883333
v -0.08107142 -0.222742 2.883333
v -0.04116103 -0.2334359 2.883333
v 1.036122e-8 -0.237037 2.883333
v -0.1862826 0 2.817284
v -0.1834525 -0.03234763 2.817284
v -0.1750484 -0.0637124 2.817284
v -0.1613254 -0.09314129 2.817284
v -0.1427007 -0.1197401 2.817284
v -0.1197401 -0.1427007 2.817284
v -0.09314127 -0.1613255 2.817284
v -0.06371237 -0.1750484 2.817284
v -0.03234762 -0.1834525 2.817284
v 8.142671e-9 -0.1862826 2.817284
v -0.1668039 0 2.754938
v -0.1642697 -0.02896519 2.754938
v -0.1567443 -0.05705028 2.754938
v -0.1444564 -0.08340193 2.754938
v -0.1277792 -0.1072194 2.754938
v -0.1072194 -0.1277792 2.754938
v -0.08340192 -0.1444564 2.754938
v -0.05705026 -0.1567444 2.754938
v -0.02896517 -0.1642697 2.754938
v 7.291228e-9 -0.1668039 2.754938
v -0.2 0 2.7
v -0.1969616 -0.03472964 2.7
v -0.1879385 -0.06840403 2.7
v -0.1732051 -0.1 2.7
v -0.1532089 -0.1285575 2.7
v -0.1285575 -0.1532089 2.7
v -0.09999999 -0.1732051 2.7
v -0.06840401 -0.1879385 2.7
v -0.03472962 -0.1969616 2.7
v 8.742278e-9 -0.2 2.7
v 0.03663524 -0.2077688 3.139506
v 0.07215735 -0.1982507 3.139506
v 0.105487 -0.1827088 3.139506
v 0.1356114 -0.1616154 3.139506
v 0.1616154 -0.1356114 3.139506
v 0.1827088 -0.105487 3.139506
v 0.1982507 -0.07215732 3.139506
v 0.2077688 -0.03663522 3.139506
v 0.210974 9.221965e-9 3.139506
v 0.05640589 -0.3198937 3.110494
v 0.1110979 -0.305239 3.110494
v 0.1624143 -0.2813098 3.110494
v 0.2087958 -0.2488331 3.110494
v 0.2488331 -0.2087958 3.110494
v 0.2813098 -0.1624143 3.110494
v 0.3052391 -0.1110979 3.110494
v 0.3198937 -0.05640586 3.110494
v 0.3248285 1.419871e-8 3.110494
v 0.06302786 -0.3574487 3.066666
v 0.1241406 -0.3410736 3.066666
v 0.1814815 -0.3143351 3.066666
v 0.2333081 -0.2780457 3.066666
v 0.2780457 -0.2333081 3.066666
v 0.3143352 -0.1814814 3.066666
v 0.3410736 -0.1241406 3.066666
v 0.3574487 -0.06302783 3.066666
v 0.3629629 1.586561e-8 3.066666
v 0.06021711 -0.3415081 3.011729
v 0.1186045 -0.3258633 3.011729
v 0.1733882 -0.3003172 3.011729
v 0.2229036 -0.2656462 3.011729
v 0.2656462 -0.2229036 3.011729
v 0.3003172 -0.1733882 3.011729
v 0.3258633 -0.1186045 3.011729
v 0.3415082 -0.06021708 3.011729
v 0.3467765 1.515808e-8 3.011729
v 0.05168952 -0.2931458 2.949383
v 0.1018085 -0.2797165 2.949383
v 0.148834 -0.2577881 2.949383
v 0.1913373 -0.2280269 2.949383
v 0.2280269 -0.1913373 2.949383
v 0.2577881 -0.148834 2.949383
v 0.2797165 -0.1018084 2.949383
v 0.2931458 -0.05168949 2.949383
v 0.297668 1.301148e-8 2.949383
v 0.04116105 -0.2334359 2.883333
v 0.08107144 -0.222742 2.883333
v 0.1185185 -0.2052801 2.883333
v 0.1523645 -0.1815809 2.883333
v 0.1815809 -0.1523645 2.883333
v 0.2052801 -0.1185185 2.883333
v 0.222742 -0.08107142 2.883333
v 0.2334359 -0.04116103 2.883333
v 0.237037 1.036122e-8 2.883333
v 0.03234763 -0.1834525 2.817284
v 0.0637124 -0.1750484 2.817284
v 0.09314129 -0.1613254 2.817284
v 0.1197401 -0.1427007 2.817284
v 0.1427007 -0.1197401 2.817284
v 0.1613255 -0.09314127 2.817284
v 0.1750484 -0.06371237 2.817284
v 0.1834525 -0.03234762 2.817284
v 0.1862826 8.142671e-9 2.817284
v 0.02896519 -0.1642697 2.754938
v 0.05705028 -0.1567443 2.754938
v 0.08340193 -0.1444564 2.754938
v 0.1072194 -0.1277792 2.754938
v 0.1277792 -0.1072194 2.754938
v 0.1444564 -0.08340192 2.754938
v 0.1567444 -0.05705026 2.754938
v 0.1642697 -0.02896517 2.754938
v 0.1668039 7.291228e-9 2.754938
v 0.03472964 -0.1969616 2.7
v 0.06840403 -0.1879385 2.7
v 0.1 -0.1732051 2.7
v 0.1285575 -0.1532089 2.7
v 0.1532089 -0.1285575 2.7
v 0.1732051 -0.09999999 2.7
v 0.1879385 -0.06840401 2.7
v 0.1969616 -0.03472962 2.7
v 0.2 8.742278e-9 2.7
v 0 0.210974 3.139506
v 0.03663524 0.2077688 3.139506
v 0.07215735 0.1982507 3.139506
v 0.105487 0.1827088 3.139506
v 0.1356114 0.1616154 3.139506
v 0.1616154 0.1356114 3.139506
v 0.1827088 0.105487 3.139506
v 0.1982507 0.07215732 3.139506
v 0.2077688 0.03663522 3.139506
v 0 0.3248285 3.110494
v 0.05640589 0.3198937 3.110494
v 0.1110979 0.305239 3.110494
v 0.1624143 0.2813098 3.110494
v 0.2087958 0.2488331 3.110494
v 0.2488331 0.2087958 3.110494
v 0.2813098 0.1624143 3.110494
v 0.3052391 0.1110979 3.110494
v 0.3198937 0.05640586 3.110494
v 0 0.3629629 3.066666
v 0.06302786 0.3574487 3.066666
v 0.1241406 0.3410736 3.066666
v 0.1814815 0.3143351 3.066666
v 0.2333081 0.2780457 3.066666
v 0.2780457 0.2333081 3.066666
v 0.3143352 0.1814814 3.066666
v 0.3410736 0.1241406 3.066666
v 0.3574487 0.06302783 3.066666
v 0 0.3467765 3.011729
v 0.06021711 0.3415081 3.011729
v 0.1186045 0.3258633 3.011729
v 0.1733882 0.3003172 3.011729
v 0.2229036 0.2656462 3.011729
v 0.2656462 0.2229036 3.011729
v 0.3003172 0.1733882 3.011729
v 0.3258633 0.1186045 3.011729
v 0.3415082 0.06021708 3.011729
v 0 0.297668 2.949383
v 0.05168952 0.2931458 2.949383
v 0.1018085 0.2797165 2.949383
v 0.148834 0.2577881 2.949383
v 0.1913373 0.2280269 2.949383
v 0.2280269 0.1913373 2.949383
v 0.2577881 0.148834 2.949383
v 0.2797165 0.1018084 2.949383
v 0.2931458 0.05168949 2.949383
v 0 0.237037 2.883333
v 0.04116105 0.2334359 2.883333
v 0.08107144 0.222742 2.883333
v 0.1185185 0.2052801 2.883333
v 0.1523645 0.1815809 2.883333
v 0.1815809 0.1523645 2.883333
v 0.2052801 0.1185185 2.883333
v 0.222742 0.08107142 2.883333
v 0.2334359 0.04116103 2.883333
v 0 0.1862826 2.817284
v 0.03234763 0.1834525 2.817284
v 0.0637124 0.1750484 2.817284
v 0.09314129 0.1613254 2.817284
v 0.1197401 0.1427007 2.817284
v 0.1427007 0.1197401 2.817284
v 0.1613255 0.09314127 2.817284
v 0.1750484 0.06371237 2.817284
v 0.1834525 0.03234762 2.817284
v 0 0.1668039 2.754938
v 0.02896519 0.1642697 2.754938
v 0.05705028 0.1567443 2.754938
v 0.08340193 0.1444564 2.754938
v 0.1072194 0.1277792 2.754938
v 0.1277792 0.1072194 2.754938
v 0.1444564 0.08340192 2.754938
v 0.1567444 0.05705026 2.754938
v 0.1642697 0.02896517 2.754938
v 0 0.2 2.7
v 0.03472964 0.1969616 2.7
v 0.06840403 0.1879385 2.7
v 0.1 0.1732051 2.7
v 0.1285575 0.1532089 2.7
v 0.1532089 0.1285575 2.7
v 0.1732051 0.09999999 2.7
v 0.1879385 0.06840401 2.7
v 0.1969616 0.03472962 2.7
v -0.2077688 0.03663524 3.139506
v -0.1982507 0.07215735 3.139506
v -0.1827088 0.105487 3.139506
v -0.1616154 0.1356114 3.139506
v -0.1356114 0.1616154 3.139506
v -0.105487 0.1827088 3.139506
v -0.07215732 0.1982507 3.139506
v -0.03663522 0.2077688 3.139506
v -0.3198937 0.05640589 3.110494
v -0.305239 0.1110979 3.110494
v -0.2813098 0.1624143 3.110494
v -0.2488331 0.2087958 3.110494
v -0.2087958 0.2488331 3.110494
v -0.1624143 0.2813098 3.110494
v -0.1110979 0.3052391 3.110494
v -0.05640586 0.3198937 3.110494
v -0.3574487 0.06302786 3.066666
v -0.3410736 0.1241406 3.066666
v -0.3143351 0.1814815 3.066666
v -0.2780457 0.2333081 3.066666
v -0.2333081 0.2780457 3.066666
v -0.1814814 0.3143352 3.066666
v -0.1241406 0.3410736 3.066666
v -0.06302783 0.3574487 3.066666
v -0.3415081 0.06021711 3.011729
v -0.3258633 0.1186045 3.011729
v -0.3003172 0.1733882 3.011729
v -0.2656462 0.2229036 3.011729
v -0.2229036 0.2656462 3.011729
v -0.1733882 0.3003172 3.011729
v -0.1186045 0.3258633 3.011729
v -0.06021708 0.3415082 3.011729
v -0.2931458 0.05168952 2.949383
v -0.2797165 0.1018085 2.949383
v -0.2577881 0.148834 2.949383
v -0.2280269 0.1913373 2.949383
v -0.1913373 0.2280269 2.949383
v -0.148834 0.2577881 2.949383
v -0.1018084 0.2797165 2.949383
v -0.05168949 0.2931458 2.949383
v -0.2334359 0.04116105 2.883333
v -0.222742 0.08107144 2.883333
v -0.2052801 0.1185185 2.883333
v -0.1815809 0.1523645 2.883333
v -0.1523645 0.1815809 2.883333
v -0.1185185 0.2052801 2.883333
v -0.08107142 0.222742 2.883333
v -0.04116103 0.2334359 2.883333
v -0.1834525 0.03234763 2.817284
v -0.1750484 0.0637124 2.817284
v -0.1613254 0.09314129 2.817284
v -0.1427007 0.1197401 2.817284
v -0.1197401 0.1427007 2.817284
v -0.09314127 0.1613255 2.817284
v -0.06371237 0.1750484 2.817284
v -0.03234762 0.1834525 2.817284
v -0.1642697 0.02896519 2.754938
v -0.1567443 0.05705028 2.754938
v -0.1444564 0.08340193 2.754938
v -0.1277792 0.1072194 2.754938
v -0.1072194 0.1277792 2.754938
v -0.08340192 0.1444564 2.754938
v -0.05705026 0.1567444 2.754938
v -0.02896517 0.1642697 2.754938
v -0.1969616 0.03472964 2.7
v -0.1879385 0.06840403 2.7
v -0.1732051 0.1 2.7
v -0.1532089 0.1285575 2.7
v -0.1285575 0.1532089 2.7
v -0.09999999 0.1732051 2.7
v -0.06840401 0.1879385 2.7
v -0.03472962 0.1969616 2.7
v -0.2903978 0 2.655144
v -0.285986 -0.05042706 2.655144
v -0.2728847 -0.09932191 2.655144
v -0.2514919 -0.1451989 2.655144
v -0.2224577 -0.1866641 2.655144
v -0.1866641 -0.2224577 2.655144
v -0.1451989 -0.2514919 2.655144
v -0.09932187 -0.2728847 2.655144
v -0.05042703 -0.285986 2.655144
v 1.269369e-8 -0.2903978 2.655144
v -0.4194787 0 2.61893
v -0.4131059 -0.07284173 2.61893
v -0.3941811 -0.1434702 2.61893
v -0.3632793 -0.2097394 2.61893
v -0.3213394 -0.2696357 2.61893
v -0.2696357 -0.3213394 2.61893
v -0.2097393 -0.3632793 2.61893
v -0.1434701 -0.3941812 2.61893
v -0.07284169 -0.4131059 2.61893
v 1.8336e-8 -0.4194787 2.61893
v -0.574074 0 2.588889
v -0.5653526 -0.09968693 2.588889
v -0.5394532 -0.1963449 2.588889
v -0.4971626 -0.287037 2.588889
v -0.4397662 -0.3690077 2.588889
v -0.3690076 -0.4397662 2.588889
v -0.287037 -0.4971628 2.588889
v -0.1963448 -0.5394532 2.588889
v -0.09968688 -0.5653526 2.588889
v 2.509357e-8 -0.574074 2.588889
v -0.7410151 0 2.562552
v -0.7297574 -0.128676 2.562552
v -0.6963265 -0.2534421 2.562552
v -0.6417379 -0.3705075 2.562552
v -0.5676505 -0.4763154 2.562552
v -0.4763153 -0.5676506 2.562552
v -0.3705075 -0.6417379 2.562552
v -0.253442 -0.6963265 2.562552
v -0.1286759 -0.7297574 2.562552
v 3.23908e-8 -0.7410151 2.562552
v -0.907133 0 2.537449
v -0.8933517 -0.157522 2.537449
v -0.8524263 -0.3102578 2.537449
v -0.7856003 -0.4535665 2.537449
v -0.6949043 -0.5830939 2.537449
v -0.5830939 -0.6949043 2.537449
v -0.4535665 -0.7856004 2.537449
v -0.3102577 -0.8524263 2.537449
v -0.1575219 -0.8933517 2.537449
v 3.965205e-8 -0.907133 2.537449
v -1.059259 0 2.511111
v -1.043167 -0.1839384 2.511111
v -0.9953783 -0.362288 2.511111
v -0.9173453 -0.5296296 2.511111
v -0.8114396 -0.6808788 2.511111
v -0.6808786 -0.8114398 2.511111
v -0.5296296 -0.9173455 2.511111
v -0.3622879 -0.9953783 2.511111
v -0.1839384 -1.043167 2.511111
v 4.630169e-8 -1.059259 2.511111
v -1.184225 0 2.48107
v -1.166234 -0.2056385 2.48107
v -1.112808 -0.4050288 2.48107
v -1.025569 -0.5921125 2.48107
v -0.907169 -0.7612052 2.48107
v -0.7612051 -0.9071691 2.48107
v -0.5921124 -1.025569 2.48107
v -0.4050286 -1.112808 2.48107
v -0.2056384 -1.166234 2.48107
v 5.176412e-8 -1.184225 2.48107
v -1.268861 0 2.444856
v -1.249584 -0.2203355 2.444856
v -1.19234 -0.4339762 2.444856
v -1.098866 -0.6344306 2.444856
v -0.9720042 -0.8156084 2.444856
v -0.8156083 -0.9720044 2.444856
v -0.6344306 -1.098866 2.444856
v -0.4339761 -1.19234 2.444856
v -0.2203354 -1.249585 2.444856
v 5.546369e-8 -1.268861 2.444856
v -1.3 0 2.4
v -1.28025 -0.2257426 2.4
v -1.2216 -0.4446262 2.4
v -1.125833 -0.65 2.4
v -0.9958577 -0.8356239 2.4
v -0.8356238 -0.9958578 2.4
v -0.6499999 -1.125833 2.4
v -0.444626 -1.2216 2.4
v -0.2257425 -1.28025 2.4
v 5.68248e-8 -1.3 2.4
v 0.05042706 -0.285986 2.655144
v 0.09932191 -0.2728847 2.655144
v 0.1451989 -0.2514919 2.655144
v 0.1866641 -0.2224577 2.655144
v 0.2224577 -0.1866641 2.655144
v 0.2514919 -0.1451989 2.655144
v 0.2728847 -0.09932187 2.655144
v 0.285986 -0.05042703 2.655144
v 0.2903978 1.269369e-8 2.655144
v 0.07284173 -0.4131059 2.61893
v 0.1434702 -0.3941811 2.61893
v 0.2097394 -0.3632793 2.61893
v 0.2696357 -0.3213394 2.61893
v 0.3213394 -0.2696357 2.61893
v 0.3632793 -0.2097393 2.61893
v 0.3941812 -0.1434701 2.61893
v 0.4131059 -0.07284169 2.61893
v 0.4194787 1.8336e-8 2.61893
v 0.09968693 -0.5653526 2.588889
v 0.1963449 -0.5394532 2.588889
v 0.287037 -0.4971626 2.588889
v 0.3690077 -0.4397662 2.588889
v 0.4397662 -0.3690076 2.588889
v 0.4971628 -0.287037 2.588889
v 0.5394532 -0.1963448 2.588889
v 0.5653526 -0.09968688 2.588889
v 0.574074 2.509357e-8 2.588889
v 0.128676 -0.7297574 2.562552
v 0.2534421 -0.6963265 2.562552
v 0.3705075 -0.6417379 2.562552
v 0.4763154 -0.5676505 2.562552
v 0.5676506 -0.4763153 2.562552
v 0.6417379 -0.3705075 2.562552
v 0.6963265 -0.253442 2.562552
v 0.7297574 -0.1286759 2.562552
v 0.7410151 3.23908e-8 2.562552
v 0.157522 -0.8933517 2.537449
v 0.3102578 -0.8524263 2.537449
v 0.4535665 -0.7856003 2.537449
v 0.5830939 -0.6949043 2.537449
v 0.6949043 -0.5830939 2.537449
v 0.7856004 -0.4535665 2.537449
v 0.8524263 -0.3102577 2.537449
v 0.8933517 -0.1575219 2.537449
v 0.907133 3.965205e-8 2.537449
v 0.1839384 -1.043167 2.511111
v 0.362288 -0.9953783 2.511111
v 0.5296296 -0.9173453 2.511111
v 0.6808788 -0.8114396 2.511111
v 0.8114398 -0.6808786 2.511111
v 0.9173455 -0.5296296 2.511111
v 0.9953783 -0.3622879 2.511111
v 1.043167 -0.1839384 2.511111
v 1.059259 4.630169e-8 2.511111
v 0.2056385 -1.166234 2.48107
v 0.4050288 -1.112808 2.48107
v 0.5921125 -1.025569 2.48107
v 0.7612052 -0.907169 2.48107
v 0.9071691 -0.7612051 2.48107
v 1.025569 -0.5921124 2.48107
v 1.112808 -0.4050286 2.48107
v 1.166234 -0.2056384 2.48107
v 1.184225 5.176412e-8 2.48107
v 0.2203355 -1.249584 2.444856
v 0.4339762 -1.19234 2.444856
v 0.6344306 -1.098866 2.444856
v 0.8156084 -0.9720042 2.444856
v 0.9720044 -0.8156083 2.444856
v 1.098866 -0.6344306 2.444856
v 1.19234 -0.4339761 2.444856
v 1.249585 -0.2203354 2.444856
v 1.268861 5.546369e-8 2.444856
v 0.2257426 -1.28025 2.4
v 0.4446262 -1.2216 2.4
v 0.65 -1.125833 2.4
v 0.8356239 -0.9958577 2.4
v 0.9958578 -0.8356238 2.4
v 1.125833 -0.6499999 2.4
v 1.2216 -0.444626 2.4
v 1.28025 -0.2257425 2.4
v 1.3 5.68248e-8 2.4
v 0 0.2903978 2.655144
v 0.05042706 0.285986 2.655144
v 0.09932191 0.2728847 2.655144
v 0.1451989 0.2514919 2.655144
v 0.1866641 0.2224577 2.655144
v 0.2224577 0.1866641 2.655144
v 0.2514919 0.1451989 2.655144
v 0.2728847 0.09932187 2.655144
v 0.285986 0.05042703 2.655144
v 0 0.4194787 2.61893
v 0.07284173 0.4131059 2.61893
v 0.1434702 0.3941811 2.61893
v 0.2097394 0.3632793 2.61893
v 0.2696357 0.3213394 2.61893
v 0.3213394 0.2696357 2.61893
v 0.3632793 0.2097393 2.61893
v 0.3941812 0.1434701 2.61893
v 0.4131059 0.07284169 2.61893
v 0 0.574074 2.588889
v 0.09968693 0.5653526 2.588889
v 0.1963449 0.5394532 2.588889
v 0.287037 0.4971626 2.588889
v 0.3690077 0.4397662 2.588889
v 0.4397662 0.3690076 2.588889
v 0.4971628 0.287037 2.588889
v 0.5394532 0.1963448 2.588889
v 0.5653526 0.09968688 2.588889
v 0 0.7410151 2.562552
v 0.128676 0.7297574 2.562552
v 0.2534421 0.6963265 2.562552
v 0.3705075 0.6417379 2.562552
v 0.4763154 0.5676505 2.562552
v 0.5676506 0.4763153 2.562552
v 0.6417379 0.3705075 2.562552
v 0.6963265 0.253442 2.562552
v 0.7297574 0.1286759 2.562552
v 0 0.907133 2.537449
v 0.157522 0.8933517 2.537449
v 0.3102578 0.8524263 2.537449
v 0.4535665 0.7856003 2.537449
v 0.5830939 0.6949043 2.537449
v 0.6949043 0.5830939 2.537449
v 0.7856004 0.4535665 2.537449
v 0.8524263 0.3102577 2.537449
v 0.8933517 0.1575219 2.537449
v 0 1.059259 2.511111
v 0.1839384 1.043167 2.511111
v 0.362288 0.9953783 2.511111
v 0.5296296 0.9173453 2.511111
v 0.6808788 0.8114396 2.511111
v 0.8114398 0.6808786 2.511111
v 0.9173455 0.5296296 2.511111
v 0.9953783 0.3622879 2.511111
v 1.043167 0.1839384 2.511111
v 0 1.184225 2.48107
v 0.2056385 1.166234 2.48107
v 0.4050288 1.112808 2.48107
v 0.5921125 1.025569 2.48107
v 0.7612052 0.907169 2.48107
v 0.9071691 0.7612051 2.48107
v 1.025569 0.5921124 2.48107
v 1.112808 0.4050286 2.48107
v 1.166234 0.2056384 2.48107
v 0 1.268861 2.444856
v 0.2203355 1.249584 2.444856
v 0.4339762 1.19234 2.444856
v 0.6344306 1.098866 2.444856
v 0.8156084 0.9720042 2.444856
v 0.9720044 0.8156083 2.444856
v 1.098866 0.6344306 2.444856
v 1.19234 0.4339761 2.444856
v 1.249585 0.2203354 2.444856
v 0 1.3 2.4
v 0.2257426 1.28025 2.4
v 0.4446262 1.2216 2.4
v 0.65 1.125833 2.4
v 0.8356239 0.9958577 2.4
v 0.9958578 0.8356238 2.4
v 1.125833 0.6499999 2.4
v 1.2216 0.444626 2.4
v 1.28025 0.2257425 2.4
v -0.285986 0.05042706 2.655144
v -0.2728847 0.09932191 2.655144
v -0.2514919 0.1451989 2.655144
v -0.2224577 0.1866641 2.655144
v -0.1866641 0.2224577 2.655144
v -0.1451989 0.2514919 2.655144
v -0.09932187 0.2728847 2.655144
v -0.05042703 0.285986 2.655144
v -0.4131059 0.07284173 2.61893
v -0.3941811 0.1434702 2.61893
v -0.3632793 0.2097394 2.61893
v -0.3213394 0.2696357 2.61893
v -0.2696357 0.3213394 2.61893
v -0.2097393 0.3632793 2.61893
v -0.1434701 0.3941812 2.61893
v -0.07284169 0.4131059 2.61893
v -0.5653526 0.09968693 2.588889
v -0.5394532 0.1963449 2.588889
v -0.4971626 0.287037 2.588889
v -0.4397662 0.3690077 2.588889
v -0.3690076 0.4397662 2.588889
v -0.287037 0.4971628 2.588889
v -0.1963448 0.5394532 2.588889
v -0.09968688 0.5653526 2.588889
v -0.7297574 0.128676 2.562552
v -0.6963265 0.2534421 2.562552
v -0.6417379 0.3705075 2.562552
v -0.5676505 0.4763154 2.562552
v -0.4763153 0.5676506 2.562552
v -0.3705075 0.6417379 2.562552
v -0.253442 0.6963265 2.562552
v -0.1286759 0.7297574 2.562552
v -0.8933517 0.157522 2.537449
v -0.8524263 0.3102578 2.537449
v -0.7856003 0.4535665 2.537449
v -0.6949043 0.5830939 2.537449
v -0.5830939 0.6949043 2.537449
v -0.4535665 0.7856004 2.537449
v -0.3102577 0.8524263 2.537449
v -0.1575219 0.8933517 2.537449
v -1.043167 0.1839384 2.511111
v -0.9953783 0.362288 2.511111
v -0.9173453 0.5296296 2.511111
v -0.8114396 0.6808788 2.511111
v -0.6808786 0.8114398 2.511111
v -0.5296296 0.9173455 2.511111
v -0.3622879 0.9953783 2.511111
v -0.1839384 1.043167 2.511111
v -1.166234 0.2056385 2.48107
v -1.112808 0.4050288 2.48107
v -1.025569 0.5921125 2.48107
v -0.907169 0.7612052 2.48107
v -0.7612051 0.9071691 2.48107
v -0.5921124 1.025569 2.48107
v -0.4050286 1.112808 2.48107
v -0.2056384 1.166234 2.48107
v -1.249584 0.2203355 2.444856
v -1.19234 0.4339762 2.444856
v -1.098866 0.6344306 2.444856
v -0.9720042 0.8156084 2.444856
v -0.8156083 0.9720044 2.444856
v -0.6344306 1.098866 2.444856
v -0.4339761 1.19234 2.444856
v -0.2203354 1.249585 2.444856
v -1.28025 0.2257426 2.4
v -1.2216 0.4446262 2.4
v -1.125833 0.65 2.4
v -0.9958577 0.8356239 2.4
v -0.8356238 0.9958578 2.4
v -0.6499999 1.125833 2.4
v -0.444626 1.2216 2.4
v -0.2257425 1.28025 2.4
v -1.4 0 2.4
v -1.378731 -0.2431075 2.4
v -1.31557 -0.4788282 2.4
v -1.212435 -0.7 2.4
v -1.072462 -0.8999027 2.4
v -0.8999026 -1.072462 2.4
v -0.6999999 -1.212436 2.4
v -0.478828 -1.31557 2.4
v -0.2431073 -1.378731 2.4
v 6.119594e-8 -1.4 2.4
v -1.384911 0 2.438889
v -1.363871 -0.2404873 2.438889
v -1.301391 -0.4736675 2.438889
v -1.199368 -0.6924555 2.438889
v -1.060903 -0.8902036 2.438889
v -0.8902035 -1.060903 2.438889
v -0.6924555 -1.199368 2.438889
v -0.4736673 -1.301391 2.438889
v -0.2404871 -1.363871 2.438889
v 6.053637e-8 -1.384911 2.438889
v -1.380213 0 2.468056
v -1.359244 -0.2396714 2.468056
v -1.296976 -0.4720605 2.468056
v -1.195299 -0.6901063 2.468056
v -1.057304 -0.8871836 2.468056
v -0.8871835 -1.057304 2.468056
v -0.6901063 -1.195299 2.468056
v -0.4720604 -1.296976 2.468056
v -0.2396713 -1.359244 2.468056
v 6.033101e-8 -1.380213 2.468056
v -1.384259 0 2.4875
v -1.363229 -0.2403741 2.4875
v -1.300778 -0.4734445 2.4875
v -1.198804 -0.6921296 2.4875
v -1.060404 -0.8897847 2.4875
v -0.8897846 -1.060404 2.4875
v -0.6921295 -1.198804 2.4875
v -0.4734444 -1.300778 2.4875
v -0.240374 -1.363229 2.4875
v 6.050789e-8 -1.384259 2.4875
v -1.395405 0 2.497223
v -1.374205 -0.2423095 2.497223
v -1.311252 -0.4772566 2.497223
v -1.208456 -0.6977024 2.497223
v -1.068942 -0.8969489 2.497223
v -0.8969489 -1.068942 2.497223
v -0.6977023 -1.208456 2.497223
v -0.4772564 -1.311252 2.497223
v -0.2423094 -1.374206 2.497223
v 6.099508e-8 -1.395405 2.497223
v -1.412003 0 2.497222
v -1.390551 -0.2451917 2.497222
v -1.326849 -0.4829334 2.497222
v -1.22283 -0.7060014 2.497222
v -1.081657 -0.9076179 2.497222
v -0.9076179 -1.081657 2.497222
v -0.7060013 -1.22283 2.497222
v -0.4829333 -1.326849 2.497222
v -0.2451916 -1.390551 2.497222
v 6.17206e-8 -1.412003 2.497222
v -1.432407 0 2.4875
v -1.410646 -0.248735 2.4875
v -1.346023 -0.4899122 2.4875
v -1.240501 -0.7162037 2.4875
v -1.097288 -0.9207337 2.4875
v -0.9207337 -1.097288 2.4875
v -0.7162036 -1.240501 2.4875
v -0.4899121 -1.346023 2.4875
v -0.2487348 -1.410646 2.4875
v 6.261251e-8 -1.432407 2.4875
v -1.454973 0 2.468056
v -1.432868 -0.2526534 2.468056
v -1.367227 -0.4976299 2.468056
v -1.260043 -0.7274863 2.468056
v -1.114574 -0.9352384 2.468056
v -0.9352382 -1.114574 2.468056
v -0.7274863 -1.260043 2.468056
v -0.4976298 -1.367227 2.468056
v -0.2526532 -1.432868 2.468056
v 6.359888e-8 -1.454973 2.468056
v -1.478052 0 2.438889
v -1.455597 -0.2566611 2.438889
v -1.388915 -0.5055236 2.438889
v -1.280031 -0.7390261 2.438889
v -1.132254 -0.9500736 2.438889
v -0.9500735 -1.132254 2.438889
v -0.739026 -1.280031 2.438889
v -0.5055234 -1.388915 2.438889
v -0.2566609 -1.455597 2.438889
v 6.46077e-8 -1.478052 2.438889
v -1.5 0 2.4
v -1.477212 -0.2604723 2.4
v -1.409539 -0.5130302 2.4
v -1.299038 -0.75 2.4
v -1.149067 -0.9641814 2.4
v -0.9641814 -1.149067 2.4
v -0.7499999 -1.299038 2.4
v -0.5130301 -1.409539 2.4
v -0.2604721 -1.477212 2.4
v 6.556708e-8 -1.5 2.4
v 0.2431075 -1.378731 2.4
v 0.4788282 -1.31557 2.4
v 0.7 -1.212435 2.4
v 0.8999027 -1.072462 2.4
v 1.072462 -0.8999026 2.4
v 1.212436 -0.6999999 2.4
v 1.31557 -0.478828 2.4
v 1.378731 -0.2431073 2.4
v 1.4 6.119594e-8 2.4
v 0.2404873 -1.363871 2.438889
v 0.4736675 -1.301391 2.438889
v 0.6924555 -1.199368 2.438889
v 0.8902036 -1.060903 2.438889
v 1.060903 -0.8902035 2.438889
v 1.199368 -0.6924555 2.438889
v 1.301391 -0.4736673 2.438889
v 1.363871 -0.2404871 2.438889
v 1.384911 6.053637e-8 2.438889
v 0.2396714 -1.359244 2.468056
v 0.4720605 -1.296976 2.468056
v 0.6901063 -1.195299 2.468056
v 0.8871836 -1.057304 2.468056
v 1.057304 -0.8871835 2.468056
v 1.195299 -0.6901063 2.468056
v 1.296976 -0.4720604 2.468056
v 1.359244 -0.2396713 2.468056
v 1.380213 6.033101e-8 2.468056
v 0.2403741 -1.363229 2.4875
v 0.4734445 -1.300778 2.4875
v 0.6921296 -1.198804 2.4875
v 0.8897847 -1.060404 2.4875
v 1.060404 -0.8897846 2.4875
v 1.198804 -0.6921295 2.4875
v 1.300778 -0.4734444 2.4875
v 1.363229 -0.240374 2.4875
v 1.384259 6.050789e-8 2.4875
v 0.2423095 -1.374205 2.497223
v 0.4772566 -1.311252 2.497223
v 0.6977024 -1.208456 2.497223
v 0.8969489 -1.068942 2.497223
v 1.068942 -0.8969489 2.497223
v 1.208456 -0.6977023 2.497223
v 1.311252 -0.4772564 2.497223
v 1.374206 -0.2423094 2.497223
v 1.395405 6.099508e-8 2.497223
v 0.2451917 -1.390551 2.497222
v 0.4829334 -1.326849 2.497222
v 0.7060014 -1.22283 2.497222
v 0.9076179 -1.081657 2.497222
v 1.081657 -0.9076179 2.497222
v 1.22283 -0.7060013 2.497222
v 1.326849 -0.4829333 2.497222
v 1.390551 -0.2451916 2.497222
v 1.412003 6.17206e-8 2.497222
v 0.248735 -1.410646 2.4875
v 0.4899122 -1.346023 2.4875
v 0.7162037 -1.240501 2.4875
v 0.9207337 -1.097288 2.4875
v 1.097288 -0.9207337 2.4875
v 1.240501 -0.7162036 2.4875
v 1.346023 -0.4899121 2.4875
v 1.410646 -0.2487348 2.4875
v 1.432407 6.261251e-8 2.4875
v 0.2526534 -1.432868 2.468056
v 0.4976299 -1.367227 2.468056
v 0.7274863 -1.260043 2.468056
v 0.9352384 -1.114574 2.468056
v 1.114574 -0.9352382 2.468056
v 1.260043 -0.7274863 2.468056
v 1.367227 -0.4976298 2.468056
v 1.432868 -0.2526532 2.468056
v 1.454973 6.359888e-8 2.468056
v 0.2566611 -1.455597 2.438889
v 0.5055236 -1.388915 2.438889
v 0.7390261 -1.280031 2.438889
v 0.9500736 -1.132254 2.438889
v 1.132254 -0.9500735 2.438889
v 1.280031 -0.739026 2.438889
v 1.388915 -0.5055234 2.438889
v 1.455597 -0.2566609 2.438889
v 1.478052 6.46077e-8 2.438889
v 0.2604723 -1.477212 2.4
v 0.5130302 -1.409539 2.4
v 0.75 -1.299038 2.4
v 0.9641814 -1.149067 2.4
v 1.149067 -0.9641814 2.4
v 1.299038 -0.7499999 2.4
v 1.409539 -0.5130301 2.4
v 1.477212 -0.2604721 2.4
v 1.5 6.556708e-8 2.4
v 0 1.4 2.4
v 0.2431075 1.378731 2.4
v 0.4788282 1.31557 2.4
v 0.7 1.212435 2.4
v 0.8999027 1.072462 2.4
v 1.072462 0.8999026 2.4
v 1.212436 0.6999999 2.4
v 1.31557 0.478828 2.4
v 1.378731 0.2431073 2.4
v 0 1.384911 2.438889
v 0.2404873 1.363871 2.438889
v 0.4736675 1.301391 2.438889
v 0.6924555 1.199368 2.438889
v 0.8902036 1.060903 2.438889
v 1.060903 0.8902035 2.438889
v 1.199368 0.6924555 2.438889
v 1.301391 0.4736673 2.438889
v 1.363871 0.2404871 2.438889
v 0 1.380213 2.468056
v 0.2396714 1.359244 2.468056
v 0.4720605 1.296976 2.468056
v 0.6901063 1.195299 2.468056
v 0.8871836 1.057304 2.468056
v 1.057304 0.8871835 2.468056
v 1.195299 0.6901063 2.468056
v 1.296976 0.4720604 2.468056
v 1.359244 0.2396713 2.468056
v 0 1.384259 2.4875
v 0.2403741 1.363229 2.4875
v 0.4734445 1.300778 2.4875
v 0.6921296 1.198804 2.4875
v 0.8897847 1.060404 2.4875
v 1.060404 0.8897846 2.4875
v 1.198804 0.6921295 2.4875
v 1.300778 0.4734444 2.4875
v 1.363229 0.240374 2.4875
v 0 1.395405 2.497223
v 0.2423095 1.374205 2.497223
v 0.4772566 1.311252 2.497223
v 0.6977024 1.208456 2.497223
v 0.8969489 1.068942 2.497223
v 1.068942 0.8969489 2.497223
v 1.208456 0.6977023 2.497223
v 1.311252 0.4772564 2.497223
v 1.374206 0.2423094 2.497223
v 0 1.412003 2.497222
v 0.2451917 1.390551 2.497222
v 0.4829334 1.326849 2.497222
v 0.7060014 1.22283 2.497222
v 0.9076179 1.081657 2.497222
v 1.081657 0.9076179 2.497222
v 1.22283 0.7060013 2.497222
v 1.326849 0.4829333 2.497222
v 1.390551 0.2451916 2.497222
v 0 1.432407 2.4875
v 0.248735 1.410646 2.4875
v 0.4899122 1.346023 2.4875
v 0.7162037 1.240501 2.4875
v 0.9207337 1.097288 2.4875
v 1.097288 0.9207337 2.4875
v 1.240501 0.7162036 2.4875
v 1.346023 0.4899121 2.4875
v 1.410646 0.2487348 2.4875
v 0 1.454973 2.468056
v 0.2526534 1.432868 2.468056
v 0.4976299 1.367227 2.468056
v 0.7274863 1.260043 2.468056
v 0.9352384 1.114574 2.468056
v 1.114574 0.9352382 2.468056
v 1.260043 0.7274863 2.468056
v 1.367227 0.4976298 2.468056
v 1.432868 0.2526532 2.468056
v 0 1.478052 2.438889
v 0.2566611 1.455597 2.438889
v 0.5055236 1.388915 2.438889
v 0.7390261 1.280031 2.438889
v 0.9500736 1.132254 2.438889
v 1.132254 0.9500735 2.438889
v 1.280031 0.739026 2.438889
v 1.388915 0.5055234 2.438889
v 1.455597 0.2566609 2.438889
v 0 1.5 2.4
v 0.2604723 1.477212 2.4
v 0.5130302 1.409539 2.4
v 0.75 1.299038 2.4
v 0.9641814 1.149067 2.4
v 1.149067 0.9641814 2.4
v 1.299038 0.7499999 2.4
v 1.409539 0.5130301 2.4
v 1.477212 0.2604721 2.4
v -1.378731 0.2431075 2.4
v -1.31557 0.4788282 2.4
v -1.212435 0.7 2.4
v -1.072462 0.8999027 2.4
v -0.8999026 1.072462 2.4
v -0.6999999 1.212436 2.4
v -0.478828 1.31557 2.4
v -0.2431073 1.378731 2.4
v -1.363871 0.2404873 2.438889
v -1.301391 0.4736675 2.438889
v -1.199368 0.6924555 2.438889
v -1.060903 0.8902036 2.438889
v -0.8902035 1.060903 2.438889
v -0.6924555 1.199368 2.438889
v -0.4736673 1.301391 2.438889
v -0.2404871 1.363871 2.438889
v -1.359244 0.2396714 2.468056
v -1.296976 0.4720605 2.468056
v -1.195299 0.6901063 2.468056
v -1.057304 0.8871836 2.468056
v -0.8871835 1.057304 2.468056
v -0.6901063 1.195299 2.468056
v -0.4720604 1.296976 2.468056
v -0.2396713 1.359244 2.468056
v -1.363229 0.2403741 2.4875
v -1.300778 0.4734445 2.4875
v -1.198804 0.6921296 2.4875
v -1.060404 0.8897847 2.4875
v -0.8897846 1.060404 2.4875
v -0.6921295 1.198804 2.4875
v -0.4734444 1.300778 2.4875
v -0.240374 1.363229 2.4875
v -1.374205 0.2423095 2.497223
v -1.311252 0.4772566 2.497223
v -1.208456 0.6977024 2.497223
v -1.068942 0.8969489 2.497223
v -0.8969489 1.068942 2.497223
v -0.6977023 1.208456 2.497223
v -0.4772564 1.311252 2.497223
v -0.2423094 1.374206 2.497223
v -1.390551 0.2451917 2.497222
v -1.326849 0.4829334 2.497222
v -1.22283 0.7060014 2.497222
v -1.081657 0.9076179 2.497222
v -0.9076179 1.081657 2.497222
v -0.7060013 1.22283 2.497222
v -0.4829333 1.326849 2.497222
v -0.2451916 1.390551 2.497222
v -1.410646 0.248735 2.4875
v -1.346023 0.4899122 2.4875
v -1.240501 0.7162037 2.4875
v -1.097288 0.9207337 2.4875
v -0.9207337 1.097288 2.4875
v -0.7162036 1.240501 2.4875
v -0.4899121 1.346023 2.4875
v -0.2487348 1.410646 2.4875
v -1.432868 0.2526534 2.468056
v -1.367227 0.4976299 2.468056
v -1.260043 0.7274863 2.468056
v -1.114574 0.9352384 2.468056
v -0.9352382 1.114574 2.468056
v -0.7274863 1.260043 2.468056
v -0.4976298 1.367227 2.468056
v -0.2526532 1.432868 2.468056
v -1.455597 0.2566611 2.438889
v -1.388915 0.5055236 2.438889
v -1.280031 0.7390261 2.438889
v -1.132254 0.9500736 2.438889
v -0.9500735 1.132254 2.438889
v -0.739026 1.280031 2.438889
v -0.5055234 1.388915 2.438889
v -0.2566609 1.455597 2.438889
v -1.477212 0.2604723 2.4
v -1.409539 0.5130302 2.4
v -1.299038 0.75 2.4
v -1.149067 0.9641814 2.4
v -0.9641814 1.149067 2.4
v -0.7499999 1.299038 2.4
v -0.5130301 1.409539 2.4
v -0.2604721 1.477212 2.4
v -1.558941 -0.2748834 2.225103
v -1.487525 -0.5414147 2.225103
v -1.37091 -0.7914951 2.225103
v -1.212641 -1.017527 2.225103
v -1.017527 -1.212641 2.225103
v -0.7914951 -1.37091 2.225103
v -0.5414144 -1.487525 2.225103
v -0.2748833 -1.558941 2.225103
v 6.919471e-8 -1.58299 2.225103
v -1.638644 -0.2889373 2.050823
v -1.563577 -0.5690953 2.050823
v -1.441 -0.8319616 2.050823
v -1.274639 -1.069549 2.050823
v -1.069549 -1.274639 2.050823
v -0.8319616 -1.441 2.050823
v -0.5690951 -1.563577 2.050823
v -0.2889371 -1.638645 2.050823
v 7.27324e-8 -1.663923 2.050823
v -1.740741 0 1.877778
v -1.714295 -0.3022765 1.877778
v -1.635761 -0.5953684 1.877778
v -1.507526 -0.8703703 1.877778
v -1.333485 -1.118927 1.877778
v -1.118926 -1.333485 1.877778
v -0.8703703 -1.507526 1.877778
v -0.5953681 -1.635761 1.877778
v -0.3022763 -1.714295 1.877778
v 7.609018e-8 -1.740741 1.877778
v -1.811386 0 1.706585
v -1.783867 -0.3145438 1.706585
v -1.702146 -0.6195304 1.706585
v -1.568706 -0.9056929 1.706585
v -1.387602 -1.164336 1.706585
v -1.164336 -1.387602 1.706585
v -0.9056928 -1.568706 1.706585
v -0.6195303 -1.702146 1.706585
v -0.3145437 -1.783867 1.706585
v 7.917819e-8 -1.811386 1.706585
v -1.8738 0 1.53786
v -1.845333 -0.3253819 1.53786
v -1.760796 -0.6408772 1.53786
v -1.622758 -0.9368999 1.53786
v -1.435414 -1.204455 1.53786
v -1.204455 -1.435414 1.53786
v -0.9368998 -1.622758 1.53786
v -0.640877 -1.760796 1.53786
v -0.3253818 -1.845333 1.53786
v 8.190639e-8 -1.8738 1.53786
v -1.925926 0 1.372222
v -1.896667 -0.3344336 1.372222
v -1.809778 -0.6587055 1.372222
v -1.667901 -0.962963 1.372222
v -1.475345 -1.237961 1.372222
v -1.237961 -1.475345 1.372222
v -0.9629629 -1.667901 1.372222
v -0.6587052 -1.809778 1.372222
v -0.3344334 -1.896667 1.372222
v 8.418489e-8 -1.925926 1.372222
v -1.965706 0 1.210288
v -1.935843 -0.3413414 1.210288
v -1.84716 -0.6723113 1.210288
v -1.702352 -0.9828532 1.210288
v -1.505819 -1.263532 1.210288
v -1.263532 -1.505819 1.210288
v -0.9828532 -1.702352 1.210288
v -0.6723109 -1.84716 1.210288
v -0.3413412 -1.935843 1.210288
v 8.592376e-8 -1.965706 1.210288
v -1.991084 0 1.052675
v -1.960835 -0.3457481 1.052675
v -1.871007 -0.6809908 1.052675
v -1.724329 -0.9955418 1.052675
v -1.525259 -1.279844 1.052675
v -1.279844 -1.525259 1.052675
v -0.9955418 -1.724329 1.052675
v -0.6809905 -1.871007 1.052675
v -0.3457479 -1.960835 1.052675
v 8.703304e-8 -1.991084 1.052675
v -1.969615 -0.3472964 0.9
v -1.879385 -0.6840403 0.9
v -1.732051 -1 0.9
v -1.532089 -1.285575 0.9
v -1.285575 -1.532089 0.9
v -0.9999999 -1.732051 0.9
v -0.6840401 -1.879385 0.9
v -0.3472962 -1.969616 0.9
v 8.742278e-8 -2 0.9
v 0.2748834 -1.558941 2.225103
v 0.5414147 -1.487525 2.225103
v 0.7914951 -1.37091 2.225103
v 1.017527 -1.212641 2.225103
v 1.212641 -1.017527 2.225103
v 1.37091 -0.7914951 2.225103
v 1.487525 -0.5414144 2.225103
v 1.558941 -0.2748833 2.225103
v 1.58299 6.919471e-8 2.225103
v 0.2889373 -1.638644 2.050823
v 0.5690953 -1.563577 2.050823
v 0.8319616 -1.441 2.050823
v 1.069549 -1.274639 2.050823
v 1.274639 -1.069549 2.050823
v 1.441 -0.8319616 2.050823
v 1.563577 -0.5690951 2.050823
v 1.638645 -0.2889371 2.050823
v 1.663923 7.27324e-8 2.050823
v 0.3022765 -1.714295 1.877778
v 0.5953684 -1.635761 1.877778
v 0.8703703 -1.507526 1.877778
v 1.118927 -1.333485 1.877778
v 1.333485 -1.118926 1.877778
v 1.507526 -0.8703703 1.877778
v 1.635761 -0.5953681 1.877778
v 1.714295 -0.3022763 1.877778
v 1.740741 7.609018e-8 1.877778
v 0.3145438 -1.783867 1.706585
v 0.6195304 -1.702146 1.706585
v 0.9056929 -1.568706 1.706585
v 1.164336 -1.387602 1.706585
v 1.387602 -1.164336 1.706585
v 1.568706 -0.9056928 1.706585
v 1.702146 -0.6195303 1.706585
v 1.783867 -0.3145437 1.706585
v 1.811386 7.917819e-8 1.706585
v 0.3253819 -1.845333 1.53786
v 0.6408772 -1.760796 1.53786
v 0.9368999 -1.622758 1.53786
v 1.204455 -1.435414 1.53786
v 1.435414 -1.204455 1.53786
v 1.622758 -0.9368998 1.53786
v 1.760796 -0.640877 1.53786
v 1.845333 -0.3253818 1.53786
v 1.8738 8.190639e-8 1.53786
v 0.3344336 -1.896667 1.372222
v 0.6587055 -1.809778 1.372222
v 0.962963 -1.667901 1.372222
v 1.237961 -1.475345 1.372222
v 1.475345 -1.237961 1.372222
v 1.667901 -0.9629629 1.372222
v 1.809778 -0.6587052 1.372222
v 0.3413414 -1.935843 1.210288
v 0.6723113 -1.84716 1.210288
v 0.9828532 -1.702352 1.210288
v 1.263532 -1.505819 1.210288
v 1.505819 -1.263532 1.210288
v 1.702352 -0.9828532 1.210288
v 1.84716 -0.6723109 1.210288
v 0.3457481 -1.960835 1.052675
v 0.6809908 -1.871007 1.052675
v 0.9955418 -1.724329 1.052675
v 1.279844 -1.525259 1.052675
v 1.525259 -1.279844 1.052675
v 1.724329 -0.9955418 1.052675
v 1.871007 -0.6809905 1.052675
v 0.3472964 -1.969615 0.9
v 0.6840403 -1.879385 0.9
v 1 -1.732051 0.9
v 1.285575 -1.532089 0.9
v 1.532089 -1.285575 0.9
v 1.732051 -0.9999999 0.9
v 1.879385 -0.6840401 0.9
v 0 1.58299 2.225103
v 0.2748834 1.558941 2.225103
v 0.5414147 1.487525 2.225103
v 0.7914951 1.37091 2.225103
v 1.017527 1.212641 2.225103
v 1.212641 1.017527 2.225103
v 1.37091 0.7914951 2.225103
v 1.487525 0.5414144 2.225103
v 1.558941 0.2748833 2.225103
v 0 1.663923 2.050823
v 0.2889373 1.638644 2.050823
v 0.5690953 1.563577 2.050823
v 0.8319616 1.441 2.050823
v 1.069549 1.274639 2.050823
v 1.274639 1.069549 2.050823
v 1.441 0.8319616 2.050823
v 1.563577 0.5690951 2.050823
v 1.638645 0.2889371 2.050823
v 0 1.740741 1.877778
v 0.3022765 1.714295 1.877778
v 0.5953684 1.635761 1.877778
v 0.8703703 1.507526 1.877778
v 1.118927 1.333485 1.877778
v 1.333485 1.118926 1.877778
v 1.507526 0.8703703 1.877778
v 1.635761 0.5953681 1.877778
v 1.714295 0.3022763 1.877778
v 0 1.811386 1.706585
v 0.3145438 1.783867 1.706585
v 0.6195304 1.702146 1.706585
v 0.9056929 1.568706 1.706585
v 1.164336 1.387602 1.706585
v 1.387602 1.164336 1.706585
v 1.568706 0.9056928 1.706585
v 1.702146 0.6195303 1.706585
v 1.783867 0.3145437 1.706585
v 0 1.8738 1.53786
v 0.3253819 1.845333 1.53786
v 0.6408772 1.760796 1.53786
v 0.9368999 1.622758 1.53786
v 1.204455 1.435414 1.53786
v 1.435414 1.204455 1.53786
v 1.622758 0.9368998 1.53786
v 1.760796 0.640877 1.53786
v 1.845333 0.3253818 1.53786
v 0 1.925926 1.372222
v 0.3344336 1.896667 1.372222
v 0.6587055 1.809778 1.372222
v 0.962963 1.667901 1.372222
v 1.237961 1.475345 1.372222
v 1.475345 1.237961 1.372222
v 1.667901 0.9629629 1.372222
v 1.809778 0.6587052 1.372222
v 0 1.965706 1.210288
v 0.3413414 1.935843 1.210288
v 0.6723113 1.84716 1.210288
v 0.9828532 1.702352 1.210288
v 1.263532 1.505819 1.210288
v 1.505819 1.263532 1.210288
v 1.702352 0.9828532 1.210288
v 1.84716 0.6723109 1.210288
v 0 1.991084 1.052675
v 0.3457481 1.960835 1.052675
v 0.6809908 1.871007 1.052675
v 0.9955418 1.724329 1.052675
v 1.279844 1.525259 1.052675
v 1.525259 1.279844 1.052675
v 1.724329 0.9955418 1.052675
v 1.871007 0.6809905 1.052675
v 0 2 0.9
v 0.3472964 1.969615 0.9
v 0.6840403 1.879385 0.9
v 1 1.732051 0.9
v 1.285575 1.532089 0.9
v 1.532089 1.285575 0.9
v 1.732051 0.9999999 0.9
v 1.879385 0.6840401 0.9
v -1.558941 0.2748834 2.225103
v -1.487525 0.5414147 2.225103
v -1.37091 0.7914951 2.225103
v -1.212641 1.017527 2.225103
v -1.017527 1.212641 2.225103
v -0.7914951 1.37091 2.225103
v -0.5414144 1.487525 2.225103
v -0.2748833 1.558941 2.225103
v -1.638644 0.2889373 2.050823
v -1.563577 0.5690953 2.050823
v -1.441 0.8319616 2.050823
v -1.274639 1.069549 2.050823
v -1.069549 1.274639 2.050823
v -0.8319616 1.441 2.050823
v -0.5690951 1.563577 2.050823
v -0.2889371 1.638645 2.050823
v -1.714295 0.3022765 1.877778
v -1.635761 0.5953684 1.877778
v -1.507526 0.8703703 1.877778
v -1.333485 1.118927 1.877778
v -1.118926 1.333485 1.877778
v -0.8703703 1.507526 1.877778
v -0.5953681 1.635761 1.877778
v -0.3022763 1.714295 1.877778
v -1.783867 0.3145438 1.706585
v -1.702146 0.6195304 1.706585
v -1.568706 0.9056929 1.706585
v -1.387602 1.164336 1.706585
v -1.164336 1.387602 1.706585
v -0.9056928 1.568706 1.706585
v -0.6195303 1.702146 1.706585
v -0.3145437 1.783867 1.706585
v -1.845333 0.3253819 1.53786
v -1.760796 0.6408772 1.53786
v -1.622758 0.9368999 1.53786
v -1.435414 1.204455 1.53786
v -1.204455 1.435414 1.53786
v -0.9368998 1.622758 1.53786
v -0.640877 1.760796 1.53786
v -0.3253818 1.845333 1.53786
v -1.896667 0.3344336 1.372222
v -1.809778 0.6587055 1.372222
v -1.667901 0.962963 1.372222
v -1.475345 1.237961 1.372222
v -1.237961 1.475345 1.372222
v -0.9629629 1.667901 1.372222
v -0.6587052 1.809778 1.372222
v -0.3344334 1.896667 1.372222
v -1.935843 0.3413414 1.210288
v -1.84716 0.6723113 1.210288
v -1.702352 0.9828532 1.210288
v -1.505819 1.263532 1.210288
v -1.263532 1.505819 1.210288
v -0.9828532 1.702352 1.210288
v -0.6723109 1.84716 1.210288
v -0.3413412 1.935843 1.210288
v -1.960835 0.3457481 1.052675
v -1.871007 0.6809908 1.052675
v -1.724329 0.9955418 1.052675
v -1.525259 1.279844 1.052675
v -1.279844 1.525259 1.052675
v -0.9955418 1.724329 1.052675
v -0.6809905 1.871007 1.052675
v -0.3457479 1.960835 1.052675
v -1.969615 0.3472964 0.9
v -1.879385 0.6840403 0.9
v -1.732051 1 0.9
v -1.532089 1.285575 0.9
v -1.285575 1.532089 0.9
v -0.9999999 1.732051 0.9
v -0.6840401 1.879385 0.9
v -0.3472962 1.969616 0.9
v -1.952729 -0.3443189 0.7582304
v -1.863273 -0.6781758 0.7582304
v -1.717201 -0.9914266 0.7582304
v -1.518954 -1.274553 0.7582304
v -1.274553 -1.518954 0.7582304
v -0.9914265 -1.717201 0.7582304
v -0.6781756 -1.863273 0.7582304
v -0.3443187 -1.952729 0.7582304
v 8.667327e-8 -1.982853 0.7582304
v -1.907474 -0.3363392 0.6325104
v -1.820091 -0.6624588 0.6325104
v -1.677405 -0.96845 0.6325104
v -1.483752 -1.245015 0.6325104
v -1.245015 -1.483752 0.6325104
v -0.96845 -1.677405 0.6325104
v -0.6624586 -1.820091 0.6325104
v -0.336339 -1.907474 0.6325104
v 8.466458e-8 -1.9369 0.6325104
v -1.87037 0 0.5222222
v -1.841955 -0.3247864 0.5222222
v -1.757573 -0.6397043 0.5222222
v -1.619788 -0.9351851 0.5222222
v -1.432787 -1.202251 0.5222222
v -1.202251 -1.432787 0.5222222
v -0.935185 -1.619788 0.5222222
v -0.639704 -1.757573 0.5222222
v -0.3247862 -1.841955 0.5222222
v 8.175647e-8 -1.87037 0.5222222
v -1.791495 0 0.426749
v -1.764279 -0.31109 0.426749
v -1.683455 -0.6127276 0.426749
v -1.551481 -0.8957476 0.426749
v -1.372365 -1.151551 0.426749
v -1.151551 -1.372365 0.426749
v -0.8957476 -1.551481 0.426749
v -0.6127273 -1.683455 0.426749
v -0.3110898 -1.764279 0.426749
v 7.830876e-8 -1.791495 0.426749
v -1.708505 0 0.3454732
v -1.682549 -0.2966788 0.3454732
v -1.605469 -0.5843431 0.3454732
v -1.479609 -0.8542523 0.3454732
v -1.308791 -1.098206 0.3454732
v -1.098206 -1.308791 0.3454732
v -0.8542523 -1.479609 0.3454732
v -0.5843429 -1.605469 0.3454732
v -0.2966786 -1.682549 0.3454732
v 7.468111e-8 -1.708505 0.3454732
v -1.62963 0 0.2777778
v -1.604872 -0.2829822 0.2777778
v -1.531351 -0.5573661 0.2777778
v -1.411301 -0.8148148 0.2777778
v -1.248369 -1.047506 0.2777778
v -1.047506 -1.248369 0.2777778
v -0.8148147 -1.411301 0.2777778
v -0.5573659 -1.531351 0.2777778
v -0.2829821 -1.604872 0.2777778
v 7.123337e-8 -1.62963 0.2777778
v -1.5631 0 0.2230453
v -1.539353 -0.2714295 0.2230453
v -1.468834 -0.5346118 0.2230453
v -1.353684 -0.78155 0.2230453
v -1.197404 -1.004741 0.2230453
v -1.004741 -1.197404 0.2230453
v -0.78155 -1.353684 0.2230453
v -0.5346115 -1.468834 0.2230453
v -0.2714294 -1.539353 0.2230453
v 6.832528e-8 -1.5631 0.2230453
v -1.517147 0 0.1806584
v -1.494098 -0.2634498 0.1806584
v -1.425652 -0.5188948 0.1806584
v -1.313888 -0.7585734 0.1806584
v -1.162202 -0.9752032 0.1806584
v -0.9752031 -1.162202 0.1806584
v -0.7585734 -1.313888 0.1806584
v -0.5188946 -1.425652 0.1806584
v -0.2634497 -1.494098 0.1806584
v 6.631659e-8 -1.517147 0.1806584
v -1.5 0 0.15
v -1.477212 -0.2604723 0.15
v -1.409539 -0.5130302 0.15
v -1.299038 -0.75 0.15
v -1.149067 -0.9641814 0.15
v -0.9641814 -1.149067 0.15
v -0.7499999 -1.299038 0.15
v -0.5130301 -1.409539 0.15
v -0.2604721 -1.477212 0.15
v 6.556708e-8 -1.5 0.15
v 0.3443189 -1.952729 0.7582304
v 0.6781758 -1.863273 0.7582304
v 0.9914266 -1.717201 0.7582304
v 1.274553 -1.518954 0.7582304
v 1.518954 -1.274553 0.7582304
v 1.717201 -0.9914265 0.7582304
v 1.863273 -0.6781756 0.7582304
v 0.3363392 -1.907474 0.6325104
v 0.6624588 -1.820091 0.6325104
v 0.96845 -1.677405 0.6325104
v 1.245015 -1.483752 0.6325104
v 1.483752 -1.245015 0.6325104
v 1.677405 -0.96845 0.6325104
v 1.820091 -0.6624586 0.6325104
v 1.907474 -0.336339 0.6325104
v 1.9369 8.466458e-8 0.6325104
v 0.3247864 -1.841955 0.5222222
v 0.6397043 -1.757573 0.5222222
v 0.9351851 -1.619788 0.5222222
v 1.202251 -1.432787 0.5222222
v 1.432787 -1.202251 0.5222222
v 1.619788 -0.935185 0.5222222
v 1.757573 -0.639704 0.5222222
v 1.841955 -0.3247862 0.5222222
v 1.87037 8.175647e-8 0.5222222
v 0.31109 -1.764279 0.426749
v 0.6127276 -1.683455 0.426749
v 0.8957476 -1.551481 0.426749
v 1.151551 -1.372365 0.426749
v 1.372365 -1.151551 0.426749
v 1.551481 -0.8957476 0.426749
v 1.683455 -0.6127273 0.426749
v 1.764279 -0.3110898 0.426749
v 1.791495 7.830876e-8 0.426749
v 0.2966788 -1.682549 0.3454732
v 0.5843431 -1.605469 0.3454732
v 0.8542523 -1.479609 0.3454732
v 1.098206 -1.308791 0.3454732
v 1.308791 -1.098206 0.3454732
v 1.479609 -0.8542523 0.3454732
v 1.605469 -0.5843429 0.3454732
v 1.682549 -0.2966786 0.3454732
v 1.708505 7.468111e-8 0.3454732
v 0.2829822 -1.604872 0.2777778
v 0.5573661 -1.531351 0.2777778
v 0.8148148 -1.411301 0.2777778
v 1.047506 -1.248369 0.2777778
v 1.248369 -1.047506 0.2777778
v 1.411301 -0.8148147 0.2777778
v 1.531351 -0.5573659 0.2777778
v 1.604872 -0.2829821 0.2777778
v 1.62963 7.123337e-8 0.2777778
v 0.2714295 -1.539353 0.2230453
v 0.5346118 -1.468834 0.2230453
v 0.78155 -1.353684 0.2230453
v 1.004741 -1.197404 0.2230453
v 1.197404 -1.004741 0.2230453
v 1.353684 -0.78155 0.2230453
v 1.468834 -0.5346115 0.2230453
v 1.539353 -0.2714294 0.2230453
v 1.5631 6.832528e-8 0.2230453
v 0.2634498 -1.494098 0.1806584
v 0.5188948 -1.425652 0.1806584
v 0.7585734 -1.313888 0.1806584
v 0.9752032 -1.162202 0.1806584
v 1.162202 -0.9752031 0.1806584
v 1.313888 -0.7585734 0.1806584
v 1.425652 -0.5188946 0.1806584
v 1.494098 -0.2634497 0.1806584
v 1.517147 6.631659e-8 0.1806584
v 0.2604723 -1.477212 0.15
v 0.5130302 -1.409539 0.15
v 0.75 -1.299038 0.15
v 0.9641814 -1.149067 0.15
v 1.149067 -0.9641814 0.15
v 1.299038 -0.7499999 0.15
v 1.409539 -0.5130301 0.15
v 1.477212 -0.2604721 0.15
v 1.5 6.556708e-8 0.15
v 0 1.982853 0.7582304
v 0.3443189 1.952729 0.7582304
v 0.6781758 1.863273 0.7582304
v 0.9914266 1.717201 0.7582304
v 1.274553 1.518954 0.7582304
v 1.518954 1.274553 0.7582304
v 1.717201 0.9914265 0.7582304
v 1.863273 0.6781756 0.7582304
v 0 1.9369 0.6325104
v 0.3363392 1.907474 0.6325104
v 0.6624588 1.820091 0.6325104
v 0.96845 1.677405 0.6325104
v 1.245015 1.483752 0.6325104
v 1.483752 1.245015 0.6325104
v 1.677405 0.96845 0.6325104
v 1.820091 0.6624586 0.6325104
v 1.907474 0.336339 0.6325104
v 0 1.87037 0.5222222
v 0.3247864 1.841955 0.5222222
v 0.6397043 1.757573 0.5222222
v 0.9351851 1.619788 0.5222222
v 1.202251 1.432787 0.5222222
v 1.432787 1.202251 0.5222222
v 1.619788 0.935185 0.5222222
v 1.757573 0.639704 0.5222222
v 1.841955 0.3247862 0.5222222
v 0 1.791495 0.426749
v 0.31109 1.764279 0.426749
v 0.6127276 1.683455 0.426749
v 0.8957476 1.551481 0.426749
v 1.151551 1.372365 0.426749
v 1.372365 1.151551 0.426749
v 1.551481 0.8957476 0.426749
v 1.683455 0.6127273 0.426749
v 1.764279 0.3110898 0.426749
v 0 1.708505 0.3454732
v 0.2966788 1.682549 0.3454732
v 0.5843431 1.605469 0.3454732
v 0.8542523 1.479609 0.3454732
v 1.098206 1.308791 0.3454732
v 1.308791 1.098206 0.3454732
v 1.479609 0.8542523 0.3454732
v 1.605469 0.5843429 0.3454732
v 1.682549 0.2966786 0.3454732
v 0 1.62963 0.2777778
v 0.2829822 1.604872 0.2777778
v 0.5573661 1.531351 0.2777778
v 0.8148148 1.411301 0.2777778
v 1.047506 1.248369 0.2777778
v 1.248369 1.047506 0.2777778
v 1.411301 0.8148147 0.2777778
v 1.531351 0.5573659 0.2777778
v 1.604872 0.2829821 0.2777778
v 0 1.5631 0.2230453
v 0.2714295 1.539353 0.2230453
v 0.5346118 1.468834 0.2230453
v 0.78155 1.353684 0.2230453
v 1.004741 1.197404 0.2230453
v 1.197404 1.004741 0.2230453
v 1.353684 0.78155 0.2230453
v 1.468834 0.5346115 0.2230453
v 1.539353 0.2714294 0.2230453
v 0 1.517147 0.1806584
v 0.2634498 1.494098 0.1806584
v 0.5188948 1.425652 0.1806584
v 0.7585734 1.313888 0.1806584
v 0.9752032 1.162202 0.1806584
v 1.162202 0.9752031 0.1806584
v 1.313888 0.7585734 0.1806584
v 1.425652 0.5188946 0.1806584
v 1.494098 0.2634497 0.1806584
v 0 1.5 0.15
v 0.2604723 1.477212 0.15
v 0.5130302 1.409539 0.15
v 0.75 1.299038 0.15
v 0.9641814 1.149067 0.15
v 1.149067 0.9641814 0.15
v 1.299038 0.7499999 0.15
v 1.409539 0.5130301 0.15
v 1.477212 0.2604721 0.15
v -1.952729 0.3443189 0.7582304
v -1.863273 0.6781758 0.7582304
v -1.717201 0.9914266 0.7582304
v -1.518954 1.274553 0.7582304
v -1.274553 1.518954 0.7582304
v -0.9914265 1.717201 0.7582304
v -0.6781756 1.863273 0.7582304
v -0.3443187 1.952729 0.7582304
v -1.907474 0.3363392 0.6325104
v -1.820091 0.6624588 0.6325104
v -1.677405 0.96845 0.6325104
v -1.483752 1.245015 0.6325104
v -1.245015 1.483752 0.6325104
v -0.96845 1.677405 0.6325104
v -0.6624586 1.820091 0.6325104
v -0.336339 1.907474 0.6325104
v -1.841955 0.3247864 0.5222222
v -1.757573 0.6397043 0.5222222
v -1.619788 0.9351851 0.5222222
v -1.432787 1.202251 0.5222222
v -1.202251 1.432787 0.5222222
v -0.935185 1.619788 0.5222222
v -0.639704 1.757573 0.5222222
v -0.3247862 1.841955 0.5222222
v -1.764279 0.31109 0.426749
v -1.683455 0.6127276 0.426749
v -1.551481 0.8957476 0.426749
v -1.372365 1.151551 0.426749
v -1.151551 1.372365 0.426749
v -0.8957476 1.551481 0.426749
v -0.6127273 1.683455 0.426749
v -0.3110898 1.764279 0.426749
v -1.682549 0.2966788 0.3454732
v -1.605469 0.5843431 0.3454732
v -1.479609 0.8542523 0.3454732
v -1.308791 1.098206 0.3454732
v -1.098206 1.308791 0.3454732
v -0.8542523 1.479609 0.3454732
v -0.5843429 1.605469 0.3454732
v -0.2966786 1.682549 0.3454732
v -1.604872 0.2829822 0.2777778
v -1.531351 0.5573661 0.2777778
v -1.411301 0.8148148 0.2777778
v -1.248369 1.047506 0.2777778
v -1.047506 1.248369 0.2777778
v -0.8148147 1.411301 0.2777778
v -0.5573659 1.531351 0.2777778
v -0.2829821 1.604872 0.2777778
v -1.539353 0.2714295 0.2230453
v -1.468834 0.5346118 0.2230453
v -1.353684 0.78155 0.2230453
v -1.197404 1.004741 0.2230453
v -1.004741 1.197404 0.2230453
v -0.78155 1.353684 0.2230453
v -0.5346115 1.468834 0.2230453
v -0.2714294 1.539353 0.2230453
v -1.494098 0.2634498 0.1806584
v -1.425652 0.5188948 0.1806584
v -1.313888 0.7585734 0.1806584
v -1.162202 0.9752032 0.1806584
v -0.9752031 1.162202 0.1806584
v -0.7585734 1.313888 0.1806584
v -0.5188946 1.425652 0.1806584
v -0.2634497 1.494098 0.1806584
v -1.477212 0.2604723 0.15
v -1.409539 0.5130302 0.15
v -1.299038 0.75 0.15
v -1.149067 0.9641814 0.15
v -0.9641814 1.149067 0.15
v -0.7499999 1.299038 0.15
v -0.5130301 1.409539 0.15
v -0.2604721 1.477212 0.15
v -1.495473 0 0.1251029
v -1.472754 -0.2596862 0.1251029
v -1.405285 -0.511482 0.1251029
v -1.295118 -0.7477366 0.1251029
v -1.145599 -0.9612717 0.1251029
v -0.9612716 -1.145599 0.1251029
v -0.7477366 -1.295118 0.1251029
v -0.5114818 -1.405285 0.1251029
v -0.2596861 -1.472754 0.1251029
v 6.536921e-8 -1.495473 0.1251029
v -1.474897 0 0.1008231
v -1.45249 -0.2561133 0.1008231
v -1.38595 -0.5044446 0.1008231
v -1.277298 -0.7374486 0.1008231
v -1.129837 -0.9480457 0.1008231
v -0.9480457 -1.129837 0.1008231
v -0.7374486 -1.277298 0.1008231
v -0.5044444 -1.38595 0.1008231
v -0.2561131 -1.45249 0.1008231
v 6.44698e-8 -1.474897 0.1008231
v -1.427778 0 0.07777777
v -1.406086 -0.247931 0.07777777
v -1.341672 -0.4883287 0.07777777
v -1.236492 -0.7138888 0.07777777
v -1.093741 -0.9177577 0.07777777
v -0.9177577 -1.093741 0.07777777
v -0.7138888 -1.236492 0.07777777
v -0.4883286 -1.341672 0.07777777
v -0.2479309 -1.406086 0.07777777
v 6.241014e-8 -1.427778 0.07777777
v -1.343621 0 0.05658437
v -1.323209 -0.2333175 0.05658437
v -1.262591 -0.4595457 0.05658437
v -1.16361 -0.6718107 0.05658437
v -1.029274 -0.8636633 0.05658437
v -0.8636632 -1.029274 0.05658437
v -0.6718107 -1.16361 0.05658437
v -0.4595455 -1.262591 0.05658437
v -0.2333173 -1.323209 0.05658437
v 5.873157e-8 -1.343621 0.05658437
v -1.211934 0 0.03786008
v -1.193522 -0.2104502 0.03786008
v -1.138845 -0.4145059 0.03786008
v -1.049566 -0.605967 0.03786008
v -0.9283954 -0.7790163 0.03786008
v -0.7790162 -0.9283954 0.03786008
v -0.605967 -1.049566 0.03786008
v -0.4145057 -1.138845 0.03786008
v -0.2104501 -1.193522 0.03786008
v 5.297532e-8 -1.211934 0.03786008
v -1.022222 0 0.02222222
v -1.006692 -0.177507 0.02222222
v -0.9605746 -0.3496206 0.02222222
v -0.8852704 -0.5111111 0.02222222
v -0.7830676 -0.6570718 0.02222222
v -0.6570717 -0.7830677 0.02222222
v -0.511111 -0.8852704 0.02222222
v -0.3496205 -0.9605746 0.02222222
v -0.1775069 -1.006692 0.02222222
v 4.468275e-8 -1.022222 0.02222222
v -0.7639917 0 0.01028806
v -0.7523849 -0.1326658 0.01028806
v -0.7179174 -0.2613006 0.01028806
v -0.6616362 -0.3819959 0.01028806
v -0.5852516 -0.4910845 0.01028806
v -0.4910844 -0.5852516 0.01028806
v -0.3819958 -0.6616364 0.01028806
v -0.2613005 -0.7179174 0.01028806
v -0.1326657 -0.752385 0.01028806
v 3.339514e-8 -0.7639917 0.01028806
v -0.4267489 0 0.002674897
v -0.4202656 -0.07410419 0.002674897
v -0.4010128 -0.1459567 0.002674897
v -0.3695754 -0.2133745 0.002674897
v -0.3269086 -0.2743089 0.002674897
v -0.2743089 -0.3269087 0.002674897
v -0.2133744 -0.3695754 0.002674897
v -0.1459567 -0.4010128 0.002674897
v -0.07410415 -0.4202657 0.002674897
v 1.865379e-8 -0.4267489 0.002674897
v 0 0 0
v 0.2596862 -1.472754 0.1251029
v 0.511482 -1.405285 0.1251029
v 0.7477366 -1.295118 0.1251029
v 0.9612717 -1.145599 0.1251029
v 1.145599 -0.9612716 0.1251029
v 1.295118 -0.7477366 0.1251029
v 1.405285 -0.5114818 0.1251029
v 1.472754 -0.2596861 0.1251029
v 1.495473 6.536921e-8 0.1251029
v 0.2561133 -1.45249 0.1008231
v 0.5044446 -1.38595 0.1008231
v 0.7374486 -1.277298 0.1008231
v 0.9480457 -1.129837 0.1008231
v 1.129837 -0.9480457 0.1008231
v 1.277298 -0.7374486 0.1008231
v 1.38595 -0.5044444 0.1008231
v 1.45249 -0.2561131 0.1008231
v 1.474897 6.44698e-8 0.1008231
v 0.247931 -1.406086 0.07777777
v 0.4883287 -1.341672 0.07777777
v 0.7138888 -1.236492 0.07777777
v 0.9177577 -1.093741 0.07777777
v 1.093741 -0.9177577 0.07777777
v 1.236492 -0.7138888 0.07777777
v 1.341672 -0.4883286 0.07777777
v 1.406086 -0.2479309 0.07777777
v 1.427778 6.241014e-8 0.07777777
v 0.2333175 -1.323209 0.05658437
v 0.4595457 -1.262591 0.05658437
v 0.6718107 -1.16361 0.05658437
v 0.8636633 -1.029274 0.05658437
v 1.029274 -0.8636632 0.05658437
v 1.16361 -0.6718107 0.05658437
v 1.262591 -0.4595455 0.05658437
v 1.323209 -0.2333173 0.05658437
v 1.343621 5.873157e-8 0.05658437
v 0.2104502 -1.193522 0.03786008
v 0.4145059 -1.138845 0.03786008
v 0.605967 -1.049566 0.03786008
v 0.7790163 -0.9283954 0.03786008
v 0.9283954 -0.7790162 0.03786008
v 1.049566 -0.605967 0.03786008
v 1.138845 -0.4145057 0.03786008
v 1.193522 -0.2104501 0.03786008
v 1.211934 5.297532e-8 0.03786008
v 0.177507 -1.006692 0.02222222
v 0.3496206 -0.9605746 0.02222222
v 0.5111111 -0.8852704 0.02222222
v 0.6570718 -0.7830676 0.02222222
v 0.7830677 -0.6570717 0.02222222
v 0.8852704 -0.511111 0.02222222
v 0.9605746 -0.3496205 0.02222222
v 1.006692 -0.1775069 0.02222222
v 1.022222 4.468275e-8 0.02222222
v 0.1326658 -0.7523849 0.01028806
v 0.2613006 -0.7179174 0.01028806
v 0.3819959 -0.6616362 0.01028806
v 0.4910845 -0.5852516 0.01028806
v 0.5852516 -0.4910844 0.01028806
v 0.6616364 -0.3819958 0.01028806
v 0.7179174 -0.2613005 0.01028806
v 0.752385 -0.1326657 0.01028806
v 0.7639917 3.339514e-8 0.01028806
v 0.07410419 -0.4202656 0.002674897
v 0.1459567 -0.4010128 0.002674897
v 0.2133745 -0.3695754 0.002674897
v 0.2743089 -0.3269086 0.002674897
v 0.3269087 -0.2743089 0.002674897
v 0.3695754 -0.2133744 0.002674897
v 0.4010128 -0.1459567 0.002674897
v 0.4202657 -0.07410415 0.002674897
v 0.4267489 1.865379e-8 0.002674897
v 0 1.495473 0.1251029
v 0.2596862 1.472754 0.1251029
v 0.511482 1.405285 0.1251029
v 0.7477366 1.295118 0.1251029
v 0.9612717 1.145599 0.1251029
v 1.145599 0.9612716 0.1251029
v 1.295118 0.7477366 0.1251029
v 1.405285 0.5114818 0.1251029
v 1.472754 0.2596861 0.1251029
v 0 1.474897 0.1008231
v 0.2561133 1.45249 0.1008231
v 0.5044446 1.38595 0.1008231
v 0.7374486 1.277298 0.1008231
v 0.9480457 1.129837 0.1008231
v 1.129837 0.9480457 0.1008231
v 1.277298 0.7374486 0.1008231
v 1.38595 0.5044444 0.1008231
v 1.45249 0.2561131 0.1008231
v 0 1.427778 0.07777777
v 0.247931 1.406086 0.07777777
v 0.4883287 1.341672 0.07777777
v 0.7138888 1.236492 0.07777777
v 0.9177577 1.093741 0.07777777
v 1.093741 0.9177577 0.07777777
v 1.236492 0.7138888 0.07777777
v 1.341672 0.4883286 0.07777777
v 1.406086 0.2479309 0.07777777
v 0 1.343621 0.05658437
v 0.2333175 1.323209 0.05658437
v 0.4595457 1.262591 0.05658437
v 0.6718107 1.16361 0.05658437
v 0.8636633 1.029274 0.05658437
v 1.029274 0.8636632 0.05658437
v 1.16361 0.6718107 0.05658437
v 1.262591 0.4595455 0.05658437
v 1.323209 0.2333173 0.05658437
v 0 1.211934 0.03786008
v 0.2104502 1.193522 0.03786008
v 0.4145059 1.138845 0.03786008
v 0.605967 1.049566 0.03786008
v 0.7790163 0.9283954 0.03786008
v 0.9283954 0.7790162 0.03786008
v 1.049566 0.605967 0.03786008
v 1.138845 0.4145057 0.03786008
v 1.193522 0.2104501 0.03786008
v 0 1.022222 0.02222222
v 0.177507 1.006692 0.02222222
v 0.3496206 0.9605746 0.02222222
v 0.5111111 0.8852704 0.02222222
v 0.6570718 0.7830676 0.02222222
v 0.7830677 0.6570717 0.02222222
v 0.8852704 0.511111 0.02222222
v 0.9605746 0.3496205 0.02222222
v 1.006692 0.1775069 0.02222222
v 0 0.7639917 0.01028806
v 0.1326658 0.7523849 0.01028806
v 0.2613006 0.7179174 0.01028806
v 0.3819959 0.6616362 0.01028806
v 0.4910845 0.5852516 0.01028806
v 0.5852516 0.4910844 0.01028806
v 0.6616364 0.3819958 0.01028806
v 0.7179174 0.2613005 0.01028806
v 0.752385 0.1326657 0.01028806
v 0 0.4267489 0.002674897
v 0.07410419 0.4202656 0.002674897
v 0.1459567 0.4010128 0.002674897
v 0.2133745 0.3695754 0.002674897
v 0.2743089 0.3269086 0.002674897
v 0.3269087 0.2743089 0.002674897
v 0.3695754 0.2133744 0.002674897
v 0.4010128 0.1459567 0.002674897
v 0.4202657 0.07410415 0.002674897
v -1.472754 0.2596862 0.1251029
v -1.405285 0.511482 0.1251029
v -1.295118 0.7477366 0.1251029
v -1.145599 0.9612717 0.1251029
v -0.9612716 1.145599 0.1251029
v -0.7477366 1.295118 0.1251029
v -0.5114818 1.405285 0.1251029
v -0.2596861 1.472754 0.1251029
v -1.45249 0.2561133 0.1008231
v -1.38595 0.5044446 0.1008231
v -1.277298 0.7374486 0.1008231
v -1.129837 0.9480457 0.1008231
v -0.9480457 1.129837 0.1008231
v -0.7374486 1.277298 0.1008231
v -0.5044444 1.38595 0.1008231
v -0.2561131 1.45249 0.1008231
v -1.406086 0.247931 0.07777777
v -1.341672 0.4883287 0.07777777
v -1.236492 0.7138888 0.07777777
v -1.093741 0.9177577 0.07777777
v -0.9177577 1.093741 0.07777777
v -0.7138888 1.236492 0.07777777
v -0.4883286 1.341672 0.07777777
v -0.2479309 1.406086 0.07777777
v -1.323209 0.2333175 0.05658437
v -1.262591 0.4595457 0.05658437
v -1.16361 0.6718107 0.05658437
v -1.029274 0.8636633 0.05658437
v -0.8636632 1.029274 0.05658437
v -0.6718107 1.16361 0.05658437
v -0.4595455 1.262591 0.05658437
v -0.2333173 1.323209 0.05658437
v -1.193522 0.2104502 0.03786008
v -1.138845 0.4145059 0.03786008
v -1.049566 0.605967 0.03786008
v -0.9283954 0.7790163 0.03786008
v -0.7790162 0.9283954 0.03786008
v -0.605967 1.049566 0.03786008
v -0.4145057 1.138845 0.03786008
v -0.2104501 1.193522 0.03786008
v -1.006692 0.177507 0.02222222
v -0.9605746 0.3496206 0.02222222
v -0.8852704 0.5111111 0.02222222
v -0.7830676 0.6570718 0.02222222
v -0.6570717 0.7830677 0.02222222
v -0.511111 0.8852704 0.02222222
v -0.3496205 0.9605746 0.02222222
v -0.1775069 1.006692 0.02222222
v -0.7523849 0.1326658 0.01028806
v -0.7179174 0.2613006 0.01028806
v -0.6616362 0.3819959 0.01028806
v -0.5852516 0.4910845 0.01028806
v -0.4910844 0.5852516 0.01028806
v -0.3819958 0.6616364 0.01028806
v -0.2613005 0.7179174 0.01028806
v -0.1326657 0.752385 0.01028806
v -0.4202656 0.07410419 0.002674897
v -0.4010128 0.1459567 0.002674897
v -0.3695754 0.2133745 0.002674897
v -0.3269086 0.2743089 0.002674897
v -0.2743089 0.3269087 0.002674897
v -0.2133744 0.3695754 0.002674897
v -0.1459567 0.4010128 0.002674897
v -0.07410415 0.4202657 0.002674897
v 1.980788 0 1.323619
v 1.983893 -0.1148337 1.306752
v 1.992214 -0.200959 1.261547
v 2.004261 -0.2583758 1.196102
v 2.018545 -0.2870843 1.118512
v 2.033572 -0.2870843 1.036875
v 2.047855 -0.2583758 0.9592847
v 2.059902 -0.200959 0.8938396
v 2.068223 -0.1148337 0.8486352
v 2.071328 0 0.8317679
v 2.179688 0 1.401276
v 2.184712 -0.1081347 1.386848
v 2.198175 -0.1892358 1.34818
v 2.217667 -0.2433031 1.292197
v 2.240775 -0.2703369 1.225826
v 2.265089 -0.2703368 1.155992
v 2.288197 -0.2433031 1.08962
v 2.307689 -0.1892358 1.033637
v 2.321152 -0.1081347 0.9949689
v 2.326175 0 0.9805404
v 2.314807 0 1.512061
v 2.320902 -0.09843621 1.500335
v 2.337237 -0.1722634 1.46891
v 2.360884 -0.2214814 1.423413
v 2.388921 -0.2460905 1.369474
v 2.41842 -0.2460905 1.31272
v 2.446456 -0.2214814 1.258781
v 2.470104 -0.1722633 1.213285
v 2.486438 -0.09843619 1.181859
v 2.492533 0 1.170133
v 2.40425 0 1.647537
v 2.410908 -0.08693798 1.638598
v 2.428751 -0.1521415 1.614643
v 2.454584 -0.1956104 1.579961
v 2.485211 -0.217345 1.538844
v 2.517435 -0.2173449 1.495581
v 2.548061 -0.1956104 1.454463
v 2.573894 -0.1521415 1.419781
v 2.591738 -0.08693797 1.395826
v 2.598395 0 1.386888
v 2.466121 0 1.799266
v 2.473173 -0.07483981 1.793021
v 2.492072 -0.1309697 1.776282
v 2.519433 -0.1683896 1.752049
v 2.551872 -0.1870995 1.72332
v 2.586002 -0.1870995 1.69309
v 2.618441 -0.1683896 1.66436
v 2.645802 -0.1309696 1.640127
v 2.664701 -0.0748398 1.623389
v 2.671753 0 1.617143
v 2.518526 0 1.958814
v 2.526142 -0.06334156 1.954988
v 2.546552 -0.1108477 1.944734
v 2.5761 -0.1425185 1.929888
v 2.611133 -0.1583539 1.912287
v 2.647993 -0.1583539 1.893768
v 2.683025 -0.1425185 1.876168
v 2.712574 -0.1108477 1.861322
v 2.732984 -0.06334155 1.851068
v 2.7406 0 1.847242
v 2.579571 0 2.117743
v 2.588259 -0.05364305 2.115884
v 2.611545 -0.09387533 2.110901
v 2.645256 -0.1206968 2.103686
v 2.685224 -0.1341076 2.095133
v 2.727276 -0.1341076 2.086133
v 2.767243 -0.1206968 2.07758
v 2.800954 -0.09387532 2.070366
v 2.82424 -0.05364303 2.065383
v 2.832928 0 2.063524
v 2.66736 0 2.267617
v 2.677969 -0.04694407 2.267093
v 2.706403 -0.08215212 2.265688
v 2.747567 -0.1056241 2.263653
v 2.796371 -0.1173602 2.261242
v 2.847721 -0.1173602 2.258705
v 2.896523 -0.1056242 2.256293
v 2.937688 -0.08215211 2.254259
v 2.966122 -0.04694406 2.252854
v 2.976731 0 2.252329
v 2.8 0 2.4
v 3.2 0 2.4
v 1.864061 0 1.308614
v 1.855619 -0.1159632 1.289541
v 1.856161 -0.2029957 1.241322
v 1.863737 -0.2609733 1.172463
v 1.874236 -0.2853 1.104354
v 1.875471 -0.289891 1.0914
v 1.875554 -0.2898903 1.090967
v 1.868208 -0.2901821 1.002161
v 1.86841 -0.2853822 0.9883024
v 1.86468 -0.2613374 0.917577
v 1.864011 -0.2327202 0.8824263
v 1.851323 -0.2034941 0.8434492
v 1.837642 -0.116399 0.7908388
v 1.841809 0 0.7736266
v 1.835009 3.238722e-8 1.307485
v 1.815722 4.520704e-8 1.31978
v 1.804705 7.888617e-8 1.346601
v 1.827213 -0.1162275 1.288689
v 1.808501 -0.1215136 1.299451
v 1.797831 -0.1325999 1.323096
v 1.828869 -0.2041815 1.240289
v 1.811116 -0.2132652 1.247252
v 1.801147 -0.2323762 1.263193
v 1.837702 -0.2630652 1.170883
v 1.821071 -0.2737014 1.173988
v 1.811953 -0.2961258 1.18172
v 1.84925 -0.2880691 1.102259
v 1.833597 -0.2990109 1.102728
v 1.825201 -0.3218321 1.104651
v 1.850658 -0.2928146 1.089172
v 1.835207 -0.3038458 1.089164
v 1.826932 -0.3266763 1.090045
v 1.850747 -0.2928185 1.088735
v 1.835302 -0.3038495 1.088712
v 1.827033 -0.3266766 1.089561
v 1.844829 -0.2940305 0.9996487
v 1.830884 -0.305106 0.9972591
v 1.823455 -0.3267633 0.9925741
v 1.845267 -0.2893774 0.9856426
v 1.831555 -0.300368 0.9828039
v 1.824257 -0.3216655 0.9771798
v 1.842803 -0.2660376 0.9139595
v 1.83047 -0.2766383 0.9088054
v 1.823732 -0.2958574 0.8988664
v 1.843012 -0.2374608 0.8777788
v 1.83148 -0.2471481 0.8709852
v 1.825065 -0.2641591 0.8583403
v 1.831109 -0.2082287 0.8379434
v 1.820453 -0.2170508 0.8295971
v 1.814114 -0.2318365 0.8146394
v 1.81893 -0.1192493 0.7831028
v 1.809658 -0.1241459 0.7718214
v 1.803412 -0.1318902 0.7529659
v 1.823457 0 0.7648605
v 1.814596 0 0.7523692
v 1.808338 0 0.7319915
v 1.983893 0.1148337 1.306752
v 1.992214 0.200959 1.261547
v 2.004261 0.2583758 1.196102
v 2.018545 0.2870843 1.118512
v 2.033572 0.2870843 1.036875
v 2.047855 0.2583758 0.9592847
v 2.059902 0.200959 0.8938396
v 2.068223 0.1148337 0.8486352
v 2.184712 0.1081347 1.386848
v 2.198175 0.1892358 1.34818
v 2.217667 0.2433031 1.292197
v 2.240775 0.2703369 1.225826
v 2.265089 0.2703368 1.155992
v 2.288197 0.2433031 1.08962
v 2.307689 0.1892358 1.033637
v 2.321152 0.1081347 0.9949689
v 2.320902 0.09843621 1.500335
v 2.337237 0.1722634 1.46891
v 2.360884 0.2214814 1.423413
v 2.388921 0.2460905 1.369474
v 2.41842 0.2460905 1.31272
v 2.446456 0.2214814 1.258781
v 2.470104 0.1722633 1.213285
v 2.486438 0.09843619 1.181859
v 2.410908 0.08693798 1.638598
v 2.428751 0.1521415 1.614643
v 2.454584 0.1956104 1.579961
v 2.485211 0.217345 1.538844
v 2.517435 0.2173449 1.495581
v 2.548061 0.1956104 1.454463
v 2.573894 0.1521415 1.419781
v 2.591738 0.08693797 1.395826
v 2.473173 0.07483981 1.793021
v 2.492072 0.1309697 1.776282
v 2.519433 0.1683896 1.752049
v 2.551872 0.1870995 1.72332
v 2.586002 0.1870995 1.69309
v 2.618441 0.1683896 1.66436
v 2.645802 0.1309696 1.640127
v 2.664701 0.0748398 1.623389
v 2.526142 0.06334156 1.954988
v 2.546552 0.1108477 1.944734
v 2.5761 0.1425185 1.929888
v 2.611133 0.1583539 1.912287
v 2.647993 0.1583539 1.893768
v 2.683025 0.1425185 1.876168
v 2.712574 0.1108477 1.861322
v 2.732984 0.06334155 1.851068
v 2.588259 0.05364305 2.115884
v 2.611545 0.09387533 2.110901
v 2.645256 0.1206968 2.103686
v 2.685224 0.1341076 2.095133
v 2.727276 0.1341076 2.086133
v 2.767243 0.1206968 2.07758
v 2.800954 0.09387532 2.070366
v 2.82424 0.05364303 2.065383
v 2.677969 0.04694407 2.267093
v 2.706403 0.08215212 2.265688
v 2.747567 0.1056241 2.263653
v 2.796371 0.1173602 2.261242
v 2.847721 0.1173602 2.258705
v 2.896523 0.1056242 2.256293
v 2.937688 0.08215211 2.254259
v 2.966122 0.04694406 2.252854
v 2.813717 0.04444445 2.4
v 2.85048 0.07777779 2.4
v 2.903703 0.1 2.4
v 2.966804 0.1111111 2.4
v 3.033196 0.1111111 2.4
v 3.096296 0.1 2.4
v 3.14952 0.07777777 2.4
v 3.186283 0.04444444 2.4
v 1.855619 0.1159632 1.289541
v 1.856161 0.2029957 1.241322
v 1.863737 0.2609733 1.172463
v 1.874236 0.2853 1.104354
v 1.875471 0.289891 1.0914
v 1.875554 0.2898903 1.090967
v 1.868208 0.2901821 1.002161
v 1.86841 0.2853822 0.9883024
v 1.86468 0.2613374 0.917577
v 1.864011 0.2327202 0.8824263
v 1.851323 0.2034941 0.8434492
v 1.837642 0.116399 0.7908388
v 1.827213 0.1162275 1.288689
v 1.808501 0.1215136 1.299451
v 1.797831 0.1325999 1.323096
v 1.828869 0.2041815 1.240289
v 1.811116 0.2132652 1.247252
v 1.801147 0.2323762 1.263193
v 1.837702 0.2630652 1.170883
v 1.821071 0.2737014 1.173988
v 1.811953 0.2961258 1.18172
v 1.84925 0.2880691 1.102259
v 1.833597 0.2990109 1.102728
v 1.825201 0.3218321 1.104651
v 1.850658 0.2928146 1.089172
v 1.835207 0.3038458 1.089164
v 1.826932 0.3266763 1.090045
v 1.850747 0.2928185 1.088735
v 1.835302 0.3038495 1.088712
v 1.827033 0.3266766 1.089561
v 1.844829 0.2940305 0.9996487
v 1.830884 0.305106 0.9972591
v 1.823455 0.3267633 0.9925741
v 1.845267 0.2893774 0.9856426
v 1.831555 0.300368 0.9828039
v 1.824257 0.3216655 0.9771798
v 1.842803 0.2660376 0.9139595
v 1.83047 0.2766383 0.9088054
v 1.823732 0.2958574 0.8988664
v 1.843012 0.2374608 0.8777788
v 1.83148 0.2471481 0.8709852
v 1.825065 0.2641591 0.8583403
v 1.831109 0.2082287 0.8379434
v 1.820453 0.2170508 0.8295971
v 1.814114 0.2318365 0.8146394
v 1.81893 0.1192493 0.7831028
v 1.809658 0.1241459 0.7718214
v 1.803412 0.1318902 0.7529659
v 0 0 0.18
v -0.08717421 0 0.1800412
v -0.08584984 -0.01513765 0.1800412
v -0.08191697 -0.02981534 0.1800412
v -0.07549509 -0.04358711 0.1800412
v -0.06677933 -0.0560345 0.1800412
v -0.0560345 -0.06677933 0.1800412
v -0.0435871 -0.07549509 0.1800412
v -0.02981533 -0.08191697 0.1800412
v -0.01513764 -0.08584984 0.1800412
v 3.810506e-9 -0.08717421 0.1800412
v -0.2085048 0 0.1803292
v -0.2053372 -0.03620649 0.1803292
v -0.1959304 -0.07131284 0.1803292
v -0.1805705 -0.1042524 0.1803292
v -0.159724 -0.1340243 0.1803292
v -0.1340243 -0.159724 0.1803292
v -0.1042524 -0.1805705 0.1803292
v -0.07131281 -0.1959305 0.1803292
v -0.03620647 -0.2053372 0.1803292
v 9.114035e-9 -0.2085048 0.1803292
v -0.3537037 0 0.1811111
v -0.3483301 -0.06142001 0.1811111
v -0.3323728 -0.1209738 0.1811111
v -0.3063164 -0.1768518 0.1811111
v -0.2709527 -0.2273564 0.1811111
v -0.2273564 -0.2709528 0.1811111
v -0.1768518 -0.3063164 0.1811111
v -0.1209738 -0.3323728 0.1811111
v -0.06141998 -0.3483301 0.1811111
v 1.546088e-8 -0.3537037 0.1811111
v -0.5124829 0 0.1826338
v -0.5046971 -0.08899173 0.1826338
v -0.4815764 -0.1752795 0.1826338
v -0.4438232 -0.2562414 0.1826338
v -0.3925847 -0.3294177 0.1826338
v -0.3294176 -0.3925847 0.1826338
v -0.2562414 -0.4438232 0.1826338
v -0.1752794 -0.4815764 0.1826338
v -0.08899168 -0.5046971 0.1826338
v 2.240134e-8 -0.5124829 0.1826338
v -0.6745542 0 0.185144
v -0.6643062 -0.1171351 0.185144
v -0.6338736 -0.2307111 0.185144
v -0.5841811 -0.3372771 0.185144
v -0.5167385 -0.4335951 0.185144
v -0.4335951 -0.5167385 0.185144
v -0.3372771 -0.5841811 0.185144
v -0.230711 -0.6338736 0.185144
v -0.117135 -0.6643062 0.185144
v 2.94857e-8 -0.6745542 0.185144
v -0.8296297 0 0.1888889
v -0.8170257 -0.1440637 0.1888889
v -0.7795968 -0.2837501 0.1888889
v -0.7184803 -0.4148148 0.1888889
v -0.6355332 -0.5332757 0.1888889
v -0.5332757 -0.6355332 0.1888889
v -0.4148148 -0.7184804 0.1888889
v -0.2837499 -0.7795969 0.1888889
v -0.1440636 -0.8170257 0.1888889
v 3.626426e-8 -0.8296297 0.1888889
v -0.9674212 0 0.1941152
v -0.9527239 -0.1679909 0.1941152
v -0.9090785 -0.3308775 0.1941152
v -0.8378113 -0.4837106 0.1941152
v -0.7410876 -0.6218463 0.1941152
v -0.6218463 -0.7410877 0.1941152
v -0.4837105 -0.8378114 0.1941152
v -0.3308774 -0.9090785 0.1941152
v -0.1679908 -0.9527239 0.1941152
v 4.228732e-8 -0.9674212 0.1941152
v -1.077641 0 0.20107
v -1.061269 -0.1871304 0.20107
v -1.012651 -0.3685748 0.20107
v -0.9332641 -0.5388203 0.20107
v -0.8255206 -0.6926941 0.20107
v -0.6926941 -0.8255207 0.20107
v -0.5388203 -0.9332641 0.20107
v -0.3685747 -1.012651 0.20107
v -0.1871302 -1.061269 0.20107
v 4.710517e-8 -1.077641 0.20107
v -1.15 0 0.21
v -1.132529 -0.1996954 0.21
v -1.080647 -0.3933232 0.21
v -0.9959292 -0.575 0.21
v -0.8809511 -0.7392058 0.21
v -0.7392057 -0.8809512 0.21
v -0.5749999 -0.9959292 0.21
v -0.393323 -1.080647 0.21
v -0.1996953 -1.132529 0.21
v 5.02681e-8 -1.15 0.21
v 0.01513765 -0.08584984 0.1800412
v 0.02981534 -0.08191697 0.1800412
v 0.04358711 -0.07549509 0.1800412
v 0.0560345 -0.06677933 0.1800412
v 0.06677933 -0.0560345 0.1800412
v 0.07549509 -0.0435871 0.1800412
v 0.08191697 -0.02981533 0.1800412
v 0.08584984 -0.01513764 0.1800412
v 0.08717421 3.810506e-9 0.1800412
v 0.03620649 -0.2053372 0.1803292
v 0.07131284 -0.1959304 0.1803292
v 0.1042524 -0.1805705 0.1803292
v 0.1340243 -0.159724 0.1803292
v 0.159724 -0.1340243 0.1803292
v 0.1805705 -0.1042524 0.1803292
v 0.1959305 -0.07131281 0.1803292
v 0.2053372 -0.03620647 0.1803292
v 0.2085048 9.114035e-9 0.1803292
v 0.06142001 -0.3483301 0.1811111
v 0.1209738 -0.3323728 0.1811111
v 0.1768518 -0.3063164 0.1811111
v 0.2273564 -0.2709527 0.1811111
v 0.2709528 -0.2273564 0.1811111
v 0.3063164 -0.1768518 0.1811111
v 0.3323728 -0.1209738 0.1811111
v 0.3483301 -0.06141998 0.1811111
v 0.3537037 1.546088e-8 0.1811111
v 0.08899173 -0.5046971 0.1826338
v 0.1752795 -0.4815764 0.1826338
v 0.2562414 -0.4438232 0.1826338
v 0.3294177 -0.3925847 0.1826338
v 0.3925847 -0.3294176 0.1826338
v 0.4438232 -0.2562414 0.1826338
v 0.4815764 -0.1752794 0.1826338
v 0.5046971 -0.08899168 0.1826338
v 0.5124829 2.240134e-8 0.1826338
v 0.1171351 -0.6643062 0.185144
v 0.2307111 -0.6338736 0.185144
v 0.3372771 -0.5841811 0.185144
v 0.4335951 -0.5167385 0.185144
v 0.5167385 -0.4335951 0.185144
v 0.5841811 -0.3372771 0.185144
v 0.6338736 -0.230711 0.185144
v 0.6643062 -0.117135 0.185144
v 0.6745542 2.94857e-8 0.185144
v 0.1440637 -0.8170257 0.1888889
v 0.2837501 -0.7795968 0.1888889
v 0.4148148 -0.7184803 0.1888889
v 0.5332757 -0.6355332 0.1888889
v 0.6355332 -0.5332757 0.1888889
v 0.7184804 -0.4148148 0.1888889
v 0.7795969 -0.2837499 0.1888889
v 0.8170257 -0.1440636 0.1888889
v 0.8296297 3.626426e-8 0.1888889
v 0.1679909 -0.9527239 0.1941152
v 0.3308775 -0.9090785 0.1941152
v 0.4837106 -0.8378113 0.1941152
v 0.6218463 -0.7410876 0.1941152
v 0.7410877 -0.6218463 0.1941152
v 0.8378114 -0.4837105 0.1941152
v 0.9090785 -0.3308774 0.1941152
v 0.9527239 -0.1679908 0.1941152
v 0.9674212 4.228732e-8 0.1941152
v 0.1871304 -1.061269 0.20107
v 0.3685748 -1.012651 0.20107
v 0.5388203 -0.9332641 0.20107
v 0.6926941 -0.8255206 0.20107
v 0.8255207 -0.6926941 0.20107
v 0.9332641 -0.5388203 0.20107
v 1.012651 -0.3685747 0.20107
v 1.061269 -0.1871302 0.20107
v 1.077641 4.710517e-8 0.20107
v 0.1996954 -1.132529 0.21
v 0.3933232 -1.080647 0.21
v 0.575 -0.9959292 0.21
v 0.7392058 -0.8809511 0.21
v 0.8809512 -0.7392057 0.21
v 0.9959292 -0.5749999 0.21
v 1.080647 -0.393323 0.21
v 1.132529 -0.1996953 0.21
v 1.15 5.02681e-8 0.21
v 0 0.08717421 0.1800412
v 0.01513765 0.08584984 0.1800412
v 0.02981534 0.08191697 0.1800412
v 0.04358711 0.07549509 0.1800412
v 0.0560345 0.06677933 0.1800412
v 0.06677933 0.0560345 0.1800412
v 0.07549509 0.0435871 0.1800412
v 0.08191697 0.02981533 0.1800412
v 0.08584984 0.01513764 0.1800412
v 0 0.2085048 0.1803292
v 0.03620649 0.2053372 0.1803292
v 0.07131284 0.1959304 0.1803292
v 0.1042524 0.1805705 0.1803292
v 0.1340243 0.159724 0.1803292
v 0.159724 0.1340243 0.1803292
v 0.1805705 0.1042524 0.1803292
v 0.1959305 0.07131281 0.1803292
v 0.2053372 0.03620647 0.1803292
v 0 0.3537037 0.1811111
v 0.06142001 0.3483301 0.1811111
v 0.1209738 0.3323728 0.1811111
v 0.1768518 0.3063164 0.1811111
v 0.2273564 0.2709527 0.1811111
v 0.2709528 0.2273564 0.1811111
v 0.3063164 0.1768518 0.1811111
v 0.3323728 0.1209738 0.1811111
v 0.3483301 0.06141998 0.1811111
v 0 0.5124829 0.1826338
v 0.08899173 0.5046971 0.1826338
v 0.1752795 0.4815764 0.1826338
v 0.2562414 0.4438232 0.1826338
v 0.3294177 0.3925847 0.1826338
v 0.3925847 0.3294176 0.1826338
v 0.4438232 0.2562414 0.1826338
v 0.4815764 0.1752794 0.1826338
v 0.5046971 0.08899168 0.1826338
v 0 0.6745542 0.185144
v 0.1171351 0.6643062 0.185144
v 0.2307111 0.6338736 0.185144
v 0.3372771 0.5841811 0.185144
v 0.4335951 0.5167385 0.185144
v 0.5167385 0.4335951 0.185144
v 0.5841811 0.3372771 0.185144
v 0.6338736 0.230711 0.185144
v 0.6643062 0.117135 0.185144
v 0 0.8296297 0.1888889
v 0.1440637 0.8170257 0.1888889
v 0.2837501 0.7795968 0.1888889
v 0.4148148 0.7184803 0.1888889
v 0.5332757 0.6355332 0.1888889
v 0.6355332 0.5332757 0.1888889
v 0.7184804 0.4148148 0.1888889
v 0.7795969 0.2837499 0.1888889
v 0.8170257 0.1440636 0.1888889
v 0 0.9674212 0.1941152
v 0.1679909 0.9527239 0.1941152
v 0.3308775 0.9090785 0.1941152
v 0.4837106 0.8378113 0.1941152
v 0.6218463 0.7410876 0.1941152
v 0.7410877 0.6218463 0.1941152
v 0.8378114 0.4837105 0.1941152
v 0.9090785 0.3308774 0.1941152
v 0.9527239 0.1679908 0.1941152
v 0 1.077641 0.20107
v 0.1871304 1.061269 0.20107
v 0.3685748 1.012651 0.20107
v 0.5388203 0.9332641 0.20107
v 0.6926941 0.8255206 0.20107
v 0.8255207 0.6926941 0.20107
v 0.9332641 0.5388203 0.20107
v 1.012651 0.3685747 0.20107
v 1.061269 0.1871302 0.20107
v 0 1.15 0.21
v 0.1996954 1.132529 0.21
v 0.3933232 1.080647 0.21
v 0.575 0.9959292 0.21
v 0.7392058 0.8809511 0.21
v 0.8809512 0.7392057 0.21
v 0.9959292 0.5749999 0.21
v 1.080647 0.393323 0.21
v 1.132529 0.1996953 0.21
v -0.08584984 0.01513765 0.1800412
v -0.08191697 0.02981534 0.1800412
v -0.07549509 0.04358711 0.1800412
v -0.06677933 0.0560345 0.1800412
v -0.0560345 0.06677933 0.1800412
v -0.0435871 0.07549509 0.1800412
v -0.02981533 0.08191697 0.1800412
v -0.01513764 0.08584984 0.1800412
v -0.2053372 0.03620649 0.1803292
v -0.1959304 0.07131284 0.1803292
v -0.1805705 0.1042524 0.1803292
v -0.159724 0.1340243 0.1803292
v -0.1340243 0.159724 0.1803292
v -0.1042524 0.1805705 0.1803292
v -0.07131281 0.1959305 0.1803292
v -0.03620647 0.2053372 0.1803292
v -0.3483301 0.06142001 0.1811111
v -0.3323728 0.1209738 0.1811111
v -0.3063164 0.1768518 0.1811111
v -0.2709527 0.2273564 0.1811111
v -0.2273564 0.2709528 0.1811111
v -0.1768518 0.3063164 0.1811111
v -0.1209738 0.3323728 0.1811111
v -0.06141998 0.3483301 0.1811111
v -0.5046971 0.08899173 0.1826338
v -0.4815764 0.1752795 0.1826338
v -0.4438232 0.2562414 0.1826338
v -0.3925847 0.3294177 0.1826338
v -0.3294176 0.3925847 0.1826338
v -0.2562414 0.4438232 0.1826338
v -0.1752794 0.4815764 0.1826338
v -0.08899168 0.5046971 0.1826338
v -0.6643062 0.1171351 0.185144
v -0.6338736 0.2307111 0.185144
v -0.5841811 0.3372771 0.185144
v -0.5167385 0.4335951 0.185144
v -0.4335951 0.5167385 0.185144
v -0.3372771 0.5841811 0.185144
v -0.230711 0.6338736 0.185144
v -0.117135 0.6643062 0.185144
v -0.8170257 0.1440637 0.1888889
v -0.7795968 0.2837501 0.1888889
v -0.7184803 0.4148148 0.1888889
v -0.6355332 0.5332757 0.1888889
v -0.5332757 0.6355332 0.1888889
v -0.4148148 0.7184804 0.1888889
v -0.2837499 0.7795969 0.1888889
v -0.1440636 0.8170257 0.1888889
v -0.9527239 0.1679909 0.1941152
v -0.9090785 0.3308775 0.1941152
v -0.8378113 0.4837106 0.1941152
v -0.7410876 0.6218463 0.1941152
v -0.6218463 0.7410877 0.1941152
v -0.4837105 0.8378114 0.1941152
v -0.3308774 0.9090785 0.1941152
v -0.1679908 0.9527239 0.1941152
v -1.061269 0.1871304 0.20107
v -1.012651 0.3685748 0.20107
v -0.9332641 0.5388203 0.20107
v -0.8255206 0.6926941 0.20107
v -0.6926941 0.8255207 0.20107
v -0.5388203 0.9332641 0.20107
v -0.3685747 1.012651 0.20107
v -0.1871302 1.061269 0.20107
v -1.132529 0.1996954 0.21
v -1.080647 0.3933232 0.21
v -0.9959292 0.575 0.21
v -0.8809511 0.7392058 0.21
v -0.7392057 0.8809512 0.21
v -0.5749999 0.9959292 0.21
v -0.393323 1.080647 0.21
v -0.1996953 1.132529 0.21
v -1.221015 0 0.2326612
v -1.202465 -0.2120271 0.2326612
v -1.147379 -0.4176118 0.2326612
v -1.05743 -0.6105075 0.2326612
v -0.9353518 -0.7848534 0.2326612
v -0.7848534 -0.935352 0.2326612
v -0.6105075 -1.05743 0.2326612
v -0.4176117 -1.147379 0.2326612
v -0.212027 -1.202465 0.2326612
v 5.337226e-8 -1.221015 0.2326612
v -1.324787 0 0.2705487
v -1.304661 -0.2300469 0.2705487
v -1.244893 -0.453104 0.2705487
v -1.1473 -0.6623937 0.2705487
v -1.014846 -0.851557 0.2705487
v -0.8515568 -1.014846 0.2705487
v -0.6623936 -1.1473 0.2705487
v -0.4531038 -1.244893 0.2705487
v -0.2300468 -1.304661 0.2705487
v 5.790829e-8 -1.324787 0.2705487
v -1.447407 0 0.3285185
v -1.425418 -0.2513396 0.3285185
v -1.360118 -0.4950424 0.3285185
v -1.253491 -0.7237036 0.3285185
v -1.108778 -0.9303755 0.3285185
v -0.9303753 -1.108778 0.3285185
v -0.7237035 -1.253492 0.3285185
v -0.4950423 -1.360118 0.3285185
v -0.2513395 -1.425418 0.3285185
v 6.326818e-8 -1.447407 0.3285185
v -1.574966 0 0.4114267
v -1.551039 -0.27349 0.4114267
v -1.479984 -0.5386701 0.4114267
v -1.36396 -0.7874829 0.4114267
v -1.206494 -1.012369 0.4114267
v -1.012368 -1.206494 0.4114267
v -0.7874827 -1.363961 0.4114267
v -0.5386699 -1.479984 0.4114267
v -0.2734898 -1.551039 0.4114267
v 6.884394e-8 -1.574966 0.4114267
v -1.693553 0 0.5241289
v -1.667824 -0.2940824 0.5241289
v -1.591419 -0.5792292 0.5241289
v -1.46666 -0.8467764 0.5241289
v -1.297337 -1.088595 0.5241289
v -1.088595 -1.297337 0.5241289
v -0.8467762 -1.46666 0.5241289
v -0.5792289 -1.591419 0.5241289
v -0.2940823 -1.667824 0.5241289
v 7.402755e-8 -1.693553 0.5241289
v -1.789259 0 0.6714815
v -1.762076 -0.3107016 0.6714815
v -1.681354 -0.6119627 0.6714815
v -1.549544 -0.8946297 0.6714815
v -1.370652 -1.150114 0.6714815
v -1.150114 -1.370652 0.6714815
v -0.8946295 -1.549544 0.6714815
v -0.6119625 -1.681354 0.6714815
v -0.3107015 -1.762076 0.6714815
v 7.821101e-8 -1.789259 0.6714815
v -1.848176 0 0.8583403
v -1.820098 -0.3209323 0.8583403
v -1.736717 -0.6321132 0.8583403
v -1.600567 -0.9240878 0.8583403
v -1.415785 -1.187984 0.8583403
v -1.187984 -1.415785 0.8583403
v -0.9240876 -1.600567 0.8583403
v -0.6321131 -1.736717 0.8583403
v -0.3209322 -1.820098 0.8583403
v 8.078632e-8 -1.848176 0.8583403
v -1.856392 0 1.089561
v -1.828189 -0.3223592 1.089561
v -1.744438 -0.6349236 1.089561
v -1.607683 -0.9281962 1.089561
v -1.422079 -1.193266 1.089561
v -1.193266 -1.422079 1.089561
v -0.9281961 -1.607683 1.089561
v -0.6349233 -1.744438 1.089561
v -0.322359 -1.82819 1.089561
v 8.114549e-8 -1.856392 1.089561
v -1.8 0 1.37
v -1.772654 -0.3125667 1.37
v -1.691447 -0.6156363 1.37
v -1.558846 -0.9 1.37
v -1.37888 -1.157018 1.37
v -1.157018 -1.37888 1.37
v -0.8999999 -1.558846 1.37
v -0.6156361 -1.691447 1.37
v -0.3125666 -1.772654 1.37
v 7.86805e-8 -1.8 1.37
v 0.2120271 -1.202465 0.2326612
v 0.4176118 -1.147379 0.2326612
v 0.6105075 -1.05743 0.2326612
v 0.7848534 -0.9353518 0.2326612
v 0.935352 -0.7848534 0.2326612
v 1.05743 -0.6105075 0.2326612
v 1.147379 -0.4176117 0.2326612
v 1.202465 -0.212027 0.2326612
v 1.221015 5.337226e-8 0.2326612
v 0.2300469 -1.304661 0.2705487
v 0.453104 -1.244893 0.2705487
v 0.6623937 -1.1473 0.2705487
v 0.851557 -1.014846 0.2705487
v 1.014846 -0.8515568 0.2705487
v 1.1473 -0.6623936 0.2705487
v 1.244893 -0.4531038 0.2705487
v 1.304661 -0.2300468 0.2705487
v 1.324787 5.790829e-8 0.2705487
v 0.2513396 -1.425418 0.3285185
v 0.4950424 -1.360118 0.3285185
v 0.7237036 -1.253491 0.3285185
v 0.9303755 -1.108778 0.3285185
v 1.108778 -0.9303753 0.3285185
v 1.253492 -0.7237035 0.3285185
v 1.360118 -0.4950423 0.3285185
v 1.425418 -0.2513395 0.3285185
v 1.447407 6.326818e-8 0.3285185
v 0.27349 -1.551039 0.4114267
v 0.5386701 -1.479984 0.4114267
v 0.7874829 -1.36396 0.4114267
v 1.012369 -1.206494 0.4114267
v 1.206494 -1.012368 0.4114267
v 1.363961 -0.7874827 0.4114267
v 1.479984 -0.5386699 0.4114267
v 1.551039 -0.2734898 0.4114267
v 1.574966 6.884394e-8 0.4114267
v 0.2940824 -1.667824 0.5241289
v 0.5792292 -1.591419 0.5241289
v 0.8467764 -1.46666 0.5241289
v 1.088595 -1.297337 0.5241289
v 1.297337 -1.088595 0.5241289
v 1.46666 -0.8467762 0.5241289
v 1.591419 -0.5792289 0.5241289
v 1.667824 -0.2940823 0.5241289
v 1.693553 7.402755e-8 0.5241289
v 0.3107016 -1.762076 0.6714815
v 0.6119627 -1.681354 0.6714815
v 0.8946297 -1.549544 0.6714815
v 1.150114 -1.370652 0.6714815
v 1.370652 -1.150114 0.6714815
v 1.549544 -0.8946295 0.6714815
v 1.681354 -0.6119625 0.6714815
v 1.762076 -0.3107015 0.6714815
v 1.789259 7.821101e-8 0.6714815
v 0.3209323 -1.820098 0.8583403
v 0.6321132 -1.736717 0.8583403
v 0.9240878 -1.600567 0.8583403
v 1.187984 -1.415785 0.8583403
v 1.415785 -1.187984 0.8583403
v 1.600567 -0.9240876 0.8583403
v 1.736717 -0.6321131 0.8583403
v 1.820098 -0.3209322 0.8583403
v 0.3223592 -1.828189 1.089561
v 0.6349236 -1.744438 1.089561
v 0.9281962 -1.607683 1.089561
v 1.193266 -1.422079 1.089561
v 1.422079 -1.193266 1.089561
v 1.607683 -0.9281961 1.089561
v 1.744438 -0.6349233 1.089561
v 0.3125667 -1.772654 1.37
v 0.6156363 -1.691447 1.37
v 0.9 -1.558846 1.37
v 1.157018 -1.37888 1.37
v 1.37888 -1.157018 1.37
v 1.558846 -0.8999999 1.37
v 1.691447 -0.6156361 1.37
v 1.772654 -0.3125666 1.37
v 1.8 7.86805e-8 1.37
v 0 1.221015 0.2326612
v 0.2120271 1.202465 0.2326612
v 0.4176118 1.147379 0.2326612
v 0.6105075 1.05743 0.2326612
v 0.7848534 0.9353518 0.2326612
v 0.935352 0.7848534 0.2326612
v 1.05743 0.6105075 0.2326612
v 1.147379 0.4176117 0.2326612
v 1.202465 0.212027 0.2326612
v 0 1.324787 0.2705487
v 0.2300469 1.304661 0.2705487
v 0.453104 1.244893 0.2705487
v 0.6623937 1.1473 0.2705487
v 0.851557 1.014846 0.2705487
v 1.014846 0.8515568 0.2705487
v 1.1473 0.6623936 0.2705487
v 1.244893 0.4531038 0.2705487
v 1.304661 0.2300468 0.2705487
v 0 1.447407 0.3285185
v 0.2513396 1.425418 0.3285185
v 0.4950424 1.360118 0.3285185
v 0.7237036 1.253491 0.3285185
v 0.9303755 1.108778 0.3285185
v 1.108778 0.9303753 0.3285185
v 1.253492 0.7237035 0.3285185
v 1.360118 0.4950423 0.3285185
v 1.425418 0.2513395 0.3285185
v 0 1.574966 0.4114267
v 0.27349 1.551039 0.4114267
v 0.5386701 1.479984 0.4114267
v 0.7874829 1.36396 0.4114267
v 1.012369 1.206494 0.4114267
v 1.206494 1.012368 0.4114267
v 1.363961 0.7874827 0.4114267
v 1.479984 0.5386699 0.4114267
v 1.551039 0.2734898 0.4114267
v 0 1.693553 0.5241289
v 0.2940824 1.667824 0.5241289
v 0.5792292 1.591419 0.5241289
v 0.8467764 1.46666 0.5241289
v 1.088595 1.297337 0.5241289
v 1.297337 1.088595 0.5241289
v 1.46666 0.8467762 0.5241289
v 1.591419 0.5792289 0.5241289
v 1.667824 0.2940823 0.5241289
v 0 1.789259 0.6714815
v 0.3107016 1.762076 0.6714815
v 0.6119627 1.681354 0.6714815
v 0.8946297 1.549544 0.6714815
v 1.150114 1.370652 0.6714815
v 1.370652 1.150114 0.6714815
v 1.549544 0.8946295 0.6714815
v 1.681354 0.6119625 0.6714815
v 1.762076 0.3107015 0.6714815
v 0 1.848176 0.8583403
v 0.3209323 1.820098 0.8583403
v 0.6321132 1.736717 0.8583403
v 0.9240878 1.600567 0.8583403
v 1.187984 1.415785 0.8583403
v 1.415785 1.187984 0.8583403
v 1.600567 0.9240876 0.8583403
v 1.736717 0.6321131 0.8583403
v 1.820098 0.3209322 0.8583403
v 0 1.856392 1.089561
v 0.3223592 1.828189 1.089561
v 0.6349236 1.744438 1.089561
v 0.9281962 1.607683 1.089561
v 1.193266 1.422079 1.089561
v 1.422079 1.193266 1.089561
v 1.607683 0.9281961 1.089561
v 1.744438 0.6349233 1.089561
v 0 1.8 1.37
v 0.3125667 1.772654 1.37
v 0.6156363 1.691447 1.37
v 0.9 1.558846 1.37
v 1.157018 1.37888 1.37
v 1.37888 1.157018 1.37
v 1.558846 0.8999999 1.37
v 1.691447 0.6156361 1.37
v 1.772654 0.3125666 1.37
v -1.202465 0.2120271 0.2326612
v -1.147379 0.4176118 0.2326612
v -1.05743 0.6105075 0.2326612
v -0.9353518 0.7848534 0.2326612
v -0.7848534 0.935352 0.2326612
v -0.6105075 1.05743 0.2326612
v -0.4176117 1.147379 0.2326612
v -0.212027 1.202465 0.2326612
v -1.304661 0.2300469 0.2705487
v -1.244893 0.453104 0.2705487
v -1.1473 0.6623937 0.2705487
v -1.014846 0.851557 0.2705487
v -0.8515568 1.014846 0.2705487
v -0.6623936 1.1473 0.2705487
v -0.4531038 1.244893 0.2705487
v -0.2300468 1.304661 0.2705487
v -1.425418 0.2513396 0.3285185
v -1.360118 0.4950424 0.3285185
v -1.253491 0.7237036 0.3285185
v -1.108778 0.9303755 0.3285185
v -0.9303753 1.108778 0.3285185
v -0.7237035 1.253492 0.3285185
v -0.4950423 1.360118 0.3285185
v -0.2513395 1.425418 0.3285185
v -1.551039 0.27349 0.4114267
v -1.479984 0.5386701 0.4114267
v -1.36396 0.7874829 0.4114267
v -1.206494 1.012369 0.4114267
v -1.012368 1.206494 0.4114267
v -0.7874827 1.363961 0.4114267
v -0.5386699 1.479984 0.4114267
v -0.2734898 1.551039 0.4114267
v -1.667824 0.2940824 0.5241289
v -1.591419 0.5792292 0.5241289
v -1.46666 0.8467764 0.5241289
v -1.297337 1.088595 0.5241289
v -1.088595 1.297337 0.5241289
v -0.8467762 1.46666 0.5241289
v -0.5792289 1.591419 0.5241289
v -0.2940823 1.667824 0.5241289
v -1.762076 0.3107016 0.6714815
v -1.681354 0.6119627 0.6714815
v -1.549544 0.8946297 0.6714815
v -1.370652 1.150114 0.6714815
v -1.150114 1.370652 0.6714815
v -0.8946295 1.549544 0.6714815
v -0.6119625 1.681354 0.6714815
v -0.3107015 1.762076 0.6714815
v -1.820098 0.3209323 0.8583403
v -1.736717 0.6321132 0.8583403
v -1.600567 0.9240878 0.8583403
v -1.415785 1.187984 0.8583403
v -1.187984 1.415785 0.8583403
v -0.9240876 1.600567 0.8583403
v -0.6321131 1.736717 0.8583403
v -0.3209322 1.820098 0.8583403
v -1.828189 0.3223592 1.089561
v -1.744438 0.6349236 1.089561
v -1.607683 0.9281962 1.089561
v -1.422079 1.193266 1.089561
v -1.193266 1.422079 1.089561
v -0.9281961 1.607683 1.089561
v -0.6349233 1.744438 1.089561
v -0.322359 1.82819 1.089561
v -1.772654 0.3125667 1.37
v -1.691447 0.6156363 1.37
v -1.558846 0.9 1.37
v -1.37888 1.157018 1.37
v -1.157018 1.37888 1.37
v -0.8999999 1.558846 1.37
v -0.6156361 1.691447 1.37
v -0.3125666 1.772654 1.37
v -1.688244 0 1.703196
v -1.662596 -0.2931606 1.703196
v -1.586431 -0.5774136 1.703196
v -1.462062 -0.8441221 1.703196
v -1.29327 -1.085182 1.703196
v -1.085182 -1.29327 1.703196
v -0.8441221 -1.462062 1.703196
v -0.5774133 -1.586431 1.703196
v -0.2931604 -1.662596 1.703196
v 7.37955e-8 -1.688244 1.703196
v -1.586694 0 1.94594
v -1.562589 -0.2755266 1.94594
v -1.491005 -0.5426814 1.94594
v -1.374117 -0.7933471 1.94594
v -1.215478 -1.019907 1.94594
v -1.019907 -1.215478 1.94594
v -0.793347 -1.374118 1.94594
v -0.5426812 -1.491005 1.94594
v -0.2755264 -1.562589 1.94594
v 6.935661e-8 -1.586694 1.94594
v -1.495926 0 2.112963
v -1.473199 -0.2597648 2.112963
v -1.40571 -0.5116368 2.112963
v -1.29551 -0.747963 2.112963
v -1.145946 -0.9615626 2.112963
v -0.9615626 -1.145946 2.112963
v -0.7479628 -1.29551 2.112963
v -0.5116366 -1.40571 2.112963
v -0.2597647 -1.473199 2.112963
v 6.538899e-8 -1.495926 2.112963
v -1.416516 0 2.218999
v -1.394996 -0.2459754 2.218999
v -1.33109 -0.484477 2.218999
v -1.226739 -0.708258 2.218999
v -1.085114 -0.910519 2.218999
v -0.9105189 -1.085114 2.218999
v -0.7082579 -1.226739 2.218999
v -0.4844768 -1.33109 2.218999
v -0.2459753 -1.394996 2.218999
v 6.191787e-8 -1.416516 2.218999
v -1.34904 0 2.278779
v -1.328545 -0.2342583 2.278779
v -1.267683 -0.4613988 2.278779
v -1.168303 -0.6745198 2.278779
v -1.033424 -0.8671461 2.278779
v -0.867146 -1.033424 2.278779
v -0.6745198 -1.168303 2.278779
v -0.4613986 -1.267683 2.278779
v -0.2342582 -1.328545 2.278779
v 5.89684e-8 -1.34904 2.278779
v -1.294074 0 2.307037
v -1.274414 -0.2247136 2.307037
v -1.216032 -0.4425994 2.307037
v -1.120701 -0.6470371 2.307037
v -0.9913183 -0.8318149 2.307037
v -0.8318148 -0.9913183 2.307037
v -0.647037 -1.120701 2.307037
v -0.4425992 -1.216032 2.307037
v -0.2247135 -1.274414 2.307037
v 5.656577e-8 -1.294074 2.307037
v -1.252195 0 2.318505
v -1.233171 -0.2174414 2.318505
v -1.176678 -0.4282759 2.318505
v -1.084432 -0.6260974 2.318505
v -0.9592369 -0.8048953 2.318505
v -0.8048952 -0.959237 2.318505
v -0.6260973 -1.084432 2.318505
v -0.4282757 -1.176678 2.318505
v -0.2174413 -1.233171 2.318505
v 5.473517e-8 -1.252195 2.318505
v -1.223978 0 2.327915
v -1.205383 -0.2125416 2.327915
v -1.150163 -0.4186252 2.327915
v -1.059996 -0.611989 2.327915
v -0.9376217 -0.786758 2.327915
v -0.7867579 -0.9376217 2.327915
v -0.6119889 -1.059996 2.327915
v -0.418625 -1.150163 2.327915
v -0.2125415 -1.205383 2.327915
v 5.350178e-8 -1.223978 2.327915
v -1.21 0 2.35
v -1.191617 -0.2101143 2.35
v -1.137028 -0.4138444 2.35
v -1.047891 -0.605 2.35
v -0.9269138 -0.7777731 2.35
v -0.777773 -0.9269139 2.35
v -0.605 -1.047891 2.35
v -0.4138443 -1.137028 2.35
v -0.2101142 -1.191617 2.35
v 5.289078e-8 -1.21 2.35
v 0.2931606 -1.662596 1.703196
v 0.5774136 -1.586431 1.703196
v 0.8441221 -1.462062 1.703196
v 1.085182 -1.29327 1.703196
v 1.29327 -1.085182 1.703196
v 1.462062 -0.8441221 1.703196
v 1.586431 -0.5774133 1.703196
v 1.662596 -0.2931604 1.703196
v 1.688244 7.37955e-8 1.703196
v 0.2755266 -1.562589 1.94594
v 0.5426814 -1.491005 1.94594
v 0.7933471 -1.374117 1.94594
v 1.019907 -1.215478 1.94594
v 1.215478 -1.019907 1.94594
v 1.374118 -0.793347 1.94594
v 1.491005 -0.5426812 1.94594
v 1.562589 -0.2755264 1.94594
v 1.586694 6.935661e-8 1.94594
v 0.2597648 -1.473199 2.112963
v 0.5116368 -1.40571 2.112963
v 0.747963 -1.29551 2.112963
v 0.9615626 -1.145946 2.112963
v 1.145946 -0.9615626 2.112963
v 1.29551 -0.7479628 2.112963
v 1.40571 -0.5116366 2.112963
v 1.473199 -0.2597647 2.112963
v 1.495926 6.538899e-8 2.112963
v 0.2459754 -1.394996 2.218999
v 0.484477 -1.33109 2.218999
v 0.708258 -1.226739 2.218999
v 0.910519 -1.085114 2.218999
v 1.085114 -0.9105189 2.218999
v 1.226739 -0.7082579 2.218999
v 1.33109 -0.4844768 2.218999
v 1.394996 -0.2459753 2.218999
v 1.416516 6.191787e-8 2.218999
v 0.2342583 -1.328545 2.278779
v 0.4613988 -1.267683 2.278779
v 0.6745198 -1.168303 2.278779
v 0.8671461 -1.033424 2.278779
v 1.033424 -0.867146 2.278779
v 1.168303 -0.6745198 2.278779
v 1.267683 -0.4613986 2.278779
v 1.328545 -0.2342582 2.278779
v 1.34904 5.89684e-8 2.278779
v 0.2247136 -1.274414 2.307037
v 0.4425994 -1.216032 2.307037
v 0.6470371 -1.120701 2.307037
v 0.8318149 -0.9913183 2.307037
v 0.9913183 -0.8318148 2.307037
v 1.120701 -0.647037 2.307037
v 1.216032 -0.4425992 2.307037
v 1.274414 -0.2247135 2.307037
v 1.294074 5.656577e-8 2.307037
v 0.2174414 -1.233171 2.318505
v 0.4282759 -1.176678 2.318505
v 0.6260974 -1.084432 2.318505
v 0.8048953 -0.9592369 2.318505
v 0.959237 -0.8048952 2.318505
v 1.084432 -0.6260973 2.318505
v 1.176678 -0.4282757 2.318505
v 1.233171 -0.2174413 2.318505
v 1.252195 5.473517e-8 2.318505
v 0.2125416 -1.205383 2.327915
v 0.4186252 -1.150163 2.327915
v 0.611989 -1.059996 2.327915
v 0.786758 -0.9376217 2.327915
v 0.9376217 -0.7867579 2.327915
v 1.059996 -0.6119889 2.327915
v 1.150163 -0.418625 2.327915
v 1.205383 -0.2125415 2.327915
v 1.223978 5.350178e-8 2.327915
v 0.2101143 -1.191617 2.35
v 0.4138444 -1.137028 2.35
v 0.605 -1.047891 2.35
v 0.7777731 -0.9269138 2.35
v 0.9269139 -0.777773 2.35
v 1.047891 -0.605 2.35
v 1.137028 -0.4138443 2.35
v 1.191617 -0.2101142 2.35
v 1.21 5.289078e-8 2.35
v 0 1.688244 1.703196
v 0.2931606 1.662596 1.703196
v 0.5774136 1.586431 1.703196
v 0.8441221 1.462062 1.703196
v 1.085182 1.29327 1.703196
v 1.29327 1.085182 1.703196
v 1.462062 0.8441221 1.703196
v 1.586431 0.5774133 1.703196
v 1.662596 0.2931604 1.703196
v 0 1.586694 1.94594
v 0.2755266 1.562589 1.94594
v 0.5426814 1.491005 1.94594
v 0.7933471 1.374117 1.94594
v 1.019907 1.215478 1.94594
v 1.215478 1.019907 1.94594
v 1.374118 0.793347 1.94594
v 1.491005 0.5426812 1.94594
v 1.562589 0.2755264 1.94594
v 0 1.495926 2.112963
v 0.2597648 1.473199 2.112963
v 0.5116368 1.40571 2.112963
v 0.747963 1.29551 2.112963
v 0.9615626 1.145946 2.112963
v 1.145946 0.9615626 2.112963
v 1.29551 0.7479628 2.112963
v 1.40571 0.5116366 2.112963
v 1.473199 0.2597647 2.112963
v 0 1.416516 2.218999
v 0.2459754 1.394996 2.218999
v 0.484477 1.33109 2.218999
v 0.708258 1.226739 2.218999
v 0.910519 1.085114 2.218999
v 1.085114 0.9105189 2.218999
v 1.226739 0.7082579 2.218999
v 1.33109 0.4844768 2.218999
v 1.394996 0.2459753 2.218999
v 0 1.34904 2.278779
v 0.2342583 1.328545 2.278779
v 0.4613988 1.267683 2.278779
v 0.6745198 1.168303 2.278779
v 0.8671461 1.033424 2.278779
v 1.033424 0.867146 2.278779
v 1.168303 0.6745198 2.278779
v 1.267683 0.4613986 2.278779
v 1.328545 0.2342582 2.278779
v 0 1.294074 2.307037
v 0.2247136 1.274414 2.307037
v 0.4425994 1.216032 2.307037
v 0.6470371 1.120701 2.307037
v 0.8318149 0.9913183 2.307037
v 0.9913183 0.8318148 2.307037
v 1.120701 0.647037 2.307037
v 1.216032 0.4425992 2.307037
v 1.274414 0.2247135 2.307037
v 0 1.252195 2.318505
v 0.2174414 1.233171 2.318505
v 0.4282759 1.176678 2.318505
v 0.6260974 1.084432 2.318505
v 0.8048953 0.9592369 2.318505
v 0.959237 0.8048952 2.318505
v 1.084432 0.6260973 2.318505
v 1.176678 0.4282757 2.318505
v 1.233171 0.2174413 2.318505
v 0 1.223978 2.327915
v 0.2125416 1.205383 2.327915
v 0.4186252 1.150163 2.327915
v 0.611989 1.059996 2.327915
v 0.786758 0.9376217 2.327915
v 0.9376217 0.7867579 2.327915
v 1.059996 0.6119889 2.327915
v 1.150163 0.418625 2.327915
v 1.205383 0.2125415 2.327915
v 0 1.21 2.35
v 0.2101143 1.191617 2.35
v 0.4138444 1.137028 2.35
v 0.605 1.047891 2.35
v 0.7777731 0.9269138 2.35
v 0.9269139 0.777773 2.35
v 1.047891 0.605 2.35
v 1.137028 0.4138443 2.35
v 1.191617 0.2101142 2.35
v -1.662596 0.2931606 1.703196
v -1.586431 0.5774136 1.703196
v -1.462062 0.8441221 1.703196
v -1.29327 1.085182 1.703196
v -1.085182 1.29327 1.703196
v -0.8441221 1.462062 1.703196
v -0.5774133 1.586431 1.703196
v -0.2931604 1.662596 1.703196
v -1.562589 0.2755266 1.94594
v -1.491005 0.5426814 1.94594
v -1.374117 0.7933471 1.94594
v -1.215478 1.019907 1.94594
v -1.019907 1.215478 1.94594
v -0.793347 1.374118 1.94594
v -0.5426812 1.491005 1.94594
v -0.2755264 1.562589 1.94594
v -1.473199 0.2597648 2.112963
v -1.40571 0.5116368 2.112963
v -1.29551 0.747963 2.112963
v -1.145946 0.9615626 2.112963
v -0.9615626 1.145946 2.112963
v -0.7479628 1.29551 2.112963
v -0.5116366 1.40571 2.112963
v -0.2597647 1.473199 2.112963
v -1.394996 0.2459754 2.218999
v -1.33109 0.484477 2.218999
v -1.226739 0.708258 2.218999
v -1.085114 0.910519 2.218999
v -0.9105189 1.085114 2.218999
v -0.7082579 1.226739 2.218999
v -0.4844768 1.33109 2.218999
v -0.2459753 1.394996 2.218999
v -1.328545 0.2342583 2.278779
v -1.267683 0.4613988 2.278779
v -1.168303 0.6745198 2.278779
v -1.033424 0.8671461 2.278779
v -0.867146 1.033424 2.278779
v -0.6745198 1.168303 2.278779
v -0.4613986 1.267683 2.278779
v -0.2342582 1.328545 2.278779
v -1.274414 0.2247136 2.307037
v -1.216032 0.4425994 2.307037
v -1.120701 0.6470371 2.307037
v -0.9913183 0.8318149 2.307037
v -0.8318148 0.9913183 2.307037
v -0.647037 1.120701 2.307037
v -0.4425992 1.216032 2.307037
v -0.2247135 1.274414 2.307037
v -1.233171 0.2174414 2.318505
v -1.176678 0.4282759 2.318505
v -1.084432 0.6260974 2.318505
v -0.9592369 0.8048953 2.318505
v -0.8048952 0.959237 2.318505
v -0.6260973 1.084432 2.318505
v -0.4282757 1.176678 2.318505
v -0.2174413 1.233171 2.318505
v -1.205383 0.2125416 2.327915
v -1.150163 0.4186252 2.327915
v -1.059996 0.611989 2.327915
v -0.9376217 0.786758 2.327915
v -0.7867579 0.9376217 2.327915
v -0.6119889 1.059996 2.327915
v -0.418625 1.150163 2.327915
v -0.2125415 1.205383 2.327915
v -1.191617 0.2101143 2.35
v -1.137028 0.4138444 2.35
v -1.047891 0.605 2.35
v -0.9269138 0.7777731 2.35
v -0.777773 0.9269139 2.35
v -0.605 1.047891 2.35
v -0.4138443 1.137028 2.35
v -0.2101142 1.191617 2.35
v -1.21059 0 2.364884
v -1.192198 -0.2102168 2.364884
v -1.137582 -0.4140462 2.364884
v -1.048402 -0.605295 2.364884
v -0.9273658 -0.7781522 2.364884
v -0.778152 -0.9273658 2.364884
v -0.6052949 -1.048402 2.364884
v -0.414046 -1.137582 2.364884
v -0.2102167 -1.192198 2.364884
v 5.291656e-8 -1.21059 2.364884
v -1.218423 0 2.376475
v -1.199912 -0.2115769 2.376475
v -1.144943 -0.4167251 2.376475
v -1.055185 -0.6092113 2.376475
v -0.9333659 -0.783187 2.376475
v -0.7831869 -0.9333659 2.376475
v -0.6092112 -1.055185 2.376475
v -0.416725 -1.144943 2.376475
v -0.2115768 -1.199912 2.376475
v 5.325894e-8 -1.218423 2.376475
v -1.232592 0 2.385185
v -1.213867 -0.2140375 2.385185
v -1.158258 -0.4215715 2.385185
v -1.067456 -0.6162962 2.385185
v -0.9442206 -0.7922952 2.385185
v -0.7922951 -0.9442207 2.385185
v -0.6162962 -1.067457 2.385185
v -0.4215713 -1.158258 2.385185
v -0.2140374 -1.213867 2.385185
v 5.387833e-8 -1.232592 2.385185
v -1.252195 0 2.391427
v -1.233171 -0.2174414 2.391427
v -1.176678 -0.4282759 2.391427
v -1.084432 -0.6260974 2.391427
v -0.9592369 -0.8048954 2.391427
v -0.8048953 -0.959237 2.391427
v -0.6260974 -1.084433 2.391427
v -0.4282757 -1.176678 2.391427
v -0.2174413 -1.233171 2.391427
v 5.473517e-8 -1.252195 2.391427
v -1.276324 0 2.395611
v -1.256933 -0.2216313 2.395611
v -1.199352 -0.4365284 2.395611
v -1.105329 -0.6381618 2.395611
v -0.9777207 -0.8204052 2.395611
v -0.8204051 -0.9777207 2.395611
v -0.6381618 -1.105329 2.395611
v -0.4365283 -1.199352 2.395611
v -0.2216312 -1.256934 2.395611
v 5.578988e-8 -1.276324 2.395611
v -1.304074 0 2.398148
v -1.284262 -0.2264501 2.398148
v -1.225429 -0.4460196 2.398148
v -1.129361 -0.652037 2.398148
v -0.9989787 -0.8382427 2.398148
v -0.8382425 -0.9989787 2.398148
v -0.652037 -1.129361 2.398148
v -0.4460195 -1.225429 2.398148
v -0.22645 -1.284262 2.398148
v 5.700289e-8 -1.304074 2.398148
v -1.33454 0 2.399451
v -1.314266 -0.2317405 2.399451
v -1.254058 -0.4564397 2.399451
v -1.155746 -0.6672702 2.399451
v -1.022317 -0.8578261 2.399451
v -0.857826 -1.022317 2.399451
v -0.6672702 -1.155746 2.399451
v -0.4564396 -1.254058 2.399451
v -0.2317404 -1.314266 2.399451
v 5.833462e-8 -1.33454 2.399451
v -1.366818 0 2.399931
v -1.346052 -0.2373454 2.399931
v -1.284388 -0.4674792 2.399931
v -1.183699 -0.6834088 2.399931
v -1.047043 -0.8785734 2.399931
v -0.8785733 -1.047043 2.399931
v -0.6834087 -1.183699 2.399931
v -0.467479 -1.284388 2.399931
v -0.2373453 -1.346053 2.399931
v 5.974549e-8 -1.366818 2.399931
v 0.2102168 -1.192198 2.364884
v 0.4140462 -1.137582 2.364884
v 0.605295 -1.048402 2.364884
v 0.7781522 -0.9273658 2.364884
v 0.9273658 -0.778152 2.364884
v 1.048402 -0.6052949 2.364884
v 1.137582 -0.414046 2.364884
v 1.192198 -0.2102167 2.364884
v 1.21059 5.291656e-8 2.364884
v 0.2115769 -1.199912 2.376475
v 0.4167251 -1.144943 2.376475
v 0.6092113 -1.055185 2.376475
v 0.783187 -0.9333659 2.376475
v 0.9333659 -0.7831869 2.376475
v 1.055185 -0.6092112 2.376475
v 1.144943 -0.416725 2.376475
v 1.199912 -0.2115768 2.376475
v 1.218423 5.325894e-8 2.376475
v 0.2140375 -1.213867 2.385185
v 0.4215715 -1.158258 2.385185
v 0.6162962 -1.067456 2.385185
v 0.7922952 -0.9442206 2.385185
v 0.9442207 -0.7922951 2.385185
v 1.067457 -0.6162962 2.385185
v 1.158258 -0.4215713 2.385185
v 1.213867 -0.2140374 2.385185
v 1.232592 5.387833e-8 2.385185
v 0.2174414 -1.233171 2.391427
v 0.4282759 -1.176678 2.391427
v 0.6260974 -1.084432 2.391427
v 0.8048954 -0.9592369 2.391427
v 0.959237 -0.8048953 2.391427
v 1.084433 -0.6260974 2.391427
v 1.176678 -0.4282757 2.391427
v 1.233171 -0.2174413 2.391427
v 1.252195 5.473517e-8 2.391427
v 0.2216313 -1.256933 2.395611
v 0.4365284 -1.199352 2.395611
v 0.6381618 -1.105329 2.395611
v 0.8204052 -0.9777207 2.395611
v 0.9777207 -0.8204051 2.395611
v 1.105329 -0.6381618 2.395611
v 1.199352 -0.4365283 2.395611
v 1.256934 -0.2216312 2.395611
v 1.276324 5.578988e-8 2.395611
v 0.2264501 -1.284262 2.398148
v 0.4460196 -1.225429 2.398148
v 0.652037 -1.129361 2.398148
v 0.8382427 -0.9989787 2.398148
v 0.9989787 -0.8382425 2.398148
v 1.129361 -0.652037 2.398148
v 1.225429 -0.4460195 2.398148
v 1.284262 -0.22645 2.398148
v 1.304074 5.700289e-8 2.398148
v 0.2317405 -1.314266 2.399451
v 0.4564397 -1.254058 2.399451
v 0.6672702 -1.155746 2.399451
v 0.8578261 -1.022317 2.399451
v 1.022317 -0.857826 2.399451
v 1.155746 -0.6672702 2.399451
v 1.254058 -0.4564396 2.399451
v 1.314266 -0.2317404 2.399451
v 1.33454 5.833462e-8 2.399451
v 0.2373454 -1.346052 2.399931
v 0.4674792 -1.284388 2.399931
v 0.6834088 -1.183699 2.399931
v 0.8785734 -1.047043 2.399931
v 1.047043 -0.8785733 2.399931
v 1.183699 -0.6834087 2.399931
v 1.284388 -0.467479 2.399931
v 1.346053 -0.2373453 2.399931
v 1.366818 5.974549e-8 2.399931
v 0 1.21059 2.364884
v 0.2102168 1.192198 2.364884
v 0.4140462 1.137582 2.364884
v 0.605295 1.048402 2.364884
v 0.7781522 0.9273658 2.364884
v 0.9273658 0.778152 2.364884
v 1.048402 0.6052949 2.364884
v 1.137582 0.414046 2.364884
v 1.192198 0.2102167 2.364884
v 0 1.218423 2.376475
v 0.2115769 1.199912 2.376475
v 0.4167251 1.144943 2.376475
v 0.6092113 1.055185 2.376475
v 0.783187 0.9333659 2.376475
v 0.9333659 0.7831869 2.376475
v 1.055185 0.6092112 2.376475
v 1.144943 0.416725 2.376475
v 1.199912 0.2115768 2.376475
v 0 1.232592 2.385185
v 0.2140375 1.213867 2.385185
v 0.4215715 1.158258 2.385185
v 0.6162962 1.067456 2.385185
v 0.7922952 0.9442206 2.385185
v 0.9442207 0.7922951 2.385185
v 1.067457 0.6162962 2.385185
v 1.158258 0.4215713 2.385185
v 1.213867 0.2140374 2.385185
v 0 1.252195 2.391427
v 0.2174414 1.233171 2.391427
v 0.4282759 1.176678 2.391427
v 0.6260974 1.084432 2.391427
v 0.8048954 0.9592369 2.391427
v 0.959237 0.8048953 2.391427
v 1.084433 0.6260974 2.391427
v 1.176678 0.4282757 2.391427
v 1.233171 0.2174413 2.391427
v 0 1.276324 2.395611
v 0.2216313 1.256933 2.395611
v 0.4365284 1.199352 2.395611
v 0.6381618 1.105329 2.395611
v 0.8204052 0.9777207 2.395611
v 0.9777207 0.8204051 2.395611
v 1.105329 0.6381618 2.395611
v 1.199352 0.4365283 2.395611
v 1.256934 0.2216312 2.395611
v 0 1.304074 2.398148
v 0.2264501 1.284262 2.398148
v 0.4460196 1.225429 2.398148
v 0.652037 1.129361 2.398148
v 0.8382427 0.9989787 2.398148
v 0.9989787 0.8382425 2.398148
v 1.129361 0.652037 2.398148
v 1.225429 0.4460195 2.398148
v 1.284262 0.22645 2.398148
v 0 1.33454 2.399451
v 0.2317405 1.314266 2.399451
v 0.4564397 1.254058 2.399451
v 0.6672702 1.155746 2.399451
v 0.8578261 1.022317 2.399451
v 1.022317 0.857826 2.399451
v 1.155746 0.6672702 2.399451
v 1.254058 0.4564396 2.399451
v 1.314266 0.2317404 2.399451
v 0 1.366818 2.399931
v 0.2373454 1.346052 2.399931
v 0.4674792 1.284388 2.399931
v 0.6834088 1.183699 2.399931
v 0.8785734 1.047043 2.399931
v 1.047043 0.8785733 2.399931
v 1.183699 0.6834087 2.399931
v 1.284388 0.467479 2.399931
v 1.346053 0.2373453 2.399931
v -1.192198 0.2102168 2.364884
v -1.137582 0.4140462 2.364884
v -1.048402 0.605295 2.364884
v -0.9273658 0.7781522 2.364884
v -0.778152 0.9273658 2.364884
v -0.6052949 1.048402 2.364884
v -0.414046 1.137582 2.364884
v -0.2102167 1.192198 2.364884
v -1.199912 0.2115769 2.376475
v -1.144943 0.4167251 2.376475
v -1.055185 0.6092113 2.376475
v -0.9333659 0.783187 2.376475
v -0.7831869 0.9333659 2.376475
v -0.6092112 1.055185 2.376475
v -0.416725 1.144943 2.376475
v -0.2115768 1.199912 2.376475
v -1.213867 0.2140375 2.385185
v -1.158258 0.4215715 2.385185
v -1.067456 0.6162962 2.385185
v -0.9442206 0.7922952 2.385185
v -0.7922951 0.9442207 2.385185
v -0.6162962 1.067457 2.385185
v -0.4215713 1.158258 2.385185
v -0.2140374 1.213867 2.385185
v -1.233171 0.2174414 2.391427
v -1.176678 0.4282759 2.391427
v -1.084432 0.6260974 2.391427
v -0.9592369 0.8048954 2.391427
v -0.8048953 0.959237 2.391427
v -0.6260974 1.084433 2.391427
v -0.4282757 1.176678 2.391427
v -0.2174413 1.233171 2.391427
v -1.256933 0.2216313 2.395611
v -1.199352 0.4365284 2.395611
v -1.105329 0.6381618 2.395611
v -0.9777207 0.8204052 2.395611
v -0.8204051 0.9777207 2.395611
v -0.6381618 1.105329 2.395611
v -0.4365283 1.199352 2.395611
v -0.2216312 1.256934 2.395611
v -1.284262 0.2264501 2.398148
v -1.225429 0.4460196 2.398148
v -1.129361 0.652037 2.398148
v -0.9989787 0.8382427 2.398148
v -0.8382425 0.9989787 2.398148
v -0.652037 1.129361 2.398148
v -0.4460195 1.225429 2.398148
v -0.22645 1.284262 2.398148
v -1.314266 0.2317405 2.399451
v -1.254058 0.4564397 2.399451
v -1.155746 0.6672702 2.399451
v -1.022317 0.8578261 2.399451
v -0.857826 1.022317 2.399451
v -0.6672702 1.155746 2.399451
v -0.4564396 1.254058 2.399451
v -0.2317404 1.314266 2.399451
v -1.346052 0.2373454 2.399931
v -1.284388 0.4674792 2.399931
v -1.183699 0.6834088 2.399931
v -1.047043 0.8785734 2.399931
v -0.8785733 1.047043 2.399931
v -0.6834087 1.183699 2.399931
v -0.467479 1.284388 2.399931
v -0.2373453 1.346053 2.399931
v -1.269527 0 2.399932
v -1.25024 -0.220451 2.399932
v -1.192965 -0.4342037 2.399932
v -1.099442 -0.6347634 2.399932
v -0.9725139 -0.816036 2.399932
v -0.8160359 -0.9725141 2.399932
v -0.6347633 -1.099443 2.399932
v -0.4342036 -1.192965 2.399932
v -0.2204509 -1.25024 2.399932
v 5.549278e-8 -1.269527 2.399932
v -1.244362 0 2.399451
v -1.225457 -0.2160813 2.399451
v -1.169318 -0.425597 2.399451
v -1.077649 -0.6221811 2.399451
v -0.9532368 -0.7998606 2.399451
v -0.7998606 -0.9532368 2.399451
v -0.622181 -1.077649 2.399451
v -0.4255968 -1.169318 2.399451
v -0.2160812 -1.225458 2.399451
v 5.43928e-8 -1.244362 2.399451
v -1.223889 0 2.398148
v -1.205295 -0.2125261 2.398148
v -1.150079 -0.4185946 2.398148
v -1.059919 -0.6119444 2.398148
v -0.9375532 -0.7867005 2.398148
v -0.7867005 -0.9375533 2.398148
v -0.6119443 -1.059919 2.398148
v -0.4185945 -1.150079 2.398148
v -0.212526 -1.205295 2.398148
v 5.349788e-8 -1.223889 2.398148
v -1.20749 0 2.395611
v -1.189145 -0.2096784 2.395611
v -1.134669 -0.4129859 2.395611
v -1.045717 -0.6037449 2.395611
v -0.924991 -0.7761595 2.395611
v -0.7761594 -0.924991 2.395611
v -0.6037448 -1.045717 2.395611
v -0.4129857 -1.134669 2.395611
v -0.2096783 -1.189145 2.395611
v 5.278106e-8 -1.20749 2.395611
v -1.194547 0 2.391427
v -1.176399 -0.207431 2.391427
v -1.122507 -0.4085593 2.391427
v -1.034508 -0.5972736 2.391427
v -0.9150764 -0.7678402 2.391427
v -0.7678402 -0.9150764 2.391427
v -0.5972736 -1.034508 2.391427
v -0.4085591 -1.122507 2.391427
v -0.2074309 -1.176399 2.391427
v 5.221532e-8 -1.194547 2.391427
v -1.184444 0 2.385185
v -1.16645 -0.2056766 2.385185
v -1.113014 -0.4051039 2.385185
v -1.025759 -0.5922222 2.385185
v -0.907337 -0.7613461 2.385185
v -0.7613461 -0.9073372 2.385185
v -0.5922221 -1.025759 2.385185
v -0.4051037 -1.113014 2.385185
v -0.2056765 -1.16645 2.385185
v 5.177371e-8 -1.184444 2.385185
v -1.176564 0 2.376475
v -1.158689 -0.2043082 2.376475
v -1.105608 -0.4024085 2.376475
v -1.018934 -0.5882819 2.376475
v -0.9013001 -0.7562807 2.376475
v -0.7562805 -0.9013002 2.376475
v -0.5882819 -1.018934 2.376475
v -0.4024084 -1.105608 2.376475
v -0.2043081 -1.158689 2.376475
v 5.142924e-8 -1.176564 2.376475
v -1.170288 0 2.364884
v -1.152509 -0.2032184 2.364884
v -1.099711 -0.4002621 2.364884
v -1.013499 -0.585144 2.364884
v -0.8964926 -0.7522467 2.364884
v -0.7522466 -0.8964927 2.364884
v -0.585144 -1.013499 2.364884
v -0.400262 -1.099711 2.364884
v -0.2032183 -1.152509 2.364884
v 5.115491e-8 -1.170288 2.364884
v -1.165 0 2.35
v -1.147301 -0.2023001 2.35
v -1.094742 -0.3984535 2.35
v -1.00892 -0.5825 2.35
v -0.8924417 -0.7488475 2.35
v -0.7488475 -0.8924418 2.35
v -0.5824999 -1.00892 2.35
v -0.3984533 -1.094742 2.35
v -0.2023 -1.147301 2.35
v 5.092377e-8 -1.165 2.35
v 0.220451 -1.25024 2.399932
v 0.4342037 -1.192965 2.399932
v 0.6347634 -1.099442 2.399932
v 0.816036 -0.9725139 2.399932
v 0.9725141 -0.8160359 2.399932
v 1.099443 -0.6347633 2.399932
v 1.192965 -0.4342036 2.399932
v 1.25024 -0.2204509 2.399932
v 1.269527 5.549278e-8 2.399932
v 0.2160813 -1.225457 2.399451
v 0.425597 -1.169318 2.399451
v 0.6221811 -1.077649 2.399451
v 0.7998606 -0.9532368 2.399451
v 0.9532368 -0.7998606 2.399451
v 1.077649 -0.622181 2.399451
v 1.169318 -0.4255968 2.399451
v 1.225458 -0.2160812 2.399451
v 1.244362 5.43928e-8 2.399451
v 0.2125261 -1.205295 2.398148
v 0.4185946 -1.150079 2.398148
v 0.6119444 -1.059919 2.398148
v 0.7867005 -0.9375532 2.398148
v 0.9375533 -0.7867005 2.398148
v 1.059919 -0.6119443 2.398148
v 1.150079 -0.4185945 2.398148
v 1.205295 -0.212526 2.398148
v 1.223889 5.349788e-8 2.398148
v 0.2096784 -1.189145 2.395611
v 0.4129859 -1.134669 2.395611
v 0.6037449 -1.045717 2.395611
v 0.7761595 -0.924991 2.395611
v 0.924991 -0.7761594 2.395611
v 1.045717 -0.6037448 2.395611
v 1.134669 -0.4129857 2.395611
v 1.189145 -0.2096783 2.395611
v 1.20749 5.278106e-8 2.395611
v 0.207431 -1.176399 2.391427
v 0.4085593 -1.122507 2.391427
v 0.5972736 -1.034508 2.391427
v 0.7678402 -0.9150764 2.391427
v 0.9150764 -0.7678402 2.391427
v 1.034508 -0.5972736 2.391427
v 1.122507 -0.4085591 2.391427
v 1.176399 -0.2074309 2.391427
v 1.194547 5.221532e-8 2.391427
v 0.2056766 -1.16645 2.385185
v 0.4051039 -1.113014 2.385185
v 0.5922222 -1.025759 2.385185
v 0.7613461 -0.907337 2.385185
v 0.9073372 -0.7613461 2.385185
v 1.025759 -0.5922221 2.385185
v 1.113014 -0.4051037 2.385185
v 1.16645 -0.2056765 2.385185
v 1.184444 5.177371e-8 2.385185
v 0.2043082 -1.158689 2.376475
v 0.4024085 -1.105608 2.376475
v 0.5882819 -1.018934 2.376475
v 0.7562807 -0.9013001 2.376475
v 0.9013002 -0.7562805 2.376475
v 1.018934 -0.5882819 2.376475
v 1.105608 -0.4024084 2.376475
v 1.158689 -0.2043081 2.376475
v 1.176564 5.142924e-8 2.376475
v 0.2032184 -1.152509 2.364884
v 0.4002621 -1.099711 2.364884
v 0.585144 -1.013499 2.364884
v 0.7522467 -0.8964926 2.364884
v 0.8964927 -0.7522466 2.364884
v 1.013499 -0.585144 2.364884
v 1.099711 -0.400262 2.364884
v 1.152509 -0.2032183 2.364884
v 1.170288 5.115491e-8 2.364884
v 0.2023001 -1.147301 2.35
v 0.3984535 -1.094742 2.35
v 0.5825 -1.00892 2.35
v 0.7488475 -0.8924417 2.35
v 0.8924418 -0.7488475 2.35
v 1.00892 -0.5824999 2.35
v 1.094742 -0.3984533 2.35
v 1.147301 -0.2023 2.35
v 1.165 5.092377e-8 2.35
v 0 1.269527 2.399932
v 0.220451 1.25024 2.399932
v 0.4342037 1.192965 2.399932
v 0.6347634 1.099442 2.399932
v 0.816036 0.9725139 2.399932
v 0.9725141 0.8160359 2.399932
v 1.099443 0.6347633 2.399932
v 1.192965 0.4342036 2.399932
v 1.25024 0.2204509 2.399932
v 0 1.244362 2.399451
v 0.2160813 1.225457 2.399451
v 0.425597 1.169318 2.399451
v 0.6221811 1.077649 2.399451
v 0.7998606 0.9532368 2.399451
v 0.9532368 0.7998606 2.399451
v 1.077649 0.622181 2.399451
v 1.169318 0.4255968 2.399451
v 1.225458 0.2160812 2.399451
v 0 1.223889 2.398148
v 0.2125261 1.205295 2.398148
v 0.4185946 1.150079 2.398148
v 0.6119444 1.059919 2.398148
v 0.7867005 0.9375532 2.398148
v 0.9375533 0.7867005 2.398148
v 1.059919 0.6119443 2.398148
v 1.150079 0.4185945 2.398148
v 1.205295 0.212526 2.398148
v 0 1.20749 2.395611
v 0.2096784 1.189145 2.395611
v 0.4129859 1.134669 2.395611
v 0.6037449 1.045717 2.395611
v 0.7761595 0.924991 2.395611
v 0.924991 0.7761594 2.395611
v 1.045717 0.6037448 2.395611
v 1.134669 0.4129857 2.395611
v 1.189145 0.2096783 2.395611
v 0 1.194547 2.391427
v 0.207431 1.176399 2.391427
v 0.4085593 1.122507 2.391427
v 0.5972736 1.034508 2.391427
v 0.7678402 0.9150764 2.391427
v 0.9150764 0.7678402 2.391427
v 1.034508 0.5972736 2.391427
v 1.122507 0.4085591 2.391427
v 1.176399 0.2074309 2.391427
v 0 1.184444 2.385185
v 0.2056766 1.16645 2.385185
v 0.4051039 1.113014 2.385185
v 0.5922222 1.025759 2.385185
v 0.7613461 0.907337 2.385185
v 0.9073372 0.7613461 2.385185
v 1.025759 0.5922221 2.385185
v 1.113014 0.4051037 2.385185
v 1.16645 0.2056765 2.385185
v 0 1.176564 2.376475
v 0.2043082 1.158689 2.376475
v 0.4024085 1.105608 2.376475
v 0.5882819 1.018934 2.376475
v 0.7562807 0.9013001 2.376475
v 0.9013002 0.7562805 2.376475
v 1.018934 0.5882819 2.376475
v 1.105608 0.4024084 2.376475
v 1.158689 0.2043081 2.376475
v 0 1.170288 2.364884
v 0.2032184 1.152509 2.364884
v 0.4002621 1.099711 2.364884
v 0.585144 1.013499 2.364884
v 0.7522467 0.8964926 2.364884
v 0.8964927 0.7522466 2.364884
v 1.013499 0.585144 2.364884
v 1.099711 0.400262 2.364884
v 1.152509 0.2032183 2.364884
v 0 1.165 2.35
v 0.2023001 1.147301 2.35
v 0.3984535 1.094742 2.35
v 0.5825 1.00892 2.35
v 0.7488475 0.8924417 2.35
v 0.8924418 0.7488475 2.35
v 1.00892 0.5824999 2.35
v 1.094742 0.3984533 2.35
v 1.147301 0.2023 2.35
v -1.25024 0.220451 2.399932
v -1.192965 0.4342037 2.399932
v -1.099442 0.6347634 2.399932
v -0.9725139 0.816036 2.399932
v -0.8160359 0.9725141 2.399932
v -0.6347633 1.099443 2.399932
v -0.4342036 1.192965 2.399932
v -0.2204509 1.25024 2.399932
v -1.225457 0.2160813 2.399451
v -1.169318 0.425597 2.399451
v -1.077649 0.6221811 2.399451
v -0.9532368 0.7998606 2.399451
v -0.7998606 0.9532368 2.399451
v -0.622181 1.077649 2.399451
v -0.4255968 1.169318 2.399451
v -0.2160812 1.225458 2.399451
v -1.205295 0.2125261 2.398148
v -1.150079 0.4185946 2.398148
v -1.059919 0.6119444 2.398148
v -0.9375532 0.7867005 2.398148
v -0.7867005 0.9375533 2.398148
v -0.6119443 1.059919 2.398148
v -0.4185945 1.150079 2.398148
v -0.212526 1.205295 2.398148
v -1.189145 0.2096784 2.395611
v -1.134669 0.4129859 2.395611
v -1.045717 0.6037449 2.395611
v -0.924991 0.7761595 2.395611
v -0.7761594 0.924991 2.395611
v -0.6037448 1.045717 2.395611
v -0.4129857 1.134669 2.395611
v -0.2096783 1.189145 2.395611
v -1.176399 0.207431 2.391427
v -1.122507 0.4085593 2.391427
v -1.034508 0.5972736 2.391427
v -0.9150764 0.7678402 2.391427
v -0.7678402 0.9150764 2.391427
v -0.5972736 1.034508 2.391427
v -0.4085591 1.122507 2.391427
v -0.2074309 1.176399 2.391427
v -1.16645 0.2056766 2.385185
v -1.113014 0.4051039 2.385185
v -1.025759 0.5922222 2.385185
v -0.907337 0.7613461 2.385185
v -0.7613461 0.9073372 2.385185
v -0.5922221 1.025759 2.385185
v -0.4051037 1.113014 2.385185
v -0.2056765 1.16645 2.385185
v -1.158689 0.2043082 2.376475
v -1.105608 0.4024085 2.376475
v -1.018934 0.5882819 2.376475
v -0.9013001 0.7562807 2.376475
v -0.7562805 0.9013002 2.376475
v -0.5882819 1.018934 2.376475
v -0.4024084 1.105608 2.376475
v -0.2043081 1.158689 2.376475
v -1.152509 0.2032184 2.364884
v -1.099711 0.4002621 2.364884
v -1.013499 0.585144 2.364884
v -0.8964926 0.7522467 2.364884
v -0.7522466 0.8964927 2.364884
v -0.585144 1.013499 2.364884
v -0.400262 1.099711 2.364884
v -0.2032183 1.152509 2.364884
v -1.147301 0.2023001 2.35
v -1.094742 0.3984535 2.35
v -1.00892 0.5825 2.35
v -0.8924417 0.7488475 2.35
v -0.7488475 0.8924418 2.35
v -0.5824999 1.00892 2.35
v -0.3984533 1.094742 2.35
v -0.2023 1.147301 2.35
v -1.158752 0 2.336914
v -1.141148 -0.2012152 2.336914
v -1.08887 -0.3963164 2.336914
v -1.003509 -0.5793758 2.336914
v -0.8876553 -0.7448313 2.336914
v -0.7448311 -0.8876554 2.336914
v -0.5793758 -1.003509 2.336914
v -0.3963163 -1.088871 2.336914
v -0.2012151 -1.141148 2.336914
v 5.065065e-8 -1.158752 2.336914
v -1.150199 0 2.330494
v -1.132725 -0.19973 2.330494
v -1.080833 -0.3933912 2.330494
v -0.9961016 -0.5750995 2.330494
v -0.8811035 -0.7393336 2.330494
v -0.7393335 -0.8811035 2.330494
v -0.5750994 -0.9961016 2.330494
v -0.3933911 -1.080833 2.330494
v -0.1997299 -1.132725 2.330494
v 5.027679e-8 -1.150199 2.330494
v -1.139629 0 2.33
v -1.122316 -0.1978946 2.33
v -1.070901 -0.3897763 2.33
v -0.9869481 -0.5698147 2.33
v -0.8730069 -0.7325397 2.33
v -0.7325397 -0.8730069 2.33
v -0.5698147 -0.9869481 2.33
v -0.3897761 -1.070902 2.33
v -0.1978945 -1.122316 2.33
v 4.981479e-8 -1.139629 2.33
v -1.127332 0 2.334692
v -1.110205 -0.1957592 2.334692
v -1.059346 -0.3855703 2.334692
v -0.9762982 -0.563666 2.334692
v -0.8635865 -0.7246351 2.334692
v -0.7246351 -0.8635865 2.334692
v -0.563666 -0.9762983 2.334692
v -0.3855702 -1.059346 2.334692
v -0.1957591 -1.110205 2.334692
v 4.927725e-8 -1.127332 2.334692
v -1.113594 0 2.343827
v -1.096676 -0.1933736 2.343827
v -1.046436 -0.3808716 2.343827
v -0.9644007 -0.556797 2.343827
v -0.8530625 -0.7158045 2.343827
v -0.7158044 -0.8530625 2.343827
v -0.5567969 -0.9644007 2.343827
v -0.3808714 -1.046436 2.343827
v -0.1933735 -1.096676 2.343827
v 4.867674e-8 -1.113594 2.343827
v -1.098704 0 2.356667
v -1.082012 -0.1907879 2.356667
v -1.032444 -0.3757788 2.356667
v -0.9515053 -0.5493518 2.356667
v -0.8416559 -0.7062331 2.356667
v -0.7062331 -0.841656 2.356667
v -0.5493518 -0.9515053 2.356667
v -0.3757787 -1.032444 2.356667
v -0.1907878 -1.082012 2.356667
v 4.802587e-8 -1.098704 2.356667
v -1.082949 0 2.372469
v -1.066497 -0.1880522 2.372469
v -1.017639 -0.3703904 2.372469
v -0.9378615 -0.5414746 2.372469
v -0.8295873 -0.6961064 2.372469
v -0.6961063 -0.8295873 2.372469
v -0.5414746 -0.9378616 2.372469
v -0.3703904 -1.01764 2.372469
v -0.1880521 -1.066497 2.372469
v 4.733722e-8 -1.082949 2.372469
v -1.066619 0 2.390494
v -1.050414 -0.1852164 2.390494
v -1.002294 -0.364805 2.390494
v -0.9237188 -0.5333093 2.390494
v -0.8170773 -0.6856092 2.390494
v -0.6856092 -0.8170773 2.390494
v -0.5333093 -0.9237189 2.390494
v -0.364805 -1.002294 2.390494
v -0.1852163 -1.050414 2.390494
v 4.662338e-8 -1.066619 2.390494
v -1.05 0 2.41
v -1.034048 -0.1823306 2.41
v -0.9866772 -0.3591211 2.41
v -0.9093266 -0.525 2.41
v -0.8043466 -0.674927 2.41
v -0.6749269 -0.8043467 2.41
v -0.5249999 -0.9093267 2.41
v -0.359121 -0.9866773 2.41
v -0.1823305 -1.034048 2.41
v 4.589696e-8 -1.05 2.41
v 0.2012152 -1.141148 2.336914
v 0.3963164 -1.08887 2.336914
v 0.5793758 -1.003509 2.336914
v 0.7448313 -0.8876553 2.336914
v 0.8876554 -0.7448311 2.336914
v 1.003509 -0.5793758 2.336914
v 1.088871 -0.3963163 2.336914
v 1.141148 -0.2012151 2.336914
v 1.158752 5.065065e-8 2.336914
v 0.19973 -1.132725 2.330494
v 0.3933912 -1.080833 2.330494
v 0.5750995 -0.9961016 2.330494
v 0.7393336 -0.8811035 2.330494
v 0.8811035 -0.7393335 2.330494
v 0.9961016 -0.5750994 2.330494
v 1.080833 -0.3933911 2.330494
v 1.132725 -0.1997299 2.330494
v 1.150199 5.027679e-8 2.330494
v 0.1978946 -1.122316 2.33
v 0.3897763 -1.070901 2.33
v 0.5698147 -0.9869481 2.33
v 0.7325397 -0.8730069 2.33
v 0.8730069 -0.7325397 2.33
v 0.9869481 -0.5698147 2.33
v 1.070902 -0.3897761 2.33
v 1.122316 -0.1978945 2.33
v 1.139629 4.981479e-8 2.33
v 0.1957592 -1.110205 2.334692
v 0.3855703 -1.059346 2.334692
v 0.563666 -0.9762982 2.334692
v 0.7246351 -0.8635865 2.334692
v 0.8635865 -0.7246351 2.334692
v 0.9762983 -0.563666 2.334692
v 1.059346 -0.3855702 2.334692
v 1.110205 -0.1957591 2.334692
v 1.127332 4.927725e-8 2.334692
v 0.1933736 -1.096676 2.343827
v 0.3808716 -1.046436 2.343827
v 0.556797 -0.9644007 2.343827
v 0.7158045 -0.8530625 2.343827
v 0.8530625 -0.7158044 2.343827
v 0.9644007 -0.5567969 2.343827
v 1.046436 -0.3808714 2.343827
v 1.096676 -0.1933735 2.343827
v 1.113594 4.867674e-8 2.343827
v 0.1907879 -1.082012 2.356667
v 0.3757788 -1.032444 2.356667
v 0.5493518 -0.9515053 2.356667
v 0.7062331 -0.8416559 2.356667
v 0.841656 -0.7062331 2.356667
v 0.9515053 -0.5493518 2.356667
v 1.032444 -0.3757787 2.356667
v 1.082012 -0.1907878 2.356667
v 1.098704 4.802587e-8 2.356667
v 0.1880522 -1.066497 2.372469
v 0.3703904 -1.017639 2.372469
v 0.5414746 -0.9378615 2.372469
v 0.6961064 -0.8295873 2.372469
v 0.8295873 -0.6961063 2.372469
v 0.9378616 -0.5414746 2.372469
v 1.01764 -0.3703904 2.372469
v 1.066497 -0.1880521 2.372469
v 1.082949 4.733722e-8 2.372469
v 0.1852164 -1.050414 2.390494
v 0.364805 -1.002294 2.390494
v 0.5333093 -0.9237188 2.390494
v 0.6856092 -0.8170773 2.390494
v 0.8170773 -0.6856092 2.390494
v 0.9237189 -0.5333093 2.390494
v 1.002294 -0.364805 2.390494
v 1.050414 -0.1852163 2.390494
v 1.066619 4.662338e-8 2.390494
v 0.1823306 -1.034048 2.41
v 0.3591211 -0.9866772 2.41
v 0.525 -0.9093266 2.41
v 0.674927 -0.8043466 2.41
v 0.8043467 -0.6749269 2.41
v 0.9093267 -0.5249999 2.41
v 0.9866773 -0.359121 2.41
v 1.034048 -0.1823305 2.41
v 1.05 4.589696e-8 2.41
v 0 1.158752 2.336914
v 0.2012152 1.141148 2.336914
v 0.3963164 1.08887 2.336914
v 0.5793758 1.003509 2.336914
v 0.7448313 0.8876553 2.336914
v 0.8876554 0.7448311 2.336914
v 1.003509 0.5793758 2.336914
v 1.088871 0.3963163 2.336914
v 1.141148 0.2012151 2.336914
v 0 1.150199 2.330494
v 0.19973 1.132725 2.330494
v 0.3933912 1.080833 2.330494
v 0.5750995 0.9961016 2.330494
v 0.7393336 0.8811035 2.330494
v 0.8811035 0.7393335 2.330494
v 0.9961016 0.5750994 2.330494
v 1.080833 0.3933911 2.330494
v 1.132725 0.1997299 2.330494
v 0 1.139629 2.33
v 0.1978946 1.122316 2.33
v 0.3897763 1.070901 2.33
v 0.5698147 0.9869481 2.33
v 0.7325397 0.8730069 2.33
v 0.8730069 0.7325397 2.33
v 0.9869481 0.5698147 2.33
v 1.070902 0.3897761 2.33
v 1.122316 0.1978945 2.33
v 0 1.127332 2.334692
v 0.1957592 1.110205 2.334692
v 0.3855703 1.059346 2.334692
v 0.563666 0.9762982 2.334692
v 0.7246351 0.8635865 2.334692
v 0.8635865 0.7246351 2.334692
v 0.9762983 0.563666 2.334692
v 1.059346 0.3855702 2.334692
v 1.110205 0.1957591 2.334692
v 0 1.113594 2.343827
v 0.1933736 1.096676 2.343827
v 0.3808716 1.046436 2.343827
v 0.556797 0.9644007 2.343827
v 0.7158045 0.8530625 2.343827
v 0.8530625 0.7158044 2.343827
v 0.9644007 0.5567969 2.343827
v 1.046436 0.3808714 2.343827
v 1.096676 0.1933735 2.343827
v 0 1.098704 2.356667
v 0.1907879 1.082012 2.356667
v 0.3757788 1.032444 2.356667
v 0.5493518 0.9515053 2.356667
v 0.7062331 0.8416559 2.356667
v 0.841656 0.7062331 2.356667
v 0.9515053 0.5493518 2.356667
v 1.032444 0.3757787 2.356667
v 1.082012 0.1907878 2.356667
v 0 1.082949 2.372469
v 0.1880522 1.066497 2.372469
v 0.3703904 1.017639 2.372469
v 0.5414746 0.9378615 2.372469
v 0.6961064 0.8295873 2.372469
v 0.8295873 0.6961063 2.372469
v 0.9378616 0.5414746 2.372469
v 1.01764 0.3703904 2.372469
v 1.066497 0.1880521 2.372469
v 0 1.066619 2.390494
v 0.1852164 1.050414 2.390494
v 0.364805 1.002294 2.390494
v 0.5333093 0.9237188 2.390494
v 0.6856092 0.8170773 2.390494
v 0.8170773 0.6856092 2.390494
v 0.9237189 0.5333093 2.390494
v 1.002294 0.364805 2.390494
v 1.050414 0.1852163 2.390494
v 0 1.05 2.41
v 0.1823306 1.034048 2.41
v 0.3591211 0.9866772 2.41
v 0.525 0.9093266 2.41
v 0.674927 0.8043466 2.41
v 0.8043467 0.6749269 2.41
v 0.9093267 0.5249999 2.41
v 0.9866773 0.359121 2.41
v 1.034048 0.1823305 2.41
v -1.141148 0.2012152 2.336914
v -1.08887 0.3963164 2.336914
v -1.003509 0.5793758 2.336914
v -0.8876553 0.7448313 2.336914
v -0.7448311 0.8876554 2.336914
v -0.5793758 1.003509 2.336914
v -0.3963163 1.088871 2.336914
v -0.2012151 1.141148 2.336914
v -1.132725 0.19973 2.330494
v -1.080833 0.3933912 2.330494
v -0.9961016 0.5750995 2.330494
v -0.8811035 0.7393336 2.330494
v -0.7393335 0.8811035 2.330494
v -0.5750994 0.9961016 2.330494
v -0.3933911 1.080833 2.330494
v -0.1997299 1.132725 2.330494
v -1.122316 0.1978946 2.33
v -1.070901 0.3897763 2.33
v -0.9869481 0.5698147 2.33
v -0.8730069 0.7325397 2.33
v -0.7325397 0.8730069 2.33
v -0.5698147 0.9869481 2.33
v -0.3897761 1.070902 2.33
v -0.1978945 1.122316 2.33
v -1.110205 0.1957592 2.334692
v -1.059346 0.3855703 2.334692
v -0.9762982 0.563666 2.334692
v -0.8635865 0.7246351 2.334692
v -0.7246351 0.8635865 2.334692
v -0.563666 0.9762983 2.334692
v -0.3855702 1.059346 2.334692
v -0.1957591 1.110205 2.334692
v -1.096676 0.1933736 2.343827
v -1.046436 0.3808716 2.343827
v -0.9644007 0.556797 2.343827
v -0.8530625 0.7158045 2.343827
v -0.7158044 0.8530625 2.343827
v -0.5567969 0.9644007 2.343827
v -0.3808714 1.046436 2.343827
v -0.1933735 1.096676 2.343827
v -1.082012 0.1907879 2.356667
v -1.032444 0.3757788 2.356667
v -0.9515053 0.5493518 2.356667
v -0.8416559 0.7062331 2.356667
v -0.7062331 0.841656 2.356667
v -0.5493518 0.9515053 2.356667
v -0.3757787 1.032444 2.356667
v -0.1907878 1.082012 2.356667
v -1.066497 0.1880522 2.372469
v -1.017639 0.3703904 2.372469
v -0.9378615 0.5414746 2.372469
v -0.8295873 0.6961064 2.372469
v -0.6961063 0.8295873 2.372469
v -0.5414746 0.9378616 2.372469
v -0.3703904 1.01764 2.372469
v -0.1880521 1.066497 2.372469
v -1.050414 0.1852164 2.390494
v -1.002294 0.364805 2.390494
v -0.9237188 0.5333093 2.390494
v -0.8170773 0.6856092 2.390494
v -0.6856092 0.8170773 2.390494
v -0.5333093 0.9237189 2.390494
v -0.364805 1.002294 2.390494
v -0.1852163 1.050414 2.390494
v -1.034048 0.1823306 2.41
v -0.9866772 0.3591211 2.41
v -0.9093266 0.525 2.41
v -0.8043466 0.674927 2.41
v -0.6749269 0.8043467 2.41
v -0.5249999 0.9093267 2.41
v -0.359121 0.9866773 2.41
v -0.1823305 1.034048 2.41
v -1.013992 0 2.430604
v -0.998587 -0.1760778 2.430604
v -0.9528406 -0.3468056 2.430604
v -0.8781427 -0.5069959 2.430604
v -0.7767628 -0.6517813 2.430604
v -0.6517813 -0.7767628 2.430604
v -0.5069959 -0.8781427 2.430604
v -0.3468055 -0.9528406 2.430604
v -0.1760777 -0.998587 2.430604
v 4.432299e-8 -1.013992 2.430604
v -0.9434156 0 2.451866
v -0.929083 -0.1638224 2.451866
v -0.8865207 -0.3226672 2.451866
v -0.8170219 -0.4717078 2.451866
v -0.7226983 -0.6064159 2.451866
v -0.6064159 -0.7226983 2.451866
v -0.4717078 -0.817022 2.451866
v -0.3226671 -0.8865208 2.451866
v -0.1638224 -0.929083 2.451866
v 4.123801e-8 -0.9434156 2.451866
v -0.8444443 0 2.472963
v -0.8316153 -0.1466362 2.472963
v -0.7935181 -0.288817 2.472963
v -0.7313102 -0.4222222 2.472963
v -0.6468818 -0.5427984 2.472963
v -0.5427983 -0.6468819 2.472963
v -0.4222221 -0.7313103 2.472963
v -0.2888169 -0.7935181 2.472963
v -0.1466361 -0.8316153 2.472963
v 3.691184e-8 -0.8444443 2.472963
v -0.7232511 0 2.493073
v -0.7122633 -0.1255912 2.493073
v -0.6796337 -0.2473665 2.493073
v -0.6263538 -0.3616256 2.493073
v -0.5540425 -0.4648969 2.493073
v -0.4648968 -0.5540425 2.493073
v -0.3616255 -0.6263538 2.493073
v -0.2473664 -0.6796338 2.493073
v -0.1255912 -0.7122633 2.493073
v 3.161431e-8 -0.7232511 2.493073
v -0.5860082 0 2.511372
v -0.5771054 -0.1017593 2.511372
v -0.5506675 -0.2004266 2.511372
v -0.507498 -0.2930041 2.511372
v -0.4489083 -0.3766788 2.511372
v -0.3766788 -0.4489084 2.511372
v -0.293004 -0.507498 2.511372
v -0.2004265 -0.5506676 2.511372
v -0.1017592 -0.5771055 2.511372
v 2.561523e-8 -0.5860082 2.511372
v -0.4388888 0 2.527037
v -0.4322211 -0.07621226 2.527037
v -0.4124206 -0.1501088 2.527037
v -0.3800889 -0.2194444 2.527037
v -0.3362083 -0.2821124 2.527037
v -0.2821123 -0.3362084 2.527037
v -0.2194444 -0.3800889 2.527037
v -0.1501088 -0.4124206 2.527037
v -0.07621221 -0.4322212 2.527037
v 1.918444e-8 -0.4388888 2.527037
v -0.2880659 0 2.539246
v -0.2836894 -0.05002211 2.539246
v -0.2706933 -0.09852432 2.539246
v -0.2494723 -0.1440329 2.539246
v -0.2206712 -0.1851652 2.539246
v -0.1851651 -0.2206712 2.539246
v -0.1440329 -0.2494723 2.539246
v -0.09852429 -0.2706934 2.539246
v -0.05002209 -0.2836895 2.539246
v 1.259176e-8 -0.2880659 2.539246
v -0.1397119 0 2.547174
v -0.1375894 -0.02426072 2.547174
v -0.1312863 -0.0477843 2.547174
v -0.1209941 -0.06985597 2.547174
v -0.1070255 -0.0898051 2.547174
v -0.0898051 -0.1070255 2.547174
v -0.06985596 -0.1209941 2.547174
v -0.04778428 -0.1312863 2.547174
v -0.02426071 -0.1375894 2.547174
v 6.107003e-9 -0.1397119 2.547174
v 0 0 2.55
v 0.1760778 -0.998587 2.430604
v 0.3468056 -0.9528406 2.430604
v 0.5069959 -0.8781427 2.430604
v 0.6517813 -0.7767628 2.430604
v 0.7767628 -0.6517813 2.430604
v 0.8781427 -0.5069959 2.430604
v 0.9528406 -0.3468055 2.430604
v 0.998587 -0.1760777 2.430604
v 1.013992 4.432299e-8 2.430604
v 0.1638224 -0.929083 2.451866
v 0.3226672 -0.8865207 2.451866
v 0.4717078 -0.8170219 2.451866
v 0.6064159 -0.7226983 2.451866
v 0.7226983 -0.6064159 2.451866
v 0.817022 -0.4717078 2.451866
v 0.8865208 -0.3226671 2.451866
v 0.929083 -0.1638224 2.451866
v 0.9434156 4.123801e-8 2.451866
v 0.1466362 -0.8316153 2.472963
v 0.288817 -0.7935181 2.472963
v 0.4222222 -0.7313102 2.472963
v 0.5427984 -0.6468818 2.472963
v 0.6468819 -0.5427983 2.472963
v 0.7313103 -0.4222221 2.472963
v 0.7935181 -0.2888169 2.472963
v 0.8316153 -0.1466361 2.472963
v 0.8444443 3.691184e-8 2.472963
v 0.1255912 -0.7122633 2.493073
v 0.2473665 -0.6796337 2.493073
v 0.3616256 -0.6263538 2.493073
v 0.4648969 -0.5540425 2.493073
v 0.5540425 -0.4648968 2.493073
v 0.6263538 -0.3616255 2.493073
v 0.6796338 -0.2473664 2.493073
v 0.7122633 -0.1255912 2.493073
v 0.7232511 3.161431e-8 2.493073
v 0.1017593 -0.5771054 2.511372
v 0.2004266 -0.5506675 2.511372
v 0.2930041 -0.507498 2.511372
v 0.3766788 -0.4489083 2.511372
v 0.4489084 -0.3766788 2.511372
v 0.507498 -0.293004 2.511372
v 0.5506676 -0.2004265 2.511372
v 0.5771055 -0.1017592 2.511372
v 0.5860082 2.561523e-8 2.511372
v 0.07621226 -0.4322211 2.527037
v 0.1501088 -0.4124206 2.527037
v 0.2194444 -0.3800889 2.527037
v 0.2821124 -0.3362083 2.527037
v 0.3362084 -0.2821123 2.527037
v 0.3800889 -0.2194444 2.527037
v 0.4124206 -0.1501088 2.527037
v 0.4322212 -0.07621221 2.527037
v 0.4388888 1.918444e-8 2.527037
v 0.05002211 -0.2836894 2.539246
v 0.09852432 -0.2706933 2.539246
v 0.1440329 -0.2494723 2.539246
v 0.1851652 -0.2206712 2.539246
v 0.2206712 -0.1851651 2.539246
v 0.2494723 -0.1440329 2.539246
v 0.2706934 -0.09852429 2.539246
v 0.2836895 -0.05002209 2.539246
v 0.2880659 1.259176e-8 2.539246
v 0.02426072 -0.1375894 2.547174
v 0.0477843 -0.1312863 2.547174
v 0.06985597 -0.1209941 2.547174
v 0.0898051 -0.1070255 2.547174
v 0.1070255 -0.0898051 2.547174
v 0.1209941 -0.06985596 2.547174
v 0.1312863 -0.04778428 2.547174
v 0.1375894 -0.02426071 2.547174
v 0.1397119 6.107003e-9 2.547174
v 0 1.013992 2.430604
v 0.1760778 0.998587 2.430604
v 0.3468056 0.9528406 2.430604
v 0.5069959 0.8781427 2.430604
v 0.6517813 0.7767628 2.430604
v 0.7767628 0.6517813 2.430604
v 0.8781427 0.5069959 2.430604
v 0.9528406 0.3468055 2.430604
v 0.998587 0.1760777 2.430604
v 0 0.9434156 2.451866
v 0.1638224 0.929083 2.451866
v 0.3226672 0.8865207 2.451866
v 0.4717078 0.8170219 2.451866
v 0.6064159 0.7226983 2.451866
v 0.7226983 0.6064159 2.451866
v 0.817022 0.4717078 2.451866
v 0.8865208 0.3226671 2.451866
v 0.929083 0.1638224 2.451866
v 0 0.8444443 2.472963
v 0.1466362 0.8316153 2.472963
v 0.288817 0.7935181 2.472963
v 0.4222222 0.7313102 2.472963
v 0.5427984 0.6468818 2.472963
v 0.6468819 0.5427983 2.472963
v 0.7313103 0.4222221 2.472963
v 0.7935181 0.2888169 2.472963
v 0.8316153 0.1466361 2.472963
v 0 0.7232511 2.493073
v 0.1255912 0.7122633 2.493073
v 0.2473665 0.6796337 2.493073
v 0.3616256 0.6263538 2.493073
v 0.4648969 0.5540425 2.493073
v 0.5540425 0.4648968 2.493073
v 0.6263538 0.3616255 2.493073
v 0.6796338 0.2473664 2.493073
v 0.7122633 0.1255912 2.493073
v 0 0.5860082 2.511372
v 0.1017593 0.5771054 2.511372
v 0.2004266 0.5506675 2.511372
v 0.2930041 0.507498 2.511372
v 0.3766788 0.4489083 2.511372
v 0.4489084 0.3766788 2.511372
v 0.507498 0.293004 2.511372
v 0.5506676 0.2004265 2.511372
v 0.5771055 0.1017592 2.511372
v 0 0.4388888 2.527037
v 0.07621226 0.4322211 2.527037
v 0.1501088 0.4124206 2.527037
v 0.2194444 0.3800889 2.527037
v 0.2821124 0.3362083 2.527037
v 0.3362084 0.2821123 2.527037
v 0.3800889 0.2194444 2.527037
v 0.4124206 0.1501088 2.527037
v 0.4322212 0.07621221 2.527037
v 0 0.2880659 2.539246
v 0.05002211 0.2836894 2.539246
v 0.09852432 0.2706933 2.539246
v 0.1440329 0.2494723 2.539246
v 0.1851652 0.2206712 2.539246
v 0.2206712 0.1851651 2.539246
v 0.2494723 0.1440329 2.539246
v 0.2706934 0.09852429 2.539246
v 0.2836895 0.05002209 2.539246
v 0 0.1397119 2.547174
v 0.02426072 0.1375894 2.547174
v 0.0477843 0.1312863 2.547174
v 0.06985597 0.1209941 2.547174
v 0.0898051 0.1070255 2.547174
v 0.1070255 0.0898051 2.547174
v 0.1209941 0.06985596 2.547174
v 0.1312863 0.04778428 2.547174
v 0.1375894 0.02426071 2.547174
v -0.998587 0.1760778 2.430604
v -0.9528406 0.3468056 2.430604
v -0.8781427 0.5069959 2.430604
v -0.7767628 0.6517813 2.430604
v -0.6517813 0.7767628 2.430604
v -0.5069959 0.8781427 2.430604
v -0.3468055 0.9528406 2.430604
v -0.1760777 0.998587 2.430604
v -0.929083 0.1638224 2.451866
v -0.8865207 0.3226672 2.451866
v -0.8170219 0.4717078 2.451866
v -0.7226983 0.6064159 2.451866
v -0.6064159 0.7226983 2.451866
v -0.4717078 0.817022 2.451866
v -0.3226671 0.8865208 2.451866
v -0.1638224 0.929083 2.451866
v -0.8316153 0.1466362 2.472963
v -0.7935181 0.288817 2.472963
v -0.7313102 0.4222222 2.472963
v -0.6468818 0.5427984 2.472963
v -0.5427983 0.6468819 2.472963
v -0.4222221 0.7313103 2.472963
v -0.2888169 0.7935181 2.472963
v -0.1466361 0.8316153 2.472963
v -0.7122633 0.1255912 2.493073
v -0.6796337 0.2473665 2.493073
v -0.6263538 0.3616256 2.493073
v -0.5540425 0.4648969 2.493073
v -0.4648968 0.5540425 2.493073
v -0.3616255 0.6263538 2.493073
v -0.2473664 0.6796338 2.493073
v -0.1255912 0.7122633 2.493073
v -0.5771054 0.1017593 2.511372
v -0.5506675 0.2004266 2.511372
v -0.507498 0.2930041 2.511372
v -0.4489083 0.3766788 2.511372
v -0.3766788 0.4489084 2.511372
v -0.293004 0.507498 2.511372
v -0.2004265 0.5506676 2.511372
v -0.1017592 0.5771055 2.511372
v -0.4322211 0.07621226 2.527037
v -0.4124206 0.1501088 2.527037
v -0.3800889 0.2194444 2.527037
v -0.3362083 0.2821124 2.527037
v -0.2821123 0.3362084 2.527037
v -0.2194444 0.3800889 2.527037
v -0.1501088 0.4124206 2.527037
v -0.07621221 0.4322212 2.527037
v -0.2836894 0.05002211 2.539246
v -0.2706933 0.09852432 2.539246
v -0.2494723 0.1440329 2.539246
v -0.2206712 0.1851652 2.539246
v -0.1851651 0.2206712 2.539246
v -0.1440329 0.2494723 2.539246
v -0.09852429 0.2706934 2.539246
v -0.05002209 0.2836895 2.539246
v -0.1375894 0.02426072 2.547174
v -0.1312863 0.0477843 2.547174
v -0.1209941 0.06985597 2.547174
v -0.1070255 0.0898051 2.547174
v -0.0898051 0.1070255 2.547174
v -0.06985596 0.1209941 2.547174
v -0.04778428 0.1312863 2.547174
v -0.02426071 0.1375894 2.547174

vn -0.008333042 0 0.9999653
vn -0.008018364 -0.2457823 0.9692919
vn -0.006882684 -0.5276917 0.849408
vn -0.004708832 -0.7995407 0.6005935
vn -0.001648605 -0.9755353 0.219837
vn 0.001560826 -0.9755358 -0.2198351
vn 0.004009133 -0.7995512 -0.6005846
vn 0.005331733 -0.5277136 -0.8494057
vn 0.005793568 -0.245799 -0.9693035
vn 0.005859274 0 -0.9999829
vn -0.03806762 0 0.9992751
vn -0.03661876 -0.2455338 0.9686961
vn -0.03140842 -0.5272173 0.8491498
vn -0.02146693 -0.7991051 0.600808
vn -0.00750606 -0.9754478 0.2201031
vn 0.007091768 -0.9754293 -0.2201988
vn 0.0181608 -0.7987757 -0.6013548
vn 0.02407264 -0.5265369 -0.8498114
vn 0.02609287 -0.2450155 -0.9691679
vn 0.02636446 0 -0.9996524
vn -0.09950372 0 0.9950371
vn -0.09565139 -0.246928 0.9643015
vn -0.08187594 -0.5292716 0.8444927
vn -0.05581048 -0.8003756 0.5968953
vn -0.01947687 -0.9755949 0.2187126
vn 0.01838993 -0.975505 -0.2192072
vn 0.04706077 -0.7987689 -0.5997946
vn 0.06227515 -0.5259438 -0.8482364
vn 0.06737617 -0.2443894 -0.9673336
vn 0.06802389 0 -0.9976837
vn -0.2086384 0 0.9779928
vn -0.2002912 -0.2516243 0.9468731
vn -0.1706952 -0.5364654 0.8264793
vn -0.1156561 -0.805202 0.5816129
vn -0.04022404 -0.9762602 0.2128334
vn 0.03805849 -0.9760301 -0.2142823
vn 0.0978482 -0.8010343 -0.5905673
vn 0.1298337 -0.527702 -0.8394485
vn 0.140514 -0.2448791 -0.9593175
vn 0.141835 0 -0.9898903
vn -0.3846154 0 0.9230769
vn -0.3685686 -0.2601662 0.8924522
vn -0.3121284 -0.549649 0.7748947
vn -0.2096279 -0.8142092 0.5414051
vn -0.07260559 -0.9775669 0.1977154
vn 0.06914402 -0.9771807 -0.200841
vn 0.1801613 -0.8070089 -0.5623865
vn 0.241726 -0.5339816 -0.810205
vn 0.2629995 -0.2478453 -0.9324183
vn 0.2658154 0 -0.9640239
vn -0.6246951 0 0.7808688
vn -0.5984166 -0.2681449 0.7549807
vn -0.5054518 -0.5622593 0.6545096
vn -0.3380912 -0.8231593 0.4561834
vn -0.1171779 -0.9789602 0.1670513
vn 0.1129589 -0.9785674 -0.1721811
vn 0.3009899 -0.8155361 -0.494273
vn 0.4129722 -0.5447991 -0.7298273
vn 0.4556464 -0.2539122 -0.8531793
vn 0.4625659 0 -0.8865848
vn -0.8528513 0 0.5221539
vn -0.8200911 -0.2654034 0.506963
vn -0.6999708 -0.5589111 0.4445886
vn -0.4748747 -0.8218256 0.3147961
vn -0.1670466 -0.9789535 0.1172412
vn 0.1637101 -0.9787929 -0.1231401
vn 0.4458267 -0.8185849 -0.3621565
vn 0.6276649 -0.5510127 -0.549929
vn 0.7074265 -0.2585893 -0.6577835
vn 0.7241378 0 -0.6896552
vn -0.9736162 0 0.2281913
vn -0.9414719 -0.2528921 0.2228816
vn -0.8181238 -0.5394341 0.1992094
vn -0.5704052 -0.8084287 0.1451929
vn -0.2059073 -0.9769904 0.05560488
vn 0.2047667 -0.9770067 -0.05940045
vn 0.5612308 -0.8086766 -0.1762445
vn 0.7971429 -0.539766 -0.2705842
vn 0.9100445 -0.2529864 -0.328355
vn 0.9379254 0 -0.3468371
vn -1 0 0
vn -0.9692307 -0.2461538 0
vn -0.8490567 -0.5283018 0
vn -0.6 -0.8 0
vn -0.2195123 -0.9756098 0
vn 0.2195123 -0.9756097 0
vn 0.6000001 -0.7999998 0
vn 0.8490567 -0.5283018 0
vn 0.9692308 -0.2461538 0
vn 1 0 0
vn -0.00271224 0 0.9999964
vn -0.002433525 -0.2460427 0.9692559
vn -0.002066168 -0.5281213 0.8491664
vn -0.001801776 -0.6819389 0.731407
vn -0.001504122 -0.7998553 0.6001911
vn -0.0005954601 -0.9755832 0.2196296
vn 0.0006628323 -0.9755787 -0.2196495
vn 0.001692926 -0.8586991 -0.5124773
vn 0.001997547 -0.7997779 -0.6002926
vn 0.003038906 -0.5279684 -0.8492586
vn 0.003677554 -0.2459295 -0.9692808
vn 0.004024387 0 -0.9999919
vn -0.3092994 0 0.9509647
vn -0.7945473 0 0.6072022
vn -0.9424958 0 0.3342179
vn -0.309993 -0.2259754 0.9234931
vn -0.793784 -0.1291082 0.5943384
vn -0.9403182 -0.05925825 0.3350972
vn -0.3085821 -0.4779449 0.8224024
vn -0.7904845 -0.2589195 0.5550628
vn -0.9364021 -0.1057887 0.334604
vn -0.2955637 -0.6191112 0.7275599
vn -0.7806957 -0.3348016 0.5276572
vn -0.9344891 -0.1231456 0.3340139
vn -0.3091823 -0.7227817 0.6180559
vn -0.7881516 -0.3837737 0.4811808
vn -0.932869 -0.1381832 0.3326573
vn -0.3288984 -0.8936859 0.305207
vn -0.7990143 -0.4809833 0.3608758
vn -0.9316337 -0.1536434 0.3293211
vn -0.3693712 -0.9269495 -0.06579877
vn -0.8263028 -0.5263289 0.2005033
vn -0.933116 -0.1515072 0.3260984
vn -0.4034316 -0.8523061 -0.3328924
vn -0.854334 -0.5158768 0.06312298
vn -0.9359883 -0.137333 0.3241382
vn -0.42761 -0.8052657 -0.4107272
vn -0.87032 -0.4919183 0.02365676
vn -0.9370687 -0.1327777 0.3229125
vn -0.4853947 -0.5681443 -0.664533
vn -0.9184482 -0.3733579 -0.1306019
vn -0.9423048 -0.1007211 0.3192441
vn -0.5257681 -0.2800453 -0.8032076
vn -0.9543668 -0.1952133 -0.2259997
vn -0.9468832 -0.05610398 0.3166458
vn -0.5374392 0 -0.8433025
vn -0.9663859 0 -0.2570959
vn -0.9491606 0 0.3147924
vn -0.008018364 0.2457823 0.9692919
vn -0.006882684 0.5276917 0.849408
vn -0.004708832 0.7995407 0.6005935
vn -0.001648605 0.9755353 0.219837
vn 0.001560826 0.9755358 -0.2198351
vn 0.004009133 0.7995512 -0.6005846
vn 0.005331733 0.5277136 -0.8494057
vn 0.005793568 0.245799 -0.9693035
vn -0.03661876 0.2455338 0.9686961
vn -0.03140842 0.5272173 0.8491498
vn -0.02146693 0.7991051 0.600808
vn -0.00750606 0.9754478 0.2201031
vn 0.007091768 0.9754293 -0.2201988
vn 0.0181608 0.7987757 -0.6013548
vn 0.02407264 0.5265369 -0.8498114
vn 0.02609287 0.2450155 -0.9691679
vn -0.09565139 0.246928 0.9643015
vn -0.08187594 0.5292716 0.8444927
vn -0.05581048 0.8003756 0.5968953
vn -0.01947687 0.9755949 0.2187126
vn 0.01838993 0.975505 -0.2192072
vn 0.04706077 0.7987689 -0.5997946
vn 0.06227515 0.5259438 -0.8482364
vn 0.06737617 0.2443894 -0.9673336
vn -0.2002912 0.2516243 0.9468731
vn -0.1706952 0.5364654 0.8264793
vn -0.1156561 0.805202 0.5816129
vn -0.04022404 0.9762602 0.2128334
vn 0.03805849 0.9760301 -0.2142823
vn 0.0978482 0.8010343 -0.5905673
vn 0.1298337 0.527702 -0.8394485
vn 0.140514 0.2448791 -0.9593175
vn -0.3685686 0.2601662 0.8924522
vn -0.3121284 0.549649 0.7748947
vn -0.2096279 0.8142092 0.5414051
vn -0.07260559 0.9775669 0.1977154
vn 0.06914402 0.9771807 -0.200841
vn 0.1801613 0.8070089 -0.5623865
vn 0.241726 0.5339816 -0.810205
vn 0.2629995 0.2478453 -0.9324183
vn -0.5984166 0.2681449 0.7549807
vn -0.5054518 0.5622593 0.6545096
vn -0.3380912 0.8231593 0.4561834
vn -0.1171779 0.9789602 0.1670513
vn 0.1129589 0.9785674 -0.1721811
vn 0.3009899 0.8155361 -0.494273
vn 0.4129722 0.5447991 -0.7298273
vn 0.4556464 0.2539122 -0.8531793
vn -0.8200911 0.2654034 0.506963
vn -0.6999708 0.5589111 0.4445886
vn -0.4748747 0.8218256 0.3147961
vn -0.1670466 0.9789535 0.1172412
vn 0.1637101 0.9787929 -0.1231401
vn 0.4458267 0.8185849 -0.3621565
vn 0.6276649 0.5510127 -0.549929
vn 0.7074265 0.2585893 -0.6577835
vn -0.9414719 0.2528921 0.2228816
vn -0.8181238 0.5394341 0.1992094
vn -0.5704052 0.8084287 0.1451929
vn -0.2059073 0.9769904 0.05560488
vn 0.2047667 0.9770067 -0.05940045
vn 0.5612308 0.8086766 -0.1762445
vn 0.7971429 0.539766 -0.2705842
vn 0.9100445 0.2529864 -0.328355
vn -0.9692307 0.2461538 0
vn -0.8490567 0.5283018 0
vn -0.6 0.8 0
vn -0.2195123 0.9756098 0
vn 0.2195123 0.9756097 0
vn 0.6000001 0.7999998 0
vn 0.8490567 0.5283018 0
vn 0.9692308 0.2461538 0
vn -0.002433525 0.2460427 0.9692559
vn -0.002066168 0.5281213 0.8491664
vn -0.001801776 0.6819389 0.731407
vn -0.001504122 0.7998553 0.6001911
vn -0.0005954601 0.9755832 0.2196296
vn 0.0006628323 0.9755787 -0.2196495
vn 0.001692926 0.8586991 -0.5124773
vn 0.001997547 0.7997779 -0.6002926
vn 0.003038906 0.5279684 -0.8492586
vn 0.003677554 0.2459295 -0.9692808
vn -0.309993 0.2259754 0.9234931
vn -0.793784 0.1291082 0.5943384
vn -0.9403182 0.05925825 0.3350972
vn -0.3085821 0.4779449 0.8224024
vn -0.7904845 0.2589195 0.5550628
vn -0.9364021 0.1057887 0.334604
vn -0.2955637 0.6191112 0.7275599
vn -0.7806957 0.3348016 0.5276572
vn -0.9344891 0.1231456 0.3340139
vn -0.3091823 0.7227817 0.6180559
vn -0.7881516 0.3837737 0.4811808
vn -0.932869 0.1381832 0.3326573
vn -0.3288984 0.8936859 0.305207
vn -0.7990143 0.4809833 0.3608758
vn -0.9316337 0.1536434 0.3293211
vn -0.3693712 0.9269495 -0.06579877
vn -0.8263028 0.5263289 0.2005033
vn -0.933116 0.1515072 0.3260984
vn -0.4034316 0.8523061 -0.3328924
vn -0.854334 0.5158768 0.06312298
vn -0.9359883 0.137333 0.3241382
vn -0.42761 0.8052657 -0.4107272
vn -0.87032 0.4919183 0.02365676
vn -0.9370687 0.1327777 0.3229125
vn -0.4853947 0.5681443 -0.664533
vn -0.9184482 0.3733579 -0.1306019
vn -0.9423048 0.1007211 0.3192441
vn -0.5257681 0.2800453 -0.8032076
vn -0.9543668 0.1952133 -0.2259997
vn -0.9468832 0.05610398 0.3166458
vn -0.991237 0 -0.1320956
vn -0.9600669 -0.2488664 -0.1278169
vn -0.8389233 -0.5327305 -0.111382
vn -0.5904358 -0.803302 -0.07804755
vn -0.2152905 -0.9761402 -0.02829003
vn 0.2153482 -0.9761332 0.02809149
vn 0.590819 -0.8031751 0.07643761
vn 0.8395707 -0.5324612 0.1077316
vn 0.9608155 -0.248657 0.1224883
vn 0.9920135 0 0.1261323
vn -0.9642847 0 -0.2648678
vn -0.9331098 -0.2531888 -0.2553457
vn -0.812701 -0.5395237 -0.2200707
vn -0.5692502 -0.8080634 -0.1516169
vn -0.2070245 -0.9768476 -0.05394111
vn 0.207693 -0.9767733 0.05270201
vn 0.573791 -0.8066982 0.1414282
vn 0.8206077 -0.5365958 0.196642
vn 0.9424565 -0.2509029 0.2209603
vn 0.9740387 0 0.2263821
vn -0.9200848 0 -0.3917193
vn -0.8904917 -0.2548594 -0.3769234
vn -0.7758951 -0.5418203 -0.323137
vn -0.5442483 -0.8092893 -0.221008
vn -0.1986988 -0.9769469 -0.07806075
vn 0.2005177 -0.9767573 0.07574923
vn 0.5567952 -0.8058029 0.2016448
vn 0.7983287 -0.5343555 0.2777327
vn 0.9176672 -0.2490466 0.3096169
vn 0.9486833 0 0.3162278
vn -0.8619342 0 -0.5070201
vn -0.835645 -0.2519753 -0.4880635
vn -0.7322111 -0.5367356 -0.4192633
vn -0.5186193 -0.8050421 -0.2879951
vn -0.1915147 -0.9761539 -0.1022047
vn 0.1947556 -0.9758213 0.09921209
vn 0.5410469 -0.799035 0.2623194
vn 0.7728632 -0.5241492 0.3577011
vn 0.8857744 -0.2423141 0.3958378
vn 0.9150546 0 0.4033299
vn -0.7945157 0 -0.6072436
vn -0.7724687 -0.2449974 -0.585891
vn -0.6833666 -0.5249074 -0.5074272
vn -0.4919437 -0.7956141 -0.3535388
vn -0.1848338 -0.9744837 -0.1273501
vn 0.189473 -0.9739848 0.1243125
vn 0.5237308 -0.7869034 0.3263268
vn 0.740945 -0.5073666 0.4399768
vn 0.8440965 -0.2318559 0.4834706
vn 0.8707415 0 0.4917411
vn -0.7226418 0 -0.6912227
vn -0.7046239 -0.2363138 -0.6690747
vn -0.6297084 -0.5100397 -0.585941
vn -0.4614267 -0.7835081 -0.4161735
vn -0.1766427 -0.9723024 -0.1530536
vn 0.1822379 -0.9716321 0.1507329
vn 0.4990485 -0.7722945 0.3930799
vn 0.6971603 -0.4884886 0.5247347
vn 0.7887132 -0.2205941 0.5738203
vn 0.8123237 0 0.5832069
vn -0.6503208 0 -0.7596596
vn -0.6351433 -0.2296109 -0.7374766
vn -0.5711311 -0.4984811 -0.65217
vn -0.4232548 -0.7739418 -0.4710302
vn -0.16392 -0.9705617 -0.176466
vn 0.1693767 -0.9698098 0.1754441
vn 0.4593534 -0.7617674 0.4568424
vn 0.6352541 -0.4758533 0.6082893
vn 0.7151319 -0.2133997 0.6656177
vn 0.7357515 0 0.6772515
vn -0.5803755 0 -0.8143489
vn -0.5662841 -0.2292355 -0.7916903
vn -0.5077771 -0.4983111 -0.7027435
vn -0.3743494 -0.774433 -0.5100158
vn -0.1438145 -0.9708052 -0.1919759
vn 0.1473719 -0.9702518 0.1920752
vn 0.3980082 -0.7654215 0.5056869
vn 0.5500866 -0.4814413 0.6823629
vn 0.6193433 -0.2170916 0.7545099
vn 0.6371643 0 0.7707281
vn 0.5744152 0 0.8185642
vn 0.5618575 -0.2287763 0.7949702
vn 0.4947543 -0.5009074 0.710148
vn 0.4015672 -0.7077732 0.5812064
vn 0.3533075 -0.7803286 0.5160049
vn 0.128568 -0.9727584 0.1929023
vn -0.1133059 -0.9781879 -0.1740982
vn -0.1255996 -0.9731394 -0.1929365
vn -0.3288282 -0.78783 -0.5207648
vn -0.4531733 -0.5140747 -0.728259
vn -0.4588534 -0.4953334 -0.7376302
vn -0.5090328 -0.2382595 -0.8271143
vn -0.5247038 0 -0.8512849
vn -0.07578312 0 0.9971243
vn -0.7438997 0 0.6682913
vn -0.9990734 0 0.04303848
vn -0.08283161 -0.301988 0.9497063
vn -0.7474356 -0.2251075 0.6250334
vn -0.9981629 -0.04912616 0.0354594
vn -0.1154943 -0.6052746 0.7875937
vn -0.763835 -0.4250941 0.4856451
vn -0.9959134 -0.08844096 0.01829445
vn -0.1583156 -0.7875215 0.5956056
vn -0.7835439 -0.5218003 0.337318
vn -0.9940907 -0.1085526 -0.000001162557
vn -0.1950534 -0.8416655 0.5035408
vn -0.8016719 -0.5383159 0.2598808
vn -0.9929541 -0.1169971 -0.01880714
vn -0.3179509 -0.9390724 0.1305766
vn -0.8467738 -0.5318581 -0.01005696
vn -0.9861312 -0.1323628 -0.1001266
vn -0.4356277 -0.8750723 -0.2108957
vn -0.8712741 -0.4414334 -0.2145183
vn -0.974439 -0.1314771 -0.1821604
vn -0.4450254 -0.8660953 -0.2276652
vn -0.8736966 -0.4319593 -0.223753
vn -0.9734787 -0.1314422 -0.1872487
vn -0.5500922 -0.6679626 -0.501223
vn -0.8811992 -0.2991655 -0.3660437
vn -0.9539255 -0.1153395 -0.2769888
vn -0.6148267 -0.425853 -0.6638052
vn -0.8782379 -0.1816005 -0.4424019
vn -0.935607 -0.08637044 -0.3423154
vn -0.6153849 -0.4114227 -0.6723338
vn -0.876703 -0.1763571 -0.4475377
vn -0.9347807 -0.08352442 -0.3452661
vn -0.6459695 -0.195707 -0.7378497
vn -0.8739144 -0.08363655 -0.4788305
vn -0.9218325 -0.04832904 -0.3845636
vn -0.6502337 0 -0.7597343
vn -0.8708286 0 -0.4915868
vn -0.919299 0 -0.3935597
vn -0.9600669 0.2488664 -0.1278169
vn -0.8389233 0.5327305 -0.111382
vn -0.5904358 0.803302 -0.07804755
vn -0.2152905 0.9761402 -0.02829003
vn 0.2153482 0.9761332 0.02809149
vn 0.590819 0.8031751 0.07643761
vn 0.8395707 0.5324612 0.1077316
vn 0.9608155 0.248657 0.1224883
vn -0.9331098 0.2531888 -0.2553457
vn -0.812701 0.5395237 -0.2200707
vn -0.5692502 0.8080634 -0.1516169
vn -0.2070245 0.9768476 -0.05394111
vn 0.207693 0.9767733 0.05270201
vn 0.573791 0.8066982 0.1414282
vn 0.8206077 0.5365958 0.196642
vn 0.9424565 0.2509029 0.2209603
vn -0.8904917 0.2548594 -0.3769234
vn -0.7758951 0.5418203 -0.323137
vn -0.5442483 0.8092893 -0.221008
vn -0.1986988 0.9769469 -0.07806075
vn 0.2005177 0.9767573 0.07574923
vn 0.5567952 0.8058029 0.2016448
vn 0.7983287 0.5343555 0.2777327
vn 0.9176672 0.2490466 0.3096169
vn -0.835645 0.2519753 -0.4880635
vn -0.7322111 0.5367356 -0.4192633
vn -0.5186193 0.8050421 -0.2879951
vn -0.1915147 0.9761539 -0.1022047
vn 0.1947556 0.9758213 0.09921209
vn 0.5410469 0.799035 0.2623194
vn 0.7728632 0.5241492 0.3577011
vn 0.8857744 0.2423141 0.3958378
vn -0.7724687 0.2449974 -0.585891
vn -0.6833666 0.5249074 -0.5074272
vn -0.4919437 0.7956141 -0.3535388
vn -0.1848338 0.9744837 -0.1273501
vn 0.189473 0.9739848 0.1243125
vn 0.5237308 0.7869034 0.3263268
vn 0.740945 0.5073666 0.4399768
vn 0.8440965 0.2318559 0.4834706
vn -0.7046239 0.2363138 -0.6690747
vn -0.6297084 0.5100397 -0.585941
vn -0.4614267 0.7835081 -0.4161735
vn -0.1766427 0.9723024 -0.1530536
vn 0.1822379 0.9716321 0.1507329
vn 0.4990485 0.7722945 0.3930799
vn 0.6971603 0.4884886 0.5247347
vn 0.7887132 0.2205941 0.5738203
vn -0.6351433 0.2296109 -0.7374766
vn -0.5711311 0.4984811 -0.65217
vn -0.4232548 0.7739418 -0.4710302
vn -0.16392 0.9705617 -0.176466
vn 0.1693767 0.9698098 0.1754441
vn 0.4593534 0.7617674 0.4568424
vn 0.6352541 0.4758533 0.6082893
vn 0.7151319 0.2133997 0.6656177
vn -0.5662841 0.2292355 -0.7916903
vn -0.5077771 0.4983111 -0.7027435
vn -0.3743494 0.774433 -0.5100158
vn -0.1438145 0.9708052 -0.1919759
vn 0.1473719 0.9702518 0.1920752
vn 0.3980082 0.7654215 0.5056869
vn 0.5500866 0.4814413 0.6823629
vn 0.6193433 0.2170916 0.7545099
vn 0.5618575 0.2287763 0.7949702
vn 0.4947543 0.5009074 0.710148
vn 0.4015672 0.7077732 0.5812064
vn 0.3533075 0.7803286 0.5160049
vn 0.128568 0.9727584 0.1929023
vn -0.1133059 0.9781879 -0.1740982
vn -0.1255996 0.9731394 -0.1929365
vn -0.3288282 0.78783 -0.5207648
vn -0.4531733 0.5140747 -0.728259
vn -0.4588534 0.4953334 -0.7376302
vn -0.5090328 0.2382595 -0.8271143
vn -0.08283161 0.301988 0.9497063
vn -0.7474356 0.2251075 0.6250334
vn -0.9981629 0.04912616 0.0354594
vn -0.1154943 0.6052746 0.7875937
vn -0.763835 0.4250941 0.4856451
vn -0.9959134 0.08844096 0.01829445
vn -0.1583156 0.7875215 0.5956056
vn -0.7835439 0.5218003 0.337318
vn -0.9940907 0.1085526 -0.000001162557
vn -0.1950534 0.8416655 0.5035408
vn -0.8016719 0.5383159 0.2598808
vn -0.9929541 0.1169971 -0.01880714
vn -0.3179509 0.9390724 0.1305766
vn -0.8467738 0.5318581 -0.01005696
vn -0.9861312 0.1323628 -0.1001266
vn -0.4356277 0.8750723 -0.2108957
vn -0.8712741 0.4414334 -0.2145183
vn -0.974439 0.1314771 -0.1821604
vn -0.4450254 0.8660953 -0.2276652
vn -0.8736966 0.4319593 -0.223753
vn -0.9734787 0.1314422 -0.1872487
vn -0.5500922 0.6679626 -0.501223
vn -0.8811992 0.2991655 -0.3660437
vn -0.9539255 0.1153395 -0.2769888
vn -0.6148267 0.425853 -0.6638052
vn -0.8782379 0.1816005 -0.4424019
vn -0.935607 0.08637044 -0.3423154
vn -0.6153849 0.4114227 -0.6723338
vn -0.876703 0.1763571 -0.4475377
vn -0.9347807 0.08352442 -0.3452661
vn -0.6459695 0.195707 -0.7378497
vn -0.8739144 0.08363655 -0.4788305
vn -0.9218325 0.04832904 -0.3845636
vn 0.7071059 0 -0.7071076
vn 0.6290372 0.4260148 -0.6502488
vn 0.4470054 0.741698 -0.5000701
vn 0.2568863 0.9133739 -0.3158443
vn 0.08354374 0.9901479 -0.112372
vn -0.08345722 0.989122 0.1211303
vn -0.249881 0.8884658 0.3849519
vn -0.3971764 0.6590187 0.6387059
vn -0.4888061 0.3310433 0.8071425
vn -0.5144954 0 0.8574931
vn 0.8015234 0 -0.5979635
vn 0.6920149 0.5040462 -0.5167715
vn 0.4610477 0.8235306 -0.3305034
vn 0.2491686 0.9591376 -0.134052
vn 0.07441035 0.9954073 0.06022674
vn -0.08187053 0.9603927 0.2663514
vn -0.230266 0.8421482 0.4876104
vn -0.3608619 0.6197087 0.6969503
vn -0.4459048 0.313077 0.8385414
vn -0.471464 0 0.8818852
vn 0.9354718 0 -0.3534015
vn 0.7679925 0.5909784 -0.2468439
vn 0.4642344 0.8847629 -0.0410022
vn 0.2281049 0.9627787 0.1450009
vn 0.05520171 0.9493579 0.3093094
vn -0.08591373 0.8793295 0.4684
vn -0.211474 0.7484041 0.6286255
vn -0.3196068 0.5431501 0.7764273
vn -0.3924431 0.2749392 0.8777226
vn -0.4158395 0 0.909438
vn 0.9486833 0 0.316228
vn 0.7217956 0.5841222 0.3712309
vn 0.3864214 0.7929158 0.4711297
vn 0.1660121 0.8067396 0.5671077
vn 0.02174569 0.7577708 0.6521584
vn -0.08622707 0.6773192 0.7306187
vn -0.1771811 0.5637577 0.8067119
vn -0.2550414 0.4065918 0.8772897
vn -0.3101816 0.2074171 0.9277744
vn -0.3293721 0 0.9442002
vn 0.2788099 0 0.9603463
vn 0.2178745 0.205637 0.9540671
vn 0.1096682 0.2973731 0.948442
vn 0.02662726 0.2996559 0.9536756
vn -0.02767646 0.2671311 0.9632627
vn -0.06422104 0.2233528 0.9726197
vn -0.09100059 0.174644 0.9804175
vn -0.111833 0.1205859 0.9863835
vn -0.1263845 0.06037762 0.9901421
vn -0.1315895 0 0.9913043
vn -0.1806514 0 0.9835472
vn -0.1700428 -0.09602069 0.9807475
vn -0.1433166 -0.1866644 0.971914
vn -0.1088924 -0.26638 0.9576973
vn -0.06658211 -0.3422085 0.9372621
vn -0.007447198 -0.4198686 0.9075543
vn 0.0884655 -0.4973933 0.8630028
vn 0.2623337 -0.5473334 0.7947372
vn 0.5624778 -0.4461306 0.6961223
vn 0.7819735 0 0.6233116
vn -0.3939189 0 0.9191452
vn -0.3595164 -0.2368467 0.9025805
vn -0.2773784 -0.4379015 0.8551629
vn -0.1822544 -0.5865062 0.7891729
vn -0.08050669 -0.707979 0.7016299
vn 0.04506209 -0.8205373 0.569814
vn 0.2280372 -0.9101427 0.345889
vn 0.492709 -0.8696008 -0.03212956
vn 0.7273582 -0.5137103 -0.4550295
vn 0.7893516 0 -0.6139414
vn -0.5247476 0 0.8512579
vn -0.4761427 -0.3133494 0.8216449
vn -0.3584493 -0.5730251 0.7369913
vn -0.2235535 -0.7514731 0.620735
vn -0.0846054 -0.8778513 0.4714012
vn 0.07362109 -0.9627452 0.2601952
vn 0.2678536 -0.9622118 -0.04901758
vn 0.4695746 -0.7730564 -0.4264778
vn 0.5906821 -0.3940701 -0.7041331
vn 0.6177115 0 -0.7864048
vn -0.6234872 0 0.7818336
vn -0.5644464 -0.3605572 0.7425623
vn -0.4191014 -0.6542752 0.6295062
vn -0.2532208 -0.8428962 0.4747685
vn -0.08767189 -0.9552557 0.2824891
vn 0.08713012 -0.9956946 0.03163093
vn 0.2730799 -0.9191542 -0.2838712
vn 0.4327677 -0.6767409 -0.5955953
vn 0.5177972 -0.3298416 -0.7893609
vn 0.5372965 0 -0.8433934
vn -0.7071068 0 0.7071068
vn -0.6400964 -0.3901539 0.6618583
vn -0.4719454 -0.7047717 0.5296832
vn -0.2796589 -0.8949084 0.3477496
vn -0.09257846 -0.9875033 0.1275397
vn 0.09242862 -0.9859048 -0.1394593
vn 0.2684081 -0.8589053 -0.4361637
vn 0.4023043 -0.6007743 -0.6908122
vn 0.4697139 -0.2863018 -0.8351049
vn 0.4856427 0 -0.8741574
vn 0.6290372 -0.4260148 -0.6502488
vn 0.4470054 -0.741698 -0.5000701
vn 0.2568863 -0.9133739 -0.3158443
vn 0.08354374 -0.9901479 -0.112372
vn -0.08345722 -0.989122 0.1211303
vn -0.249881 -0.8884658 0.3849519
vn -0.3971764 -0.6590187 0.6387059
vn -0.4888061 -0.3310433 0.8071425
vn 0.6920149 -0.5040462 -0.5167715
vn 0.4610477 -0.8235306 -0.3305034
vn 0.2491686 -0.9591376 -0.134052
vn 0.07441035 -0.9954073 0.06022674
vn -0.08187053 -0.9603927 0.2663514
vn -0.230266 -0.8421482 0.4876104
vn -0.3608619 -0.6197087 0.6969503
vn -0.4459048 -0.313077 0.8385414
vn 0.7679925 -0.5909784 -0.2468439
vn 0.4642344 -0.8847629 -0.0410022
vn 0.2281049 -0.9627787 0.1450009
vn 0.05520171 -0.9493579 0.3093094
vn -0.08591373 -0.8793295 0.4684
vn -0.211474 -0.7484041 0.6286255
vn -0.3196068 -0.5431501 0.7764273
vn -0.3924431 -0.2749392 0.8777226
vn 0.7217956 -0.5841222 0.3712309
vn 0.3864214 -0.7929158 0.4711297
vn 0.1660121 -0.8067396 0.5671077
vn 0.02174569 -0.7577708 0.6521584
vn -0.08622707 -0.6773192 0.7306187
vn -0.1771811 -0.5637577 0.8067119
vn -0.2550414 -0.4065918 0.8772897
vn -0.3101816 -0.2074171 0.9277744
vn 0.2178745 -0.205637 0.9540671
vn 0.1096682 -0.2973731 0.948442
vn 0.02662726 -0.2996559 0.9536756
vn -0.02767646 -0.2671311 0.9632627
vn -0.06422104 -0.2233528 0.9726197
vn -0.09100059 -0.174644 0.9804175
vn -0.111833 -0.1205859 0.9863835
vn -0.1263845 -0.06037762 0.9901421
vn -0.1700428 0.09602069 0.9807475
vn -0.1433166 0.1866644 0.971914
vn -0.1088924 0.26638 0.9576973
vn -0.06658211 0.3422085 0.9372621
vn -0.007447198 0.4198686 0.9075543
vn 0.0884655 0.4973933 0.8630028
vn 0.2623337 0.5473334 0.7947372
vn 0.5624778 0.4461306 0.6961223
vn -0.3595164 0.2368467 0.9025805
vn -0.2773784 0.4379015 0.8551629
vn -0.1822544 0.5865062 0.7891729
vn -0.08050669 0.707979 0.7016299
vn 0.04506209 0.8205373 0.569814
vn 0.2280372 0.9101427 0.345889
vn 0.492709 0.8696008 -0.03212956
vn 0.7273582 0.5137103 -0.4550295
vn -0.4761427 0.3133494 0.8216449
vn -0.3584493 0.5730251 0.7369913
vn -0.2235535 0.7514731 0.620735
vn -0.0846054 0.8778513 0.4714012
vn 0.07362109 0.9627452 0.2601952
vn 0.2678536 0.9622118 -0.04901758
vn 0.4695746 0.7730564 -0.4264778
vn 0.5906821 0.3940701 -0.7041331
vn -0.5644464 0.3605572 0.7425623
vn -0.4191014 0.6542752 0.6295062
vn -0.2532208 0.8428962 0.4747685
vn -0.08767189 0.9552557 0.2824891
vn 0.08713012 0.9956946 0.03163093
vn 0.2730799 0.9191542 -0.2838712
vn 0.4327677 0.6767409 -0.5955953
vn 0.5177972 0.3298416 -0.7893609
vn -0.6400964 0.3901539 0.6618583
vn -0.4719454 0.7047717 0.5296832
vn -0.2796589 0.8949084 0.3477496
vn -0.09257846 0.9875033 0.1275397
vn 0.09242862 0.9859048 -0.1394593
vn 0.2684081 0.8589053 -0.4361637
vn 0.4023043 0.6007743 -0.6908122
vn 0.4697139 0.2863018 -0.8351049
vn -0.878985 0 0.4768494
vn -0.7999747 -0.381298 0.4633056
vn -0.5905672 -0.6977398 0.4054498
vn -0.3431884 -0.8880758 0.3058481
vn -0.1052174 -0.9793745 0.172496
vn 0.1272355 -0.9918695 0.002433214
vn 0.3636412 -0.9085761 -0.2055587
vn 0.5834867 -0.6924131 -0.4243905
vn 0.7289467 -0.3559171 -0.5847731
vn 0.7711608 0 -0.6366404
vn -0.9495277 0 0.3136833
vn -0.8894297 -0.3239009 0.3224949
vn -0.6960647 -0.641766 0.3219165
vn -0.4106377 -0.8681136 0.2788466
vn -0.1026121 -0.9766507 0.1887434
vn 0.1977649 -0.9783683 0.06070003
vn 0.4827845 -0.8707608 -0.09324599
vn 0.7254365 -0.642453 -0.246974
vn 0.876378 -0.3238592 -0.3564785
vn 0.919684 0 -0.3926594
vn -0.9701425 0 0.2425357
vn -0.9283622 -0.2687108 0.2567842
vn -0.7685143 -0.5756419 0.2793247
vn -0.4651289 -0.843757 0.2678233
vn -0.07874614 -0.9770264 0.1980364
vn 0.295916 -0.9514195 0.08505575
vn 0.6050074 -0.7951571 -0.04112581
vn 0.8224846 -0.5482844 -0.1513389
vn 0.9383922 -0.2646211 -0.2222518
vn 0.9694834 0 -0.2451567
vn -0.9655347 0 0.2602746
vn -0.9318969 -0.2394475 0.2724576
vn -0.7918676 -0.5353966 0.293762
vn -0.4811969 -0.8297249 0.2828536
vn -0.0351395 -0.9783409 0.2039956
vn 0.3864892 -0.9187801 0.0804312
vn 0.6883888 -0.7242176 -0.04036891
vn 0.8698547 -0.4752412 -0.1322821
vn 0.9567482 -0.2232744 -0.1864972
vn 0.9790705 0 -0.2035214
vn -0.9289293 0 0.3702572
vn -0.8941371 -0.2428949 0.3761927
vn -0.7510387 -0.5423256 0.376595
vn -0.4359462 -0.8382334 0.3275907
vn 0.01163041 -0.9793555 0.2018104
vn 0.422803 -0.9052092 0.042825
vn 0.7055939 -0.702298 -0.09441794
vn 0.8695405 -0.4557184 -0.190316
vn 0.9461848 -0.2128878 -0.2437482
vn 0.9656275 0 -0.25993
vn -0.8192319 0 0.5734623
vn -0.7776833 -0.2772347 0.564225
vn -0.6220878 -0.5917948 0.5126262
vn -0.329937 -0.8624129 0.3839083
vn 0.03749468 -0.9814596 0.1879656
vn 0.3779171 -0.9256089 -0.02065868
vn 0.6371166 -0.7448657 -0.1981352
vn 0.8043076 -0.4977156 -0.3246049
vn 0.8878856 -0.236057 -0.3948877
vn 0.9095958 0 -0.4154944
vn -0.5835015 0 0.812112
vn -0.5434654 -0.3250889 0.7739268
vn -0.4100584 -0.6498001 0.6400093
vn -0.2016691 -0.8841131 0.4215135
vn 0.03395586 -0.9853562 0.1670933
vn 0.2643752 -0.9605656 -0.08613674
vn 0.4727867 -0.8217372 -0.3181521
vn 0.6371403 -0.582738 -0.5044488
vn 0.7330717 -0.2866135 -0.6168134
vn 0.7599539 0 -0.6499769
vn -0.2680174 0 0.9634141
vn -0.2500859 -0.3617242 0.8981162
vn -0.1893351 -0.6893175 0.6992809
vn -0.0965279 -0.8986168 0.4279839
vn 0.0117344 -0.98902 0.1473146
vn 0.1302849 -0.9833188 -0.1269254
vn 0.2578014 -0.8808432 -0.3970564
vn 0.3812532 -0.6625651 -0.6447121
vn 0.4684516 -0.3411333 -0.8149731
vn 0.496021 0 -0.8683105
vn -0.2621308 0 0.9650323
vn -0.2314449 -0.3647524 0.9018808
vn -0.1867606 -0.6416069 0.7439496
vn -0.171696 -0.69358 0.6996194
vn -0.168729 -0.7034819 0.6903939
vn -0.08501146 -0.9011959 0.4249928
vn -0.04874587 -0.947431 0.3162255
vn 0.006219169 -0.9894792 0.1445412
vn 0.06512333 -0.997802 -0.01225264
vn 0.1057331 -0.9860457 -0.1285866
vn 0.1879342 -0.925564 -0.3286518
vn 0.2135957 -0.8906834 -0.4013229
vn 0.3192381 -0.6843119 -0.6555945
vn 0.3207001 -0.6796392 -0.6597288
vn 0.3329627 -0.6456643 -0.687207
vn 0.3829782 -0.3578473 -0.8516296
vn 0.4116032 0 -0.9113632
vn 0.1831293 3.20329e-8 0.9830888
vn 0.7720829 2.563761e-8 0.6355219
vn 0.9716731 4.247731e-8 0.2363286
vn 0.1986717 -0.3718715 0.9067751
vn 0.7758956 -0.2459991 0.5809221
vn 0.9676332 -0.1050537 0.2294553
vn 0.2142173 -0.6348792 0.7423203
vn 0.7767659 -0.4046011 0.482631
vn 0.962393 -0.1696955 0.212139
vn 0.2287011 -0.6806628 0.6959842
vn 0.7828079 -0.4278794 0.4518085
vn 0.9605535 -0.1838425 0.2086599
vn 0.229274 -0.6896396 0.6868993
vn 0.7826481 -0.4332133 0.4469767
vn 0.9604034 -0.1859001 0.2075246
vn 0.2888348 -0.8568434 0.427076
vn 0.8048074 -0.5154653 0.2942459
vn 0.9565663 -0.2360898 0.1710051
vn 0.3057328 -0.8948719 0.3251642
vn 0.8096632 -0.5359007 0.2392818
vn 0.9571052 -0.2459309 0.1531919
vn 0.3510261 -0.9217886 0.1645797
vn 0.8283915 -0.5405718 0.146798
vn 0.9579295 -0.2613081 0.1186975
vn 0.3798681 -0.9248297 0.01975796
vn 0.8380657 -0.5415576 0.06603879
vn 0.9617363 -0.2606166 0.08451203
vn 0.4107217 -0.9075117 -0.08792205
vn 0.8505568 -0.5258796 0.001969266
vn 0.9639856 -0.2608463 0.05187463
vn 0.4450338 -0.8525127 -0.2741658
vn 0.860464 -0.4978502 -0.1083828
vn 0.9703833 -0.2415705 3.716075e-7
vn 0.4600785 -0.8170376 -0.3475302
vn 0.8645478 -0.4738014 -0.1675387
vn 0.9709498 -0.2346928 -0.04664534
vn 0.4763551 -0.6380824 -0.604927
vn 0.8483621 -0.3784844 -0.3701771
vn 0.9665574 -0.1808399 -0.1818343
vn 0.4734316 -0.6352612 -0.6101686
vn 0.8458964 -0.3784984 -0.3757635
vn 0.9662213 -0.179864 -0.184568
vn 0.4670472 -0.6090837 -0.6410023
vn 0.8383482 -0.3679112 -0.402261
vn 0.9657113 -0.1702797 -0.1959755
vn 0.4491207 -0.3501737 -0.8219908
vn 0.8007464 -0.2220233 -0.556337
vn 0.9516564 -0.1015727 -0.2898848
vn 0.4312555 0 -0.9022298
vn 0.7738105 0 -0.6334172
vn 0.9466348 0 -0.322308
vn -0.7999747 0.381298 0.4633056
vn -0.5905672 0.6977398 0.4054498
vn -0.3431884 0.8880758 0.3058481
vn -0.1052174 0.9793745 0.172496
vn 0.1272355 0.9918695 0.002433214
vn 0.3636412 0.9085761 -0.2055587
vn 0.5834867 0.6924131 -0.4243905
vn 0.7289467 0.3559171 -0.5847731
vn -0.8894297 0.3239009 0.3224949
vn -0.6960647 0.641766 0.3219165
vn -0.4106377 0.8681136 0.2788466
vn -0.1026121 0.9766507 0.1887434
vn 0.1977649 0.9783683 0.06070003
vn 0.4827845 0.8707608 -0.09324599
vn 0.7254365 0.642453 -0.246974
vn 0.876378 0.3238592 -0.3564785
vn -0.9283622 0.2687108 0.2567842
vn -0.7685143 0.5756419 0.2793247
vn -0.4651289 0.843757 0.2678233
vn -0.07874614 0.9770264 0.1980364
vn 0.295916 0.9514195 0.08505575
vn 0.6050074 0.7951571 -0.04112581
vn 0.8224846 0.5482844 -0.1513389
vn 0.9383922 0.2646211 -0.2222518
vn -0.9318969 0.2394475 0.2724576
vn -0.7918676 0.5353966 0.293762
vn -0.4811969 0.8297249 0.2828536
vn -0.0351395 0.9783409 0.2039956
vn 0.3864892 0.9187801 0.0804312
vn 0.6883888 0.7242176 -0.04036891
vn 0.8698547 0.4752412 -0.1322821
vn 0.9567482 0.2232744 -0.1864972
vn -0.8941371 0.2428949 0.3761927
vn -0.7510387 0.5423256 0.376595
vn -0.4359462 0.8382334 0.3275907
vn 0.01163041 0.9793555 0.2018104
vn 0.422803 0.9052092 0.042825
vn 0.7055939 0.702298 -0.09441794
vn 0.8695405 0.4557184 -0.190316
vn 0.9461848 0.2128878 -0.2437482
vn -0.7776833 0.2772347 0.564225
vn -0.6220878 0.5917948 0.5126262
vn -0.329937 0.8624129 0.3839083
vn 0.03749468 0.9814596 0.1879656
vn 0.3779171 0.9256089 -0.02065868
vn 0.6371166 0.7448657 -0.1981352
vn 0.8043076 0.4977156 -0.3246049
vn 0.8878856 0.236057 -0.3948877
vn -0.5434654 0.3250889 0.7739268
vn -0.4100584 0.6498001 0.6400093
vn -0.2016691 0.8841131 0.4215135
vn 0.03395586 0.9853562 0.1670933
vn 0.2643752 0.9605656 -0.08613674
vn 0.4727867 0.8217372 -0.3181521
vn 0.6371403 0.582738 -0.5044488
vn 0.7330717 0.2866135 -0.6168134
vn -0.2500859 0.3617242 0.8981162
vn -0.1893351 0.6893175 0.6992809
vn -0.0965279 0.8986168 0.4279839
vn 0.0117344 0.98902 0.1473146
vn 0.1302849 0.9833188 -0.1269254
vn 0.2578014 0.8808432 -0.3970564
vn 0.3812532 0.6625651 -0.6447121
vn 0.4684516 0.3411333 -0.8149731
vn -0.2314449 0.3647524 0.9018808
vn -0.1867606 0.6416069 0.7439496
vn -0.171696 0.69358 0.6996194
vn -0.168729 0.7034819 0.6903939
vn -0.08501146 0.9011959 0.4249928
vn -0.04874587 0.947431 0.3162255
vn 0.006219169 0.9894792 0.1445412
vn 0.06512333 0.997802 -0.01225264
vn 0.1057331 0.9860457 -0.1285866
vn 0.1879342 0.925564 -0.3286518
vn 0.2135957 0.8906834 -0.4013229
vn 0.3192381 0.6843119 -0.6555945
vn 0.3207001 0.6796392 -0.6597288
vn 0.3329627 0.6456643 -0.687207
vn 0.3829782 0.3578473 -0.8516296
vn 0.1986717 0.3718715 0.9067751
vn 0.7758956 0.2459991 0.5809221
vn 0.9676332 0.1050537 0.2294553
vn 0.2142173 0.6348792 0.7423203
vn 0.7767659 0.4046011 0.482631
vn 0.962393 0.1696955 0.212139
vn 0.2287011 0.6806628 0.6959842
vn 0.7828079 0.4278794 0.4518085
vn 0.9605535 0.1838425 0.2086599
vn 0.229274 0.6896396 0.6868993
vn 0.7826481 0.4332133 0.4469767
vn 0.9604034 0.1859001 0.2075246
vn 0.2888348 0.8568434 0.427076
vn 0.8048074 0.5154653 0.2942459
vn 0.9565663 0.2360898 0.1710051
vn 0.3057328 0.8948719 0.3251642
vn 0.8096632 0.5359007 0.2392818
vn 0.9571052 0.2459309 0.1531919
vn 0.3510261 0.9217886 0.1645797
vn 0.8283915 0.5405718 0.146798
vn 0.9579295 0.2613081 0.1186975
vn 0.3798681 0.9248297 0.01975796
vn 0.8380657 0.5415576 0.06603879
vn 0.9617363 0.2606166 0.08451203
vn 0.4107217 0.9075117 -0.08792205
vn 0.8505568 0.5258796 0.001969266
vn 0.9639856 0.2608463 0.05187463
vn 0.4450338 0.8525127 -0.2741658
vn 0.860464 0.4978502 -0.1083828
vn 0.9703833 0.2415705 3.716075e-7
vn 0.4600785 0.8170376 -0.3475302
vn 0.8645478 0.4738014 -0.1675387
vn 0.9709498 0.2346928 -0.04664534
vn 0.4763551 0.6380824 -0.604927
vn 0.8483621 0.3784844 -0.3701771
vn 0.9665574 0.1808399 -0.1818343
vn 0.4734316 0.6352612 -0.6101686
vn 0.8458964 0.3784984 -0.3757635
vn 0.9662213 0.179864 -0.184568
vn 0.4670472 0.6090837 -0.6410023
vn 0.8383482 0.3679112 -0.402261
vn 0.9657113 0.1702797 -0.1959755
vn 0.4491207 0.3501737 -0.8219908
vn 0.8007464 0.2220233 -0.556337
vn 0.9516564 0.1015727 -0.2898848
vn 0 0 1
vn -0.1685385 0 0.9856951
vn -0.165978 -0.0292664 0.9856951
vn -0.1583744 -0.05764356 0.9856951
vn -0.1459586 -0.08426924 0.9856951
vn -0.129108 -0.1083344 0.9856951
vn -0.1083344 -0.129108 0.9856951
vn -0.08426921 -0.1459586 0.985695
vn -0.05764353 -0.1583744 0.9856951
vn -0.02926638 -0.165978 0.985695
vn 7.367051e-9 -0.1685385 0.9856951
vn -0.5633366 0 0.8262274
vn -0.5547783 -0.0978224 0.8262274
vn -0.5293633 -0.1926725 0.8262274
vn -0.4878638 -0.2816683 0.8262274
vn -0.431541 -0.3621058 0.8262274
vn -0.3621058 -0.4315409 0.8262274
vn -0.2816683 -0.4878639 0.8262274
vn -0.1926724 -0.5293633 0.8262274
vn -0.09782235 -0.5547783 0.8262274
vn 2.462423e-8 -0.5633366 0.8262274
vn -0.9938838 0 0.1104314
vn -0.9787844 -0.1725861 0.1104316
vn -0.9339452 -0.3399283 0.1104314
vn -0.8607286 -0.4969418 0.1104314
vn -0.761359 -0.6388562 0.1104314
vn -0.6388562 -0.7613591 0.1104314
vn -0.4969418 -0.8607286 0.1104314
vn -0.3399282 -0.9339452 0.1104314
vn -0.172586 -0.9787844 0.1104314
vn 4.344405e-8 -0.9938838 0.1104314
vn -0.9090648 0 -0.4166548
vn -0.8952541 -0.1578575 -0.4166547
vn -0.8542414 -0.3109185 -0.4166549
vn -0.7872732 -0.4545324 -0.4166547
vn -0.696384 -0.5843356 -0.4166548
vn -0.5843356 -0.6963841 -0.4166548
vn -0.4545324 -0.7872733 -0.4166547
vn -0.3109183 -0.8542415 -0.4166548
vn -0.1578574 -0.895254 -0.4166549
vn 3.973648e-8 -0.9090648 -0.4166548
vn -0.828391 0 -0.5601503
vn -0.8158059 -0.1438486 -0.5601503
vn -0.7784329 -0.2833264 -0.5601503
vn -0.7174076 -0.4141955 -0.5601503
vn -0.6345843 -0.5324795 -0.5601502
vn -0.5324795 -0.6345844 -0.5601503
vn -0.4141954 -0.7174076 -0.5601503
vn -0.2833263 -0.7784328 -0.5601503
vn -0.1438485 -0.8158059 -0.5601502
vn 3.621012e-8 -0.828391 -0.5601503
vn -0.8320503 0 -0.5547002
vn -0.8194095 -0.144484 -0.5547003
vn -0.7818714 -0.2845779 -0.5547003
vn -0.7205767 -0.4160251 -0.5547003
vn -0.6373875 -0.5348316 -0.5547003
vn -0.5348316 -0.6373875 -0.5547003
vn -0.4160251 -0.7205767 -0.5547003
vn -0.2845779 -0.7818715 -0.5547003
vn -0.1444839 -0.8194095 -0.5547003
vn 3.637008e-8 -0.8320503 -0.5547002
vn -0.912733 0 -0.4085566
vn -0.8988665 -0.1584944 -0.4085567
vn -0.8576884 -0.3121731 -0.4085567
vn -0.7904499 -0.4563665 -0.4085566
vn -0.699194 -0.5866935 -0.4085567
vn -0.5866935 -0.699194 -0.4085567
vn -0.4563664 -0.7904499 -0.4085567
vn -0.312173 -0.8576885 -0.4085566
vn -0.1584944 -0.8988665 -0.4085567
vn 3.989683e-8 -0.912733 -0.4085566
vn -0.9991331 0 0.04163057
vn -0.983954 -0.1734977 0.04163054
vn -0.9388779 -0.3417236 0.04163057
vn -0.8652746 -0.4995666 0.04163054
vn -0.7653803 -0.6422303 0.04163061
vn -0.6422303 -0.7653805 0.04163059
vn -0.4995665 -0.8652747 0.04163055
vn -0.3417235 -0.9388781 0.04163061
vn -0.1734976 -0.983954 0.04163058
vn 4.367349e-8 -0.9991331 0.04163057
vn -0.7071069 0 0.7071068
vn -0.6963643 -0.1227878 0.7071068
vn -0.6644631 -0.2418448 0.7071066
vn -0.6123725 -0.3535534 0.7071067
vn -0.5416753 -0.4545195 0.7071067
vn -0.4545195 -0.5416753 0.7071068
vn -0.3535534 -0.6123725 0.7071067
vn -0.2418447 -0.6644631 0.7071066
vn -0.1227878 -0.6963643 0.7071067
vn 3.090863e-8 -0.7071069 0.7071068
vn 0.0292664 -0.165978 0.9856951
vn 0.05764356 -0.1583744 0.9856951
vn 0.08426924 -0.1459586 0.9856951
vn 0.1083344 -0.129108 0.9856951
vn 0.129108 -0.1083344 0.9856951
vn 0.1459586 -0.08426921 0.985695
vn 0.1583744 -0.05764353 0.9856951
vn 0.165978 -0.02926638 0.985695
vn 0.1685385 7.367051e-9 0.9856951
vn 0.0978224 -0.5547783 0.8262274
vn 0.1926725 -0.5293633 0.8262274
vn 0.2816683 -0.4878638 0.8262274
vn 0.3621058 -0.431541 0.8262274
vn 0.4315409 -0.3621058 0.8262274
vn 0.4878639 -0.2816683 0.8262274
vn 0.5293633 -0.1926724 0.8262274
vn 0.5547783 -0.09782235 0.8262274
vn 0.5633366 2.462423e-8 0.8262274
vn 0.1725861 -0.9787844 0.1104316
vn 0.3399283 -0.9339452 0.1104314
vn 0.4969418 -0.8607286 0.1104314
vn 0.6388562 -0.761359 0.1104314
vn 0.7613591 -0.6388562 0.1104314
vn 0.8607286 -0.4969418 0.1104314
vn 0.9339452 -0.3399282 0.1104314
vn 0.9787844 -0.172586 0.1104314
vn 0.9938838 4.344405e-8 0.1104314
vn 0.1578575 -0.8952541 -0.4166547
vn 0.3109185 -0.8542414 -0.4166549
vn 0.4545324 -0.7872732 -0.4166547
vn 0.5843356 -0.696384 -0.4166548
vn 0.6963841 -0.5843356 -0.4166548
vn 0.7872733 -0.4545324 -0.4166547
vn 0.8542415 -0.3109183 -0.4166548
vn 0.895254 -0.1578574 -0.4166549
vn 0.9090648 3.973648e-8 -0.4166548
vn 0.1438486 -0.8158059 -0.5601503
vn 0.2833264 -0.7784329 -0.5601503
vn 0.4141955 -0.7174076 -0.5601503
vn 0.5324795 -0.6345843 -0.5601502
vn 0.6345844 -0.5324795 -0.5601503
vn 0.7174076 -0.4141954 -0.5601503
vn 0.7784328 -0.2833263 -0.5601503
vn 0.8158059 -0.1438485 -0.5601502
vn 0.828391 3.621012e-8 -0.5601503
vn 0.144484 -0.8194095 -0.5547003
vn 0.2845779 -0.7818714 -0.5547003
vn 0.4160251 -0.7205767 -0.5547003
vn 0.5348316 -0.6373875 -0.5547003
vn 0.6373875 -0.5348316 -0.5547003
vn 0.7205767 -0.4160251 -0.5547003
vn 0.7818715 -0.2845779 -0.5547003
vn 0.8194095 -0.1444839 -0.5547003
vn 0.8320503 3.637008e-8 -0.5547002
vn 0.1584944 -0.8988665 -0.4085567
vn 0.3121731 -0.8576884 -0.4085567
vn 0.4563665 -0.7904499 -0.4085566
vn 0.5866935 -0.699194 -0.4085567
vn 0.699194 -0.5866935 -0.4085567
vn 0.7904499 -0.4563664 -0.4085567
vn 0.8576885 -0.312173 -0.4085566
vn 0.8988665 -0.1584944 -0.4085567
vn 0.912733 3.989683e-8 -0.4085566
vn 0.1734977 -0.983954 0.04163054
vn 0.3417236 -0.9388779 0.04163057
vn 0.4995666 -0.8652746 0.04163054
vn 0.6422303 -0.7653803 0.04163061
vn 0.7653805 -0.6422303 0.04163059
vn 0.8652747 -0.4995665 0.04163055
vn 0.9388781 -0.3417235 0.04163061
vn 0.983954 -0.1734976 0.04163058
vn 0.9991331 4.367349e-8 0.04163057
vn 0.1227878 -0.6963643 0.7071068
vn 0.2418448 -0.6644631 0.7071066
vn 0.3535534 -0.6123725 0.7071067
vn 0.4545195 -0.5416753 0.7071067
vn 0.5416753 -0.4545195 0.7071068
vn 0.6123725 -0.3535534 0.7071067
vn 0.6644631 -0.2418447 0.7071066
vn 0.6963643 -0.1227878 0.7071067
vn 0.7071069 3.090863e-8 0.7071068
vn 0 0.1685385 0.9856951
vn 0.0292664 0.165978 0.9856951
vn 0.05764356 0.1583744 0.9856951
vn 0.08426924 0.1459586 0.9856951
vn 0.1083344 0.129108 0.9856951
vn 0.129108 0.1083344 0.9856951
vn 0.1459586 0.08426921 0.985695
vn 0.1583744 0.05764353 0.9856951
vn 0.165978 0.02926638 0.985695
vn 0 0.5633366 0.8262274
vn 0.0978224 0.5547783 0.8262274
vn 0.1926725 0.5293633 0.8262274
vn 0.2816683 0.4878638 0.8262274
vn 0.3621058 0.431541 0.8262274
vn 0.4315409 0.3621058 0.8262274
vn 0.4878639 0.2816683 0.8262274
vn 0.5293633 0.1926724 0.8262274
vn 0.5547783 0.09782235 0.8262274
vn 0 0.9938838 0.1104314
vn 0.1725861 0.9787844 0.1104316
vn 0.3399283 0.9339452 0.1104314
vn 0.4969418 0.8607286 0.1104314
vn 0.6388562 0.761359 0.1104314
vn 0.7613591 0.6388562 0.1104314
vn 0.8607286 0.4969418 0.1104314
vn 0.9339452 0.3399282 0.1104314
vn 0.9787844 0.172586 0.1104314
vn 0 0.9090648 -0.4166548
vn 0.1578575 0.8952541 -0.4166547
vn 0.3109185 0.8542414 -0.4166549
vn 0.4545324 0.7872732 -0.4166547
vn 0.5843356 0.696384 -0.4166548
vn 0.6963841 0.5843356 -0.4166548
vn 0.7872733 0.4545324 -0.4166547
vn 0.8542415 0.3109183 -0.4166548
vn 0.895254 0.1578574 -0.4166549
vn 0 0.828391 -0.5601503
vn 0.1438486 0.8158059 -0.5601503
vn 0.2833264 0.7784329 -0.5601503
vn 0.4141955 0.7174076 -0.5601503
vn 0.5324795 0.6345843 -0.5601502
vn 0.6345844 0.5324795 -0.5601503
vn 0.7174076 0.4141954 -0.5601503
vn 0.7784328 0.2833263 -0.5601503
vn 0.8158059 0.1438485 -0.5601502
vn 0 0.8320503 -0.5547002
vn 0.144484 0.8194095 -0.5547003
vn 0.2845779 0.7818714 -0.5547003
vn 0.4160251 0.7205767 -0.5547003
vn 0.5348316 0.6373875 -0.5547003
vn 0.6373875 0.5348316 -0.5547003
vn 0.7205767 0.4160251 -0.5547003
vn 0.7818715 0.2845779 -0.5547003
vn 0.8194095 0.1444839 -0.5547003
vn 0 0.912733 -0.4085566
vn 0.1584944 0.8988665 -0.4085567
vn 0.3121731 0.8576884 -0.4085567
vn 0.4563665 0.7904499 -0.4085566
vn 0.5866935 0.699194 -0.4085567
vn 0.699194 0.5866935 -0.4085567
vn 0.7904499 0.4563664 -0.4085567
vn 0.8576885 0.312173 -0.4085566
vn 0.8988665 0.1584944 -0.4085567
vn 0 0.9991331 0.04163057
vn 0.1734977 0.983954 0.04163054
vn 0.3417236 0.9388779 0.04163057
vn 0.4995666 0.8652746 0.04163054
vn 0.6422303 0.7653803 0.04163061
vn 0.7653805 0.6422303 0.04163059
vn 0.8652747 0.4995665 0.04163055
vn 0.9388781 0.3417235 0.04163061
vn 0.983954 0.1734976 0.04163058
vn 0 0.7071069 0.7071068
vn 0.1227878 0.6963643 0.7071068
vn 0.2418448 0.6644631 0.7071066
vn 0.3535534 0.6123725 0.7071067
vn 0.4545195 0.5416753 0.7071067
vn 0.5416753 0.4545195 0.7071068
vn 0.6123725 0.3535534 0.7071067
vn 0.6644631 0.2418447 0.7071066
vn 0.6963643 0.1227878 0.7071067
vn -0.165978 0.0292664 0.9856951
vn -0.1583744 0.05764356 0.9856951
vn -0.1459586 0.08426924 0.9856951
vn -0.129108 0.1083344 0.9856951
vn -0.1083344 0.129108 0.9856951
vn -0.08426921 0.1459586 0.985695
vn -0.05764353 0.1583744 0.9856951
vn -0.02926638 0.165978 0.985695
vn -0.5547783 0.0978224 0.8262274
vn -0.5293633 0.1926725 0.8262274
vn -0.4878638 0.2816683 0.8262274
vn -0.431541 0.3621058 0.8262274
vn -0.3621058 0.4315409 0.8262274
vn -0.2816683 0.4878639 0.8262274
vn -0.1926724 0.5293633 0.8262274
vn -0.09782235 0.5547783 0.8262274
vn -0.9787844 0.1725861 0.1104316
vn -0.9339452 0.3399283 0.1104314
vn -0.8607286 0.4969418 0.1104314
vn -0.761359 0.6388562 0.1104314
vn -0.6388562 0.7613591 0.1104314
vn -0.4969418 0.8607286 0.1104314
vn -0.3399282 0.9339452 0.1104314
vn -0.172586 0.9787844 0.1104314
vn -0.8952541 0.1578575 -0.4166547
vn -0.8542414 0.3109185 -0.4166549
vn -0.7872732 0.4545324 -0.4166547
vn -0.696384 0.5843356 -0.4166548
vn -0.5843356 0.6963841 -0.4166548
vn -0.4545324 0.7872733 -0.4166547
vn -0.3109183 0.8542415 -0.4166548
vn -0.1578574 0.895254 -0.4166549
vn -0.8158059 0.1438486 -0.5601503
vn -0.7784329 0.2833264 -0.5601503
vn -0.7174076 0.4141955 -0.5601503
vn -0.6345843 0.5324795 -0.5601502
vn -0.5324795 0.6345844 -0.5601503
vn -0.4141954 0.7174076 -0.5601503
vn -0.2833263 0.7784328 -0.5601503
vn -0.1438485 0.8158059 -0.5601502
vn -0.8194095 0.144484 -0.5547003
vn -0.7818714 0.2845779 -0.5547003
vn -0.7205767 0.4160251 -0.5547003
vn -0.6373875 0.5348316 -0.5547003
vn -0.5348316 0.6373875 -0.5547003
vn -0.4160251 0.7205767 -0.5547003
vn -0.2845779 0.7818715 -0.5547003
vn -0.1444839 0.8194095 -0.5547003
vn -0.8988665 0.1584944 -0.4085567
vn -0.8576884 0.3121731 -0.4085567
vn -0.7904499 0.4563665 -0.4085566
vn -0.699194 0.5866935 -0.4085567
vn -0.5866935 0.699194 -0.4085567
vn -0.4563664 0.7904499 -0.4085567
vn -0.312173 0.8576885 -0.4085566
vn -0.1584944 0.8988665 -0.4085567
vn -0.983954 0.1734977 0.04163054
vn -0.9388779 0.3417236 0.04163057
vn -0.8652746 0.4995666 0.04163054
vn -0.7653803 0.6422303 0.04163061
vn -0.6422303 0.7653805 0.04163059
vn -0.4995665 0.8652747 0.04163055
vn -0.3417235 0.9388781 0.04163061
vn -0.1734976 0.983954 0.04163058
vn -0.6963643 0.1227878 0.7071068
vn -0.6644631 0.2418448 0.7071066
vn -0.6123725 0.3535534 0.7071067
vn -0.5416753 0.4545195 0.7071067
vn -0.4545195 0.5416753 0.7071068
vn -0.3535534 0.6123725 0.7071067
vn -0.2418447 0.6644631 0.7071066
vn -0.1227878 0.6963643 0.7071067
vn -0.4312204 0 0.9022467
vn -0.4246691 -0.07488064 0.9022467
vn -0.4052146 -0.147486 0.9022466
vn -0.3734477 -0.2156102 0.9022466
vn -0.330334 -0.2771831 0.9022467
vn -0.2771831 -0.330334 0.9022466
vn -0.2156102 -0.3734478 0.9022466
vn -0.147486 -0.4052146 0.9022467
vn -0.07488059 -0.4246692 0.9022466
vn 1.884924e-8 -0.4312204 0.9022467
vn -0.2898554 0 0.9570705
vn -0.2854519 -0.05033287 0.9570704
vn -0.272375 -0.09913637 0.9570705
vn -0.2510221 -0.1449277 0.9570704
vn -0.2220421 -0.1863155 0.9570705
vn -0.1863154 -0.2220421 0.9570705
vn -0.1449277 -0.2510221 0.9570704
vn -0.09913635 -0.272375 0.9570705
vn -0.05033284 -0.2854519 0.9570704
vn 1.266998e-8 -0.2898554 0.9570705
vn -0.2216209 0 0.9751329
vn -0.2182541 -0.03848408 0.9751329
vn -0.2082556 -0.07579882 0.9751329
vn -0.1919294 -0.1108105 0.9751329
vn -0.1697715 -0.1424552 0.9751329
vn -0.1424552 -0.1697715 0.9751329
vn -0.1108104 -0.1919294 0.9751329
vn -0.0757988 -0.2082556 0.9751329
vn -0.03848406 -0.218254 0.9751329
vn 9.687358e-9 -0.2216209 0.9751329
vn -0.196116 0 0.9805806
vn -0.1931366 -0.0340552 0.9805807
vn -0.1842888 -0.06707563 0.9805807
vn -0.1698415 -0.09805804 0.9805807
vn -0.1502336 -0.126061 0.9805807
vn -0.126061 -0.1502336 0.9805807
vn -0.09805801 -0.1698415 0.9805806
vn -0.06707563 -0.1842888 0.9805807
vn -0.03405518 -0.1931366 0.9805807
vn 8.572504e-9 -0.196116 0.9805806
vn -0.2047518 0 0.9788139
vn -0.2016412 -0.03555479 0.9788139
vn -0.1924038 -0.07002925 0.9788139
vn -0.1773203 -0.1023759 0.9788139
vn -0.156849 -0.131612 0.9788139
vn -0.1316119 -0.156849 0.9788139
vn -0.1023759 -0.1773203 0.9788139
vn -0.07002924 -0.1924038 0.9788139
vn -0.03555477 -0.2016412 0.9788139
vn 8.949987e-9 -0.2047518 0.9788139
vn -0.2544933 0 0.9670745
vn -0.250627 -0.04419231 0.9670745
vn -0.2391455 -0.08704183 0.9670745
vn -0.2203977 -0.1272467 0.9670746
vn -0.1949532 -0.1635852 0.9670746
vn -0.1635851 -0.1949532 0.9670746
vn -0.1272466 -0.2203977 0.9670745
vn -0.08704182 -0.2391455 0.9670746
vn -0.04419229 -0.250627 0.9670746
vn 1.112426e-8 -0.2544933 0.9670745
vn -0.3775232 0 0.9260001
vn -0.3717878 -0.06555623 0.9260002
vn -0.3547557 -0.1291205 0.9260001
vn -0.3269446 -0.1887616 0.9260001
vn -0.2891995 -0.2426673 0.9260001
vn -0.2426672 -0.2891996 0.9260001
vn -0.1887616 -0.3269447 0.9260001
vn -0.1291205 -0.3547558 0.9260001
vn -0.06555619 -0.3717878 0.9260001
vn 1.650206e-8 -0.3775232 0.9260001
vn -0.6649987 0 0.7468445
vn -0.654896 -0.1154758 0.7468445
vn -0.6248944 -0.227443 0.7468445
vn -0.5759059 -0.3324994 0.7468445
vn -0.5094186 -0.427453 0.7468445
vn -0.427453 -0.5094186 0.7468445
vn -0.3324993 -0.5759058 0.7468445
vn -0.2274429 -0.6248945 0.7468445
vn -0.1154758 -0.654896 0.7468445
vn 2.906802e-8 -0.6649987 0.7468445
vn -1 0 0
vn -0.9848078 -0.1736482 0
vn -0.9396926 -0.3420202 0
vn -0.8660253 -0.5000001 0
vn -0.7660444 -0.6427876 0
vn -0.6427875 -0.7660445 0
vn -0.4999999 -0.8660255 0
vn -0.34202 -0.9396926 0
vn -0.1736481 -0.9848078 0
vn 4.371139e-8 -1 0
vn 0.07488064 -0.4246691 0.9022467
vn 0.147486 -0.4052146 0.9022466
vn 0.2156102 -0.3734477 0.9022466
vn 0.2771831 -0.330334 0.9022467
vn 0.330334 -0.2771831 0.9022466
vn 0.3734478 -0.2156102 0.9022466
vn 0.4052146 -0.147486 0.9022467
vn 0.4246692 -0.07488059 0.9022466
vn 0.4312204 1.884924e-8 0.9022467
vn 0.05033287 -0.2854519 0.9570704
vn 0.09913637 -0.272375 0.9570705
vn 0.1449277 -0.2510221 0.9570704
vn 0.1863155 -0.2220421 0.9570705
vn 0.2220421 -0.1863154 0.9570705
vn 0.2510221 -0.1449277 0.9570704
vn 0.272375 -0.09913635 0.9570705
vn 0.2854519 -0.05033284 0.9570704
vn 0.2898554 1.266998e-8 0.9570705
vn 0.03848408 -0.2182541 0.9751329
vn 0.07579882 -0.2082556 0.9751329
vn 0.1108105 -0.1919294 0.9751329
vn 0.1424552 -0.1697715 0.9751329
vn 0.1697715 -0.1424552 0.9751329
vn 0.1919294 -0.1108104 0.9751329
vn 0.2082556 -0.0757988 0.9751329
vn 0.218254 -0.03848406 0.9751329
vn 0.2216209 9.687358e-9 0.9751329
vn 0.0340552 -0.1931366 0.9805807
vn 0.06707563 -0.1842888 0.9805807
vn 0.09805804 -0.1698415 0.9805807
vn 0.126061 -0.1502336 0.9805807
vn 0.1502336 -0.126061 0.9805807
vn 0.1698415 -0.09805801 0.9805806
vn 0.1842888 -0.06707563 0.9805807
vn 0.1931366 -0.03405518 0.9805807
vn 0.196116 8.572504e-9 0.9805806
vn 0.03555479 -0.2016412 0.9788139
vn 0.07002925 -0.1924038 0.9788139
vn 0.1023759 -0.1773203 0.9788139
vn 0.131612 -0.156849 0.9788139
vn 0.156849 -0.1316119 0.9788139
vn 0.1773203 -0.1023759 0.9788139
vn 0.1924038 -0.07002924 0.9788139
vn 0.2016412 -0.03555477 0.9788139
vn 0.2047518 8.949987e-9 0.9788139
vn 0.04419231 -0.250627 0.9670745
vn 0.08704183 -0.2391455 0.9670745
vn 0.1272467 -0.2203977 0.9670746
vn 0.1635852 -0.1949532 0.9670746
vn 0.1949532 -0.1635851 0.9670746
vn 0.2203977 -0.1272466 0.9670745
vn 0.2391455 -0.08704182 0.9670746
vn 0.250627 -0.04419229 0.9670746
vn 0.2544933 1.112426e-8 0.9670745
vn 0.06555623 -0.3717878 0.9260002
vn 0.1291205 -0.3547557 0.9260001
vn 0.1887616 -0.3269446 0.9260001
vn 0.2426673 -0.2891995 0.9260001
vn 0.2891996 -0.2426672 0.9260001
vn 0.3269447 -0.1887616 0.9260001
vn 0.3547558 -0.1291205 0.9260001
vn 0.3717878 -0.06555619 0.9260001
vn 0.3775232 1.650206e-8 0.9260001
vn 0.1154758 -0.654896 0.7468445
vn 0.227443 -0.6248944 0.7468445
vn 0.3324994 -0.5759059 0.7468445
vn 0.427453 -0.5094186 0.7468445
vn 0.5094186 -0.427453 0.7468445
vn 0.5759058 -0.3324993 0.7468445
vn 0.6248945 -0.2274429 0.7468445
vn 0.654896 -0.1154758 0.7468445
vn 0.6649987 2.906802e-8 0.7468445
vn 0.1736482 -0.9848078 0
vn 0.3420202 -0.9396926 0
vn 0.5000001 -0.8660253 0
vn 0.6427876 -0.7660444 0
vn 0.7660445 -0.6427875 0
vn 0.8660255 -0.4999999 0
vn 0.9396926 -0.34202 0
vn 0.9848078 -0.1736481 0
vn 1 4.371139e-8 0
vn 0 0.4312204 0.9022467
vn 0.07488064 0.4246691 0.9022467
vn 0.147486 0.4052146 0.9022466
vn 0.2156102 0.3734477 0.9022466
vn 0.2771831 0.330334 0.9022467
vn 0.330334 0.2771831 0.9022466
vn 0.3734478 0.2156102 0.9022466
vn 0.4052146 0.147486 0.9022467
vn 0.4246692 0.07488059 0.9022466
vn 0 0.2898554 0.9570705
vn 0.05033287 0.2854519 0.9570704
vn 0.09913637 0.272375 0.9570705
vn 0.1449277 0.2510221 0.9570704
vn 0.1863155 0.2220421 0.9570705
vn 0.2220421 0.1863154 0.9570705
vn 0.2510221 0.1449277 0.9570704
vn 0.272375 0.09913635 0.9570705
vn 0.2854519 0.05033284 0.9570704
vn 0 0.2216209 0.9751329
vn 0.03848408 0.2182541 0.9751329
vn 0.07579882 0.2082556 0.9751329
vn 0.1108105 0.1919294 0.9751329
vn 0.1424552 0.1697715 0.9751329
vn 0.1697715 0.1424552 0.9751329
vn 0.1919294 0.1108104 0.9751329
vn 0.2082556 0.0757988 0.9751329
vn 0.218254 0.03848406 0.9751329
vn 0 0.196116 0.9805806
vn 0.0340552 0.1931366 0.9805807
vn 0.06707563 0.1842888 0.9805807
vn 0.09805804 0.1698415 0.9805807
vn 0.126061 0.1502336 0.9805807
vn 0.1502336 0.126061 0.9805807
vn 0.1698415 0.09805801 0.9805806
vn 0.1842888 0.06707563 0.9805807
vn 0.1931366 0.03405518 0.9805807
vn 0 0.2047518 0.9788139
vn 0.03555479 0.2016412 0.9788139
vn 0.07002925 0.1924038 0.9788139
vn 0.1023759 0.1773203 0.9788139
vn 0.131612 0.156849 0.9788139
vn 0.156849 0.1316119 0.9788139
vn 0.1773203 0.1023759 0.9788139
vn 0.1924038 0.07002924 0.9788139
vn 0.2016412 0.03555477 0.9788139
vn 0 0.2544933 0.9670745
vn 0.04419231 0.250627 0.9670745
vn 0.08704183 0.2391455 0.9670745
vn 0.1272467 0.2203977 0.9670746
vn 0.1635852 0.1949532 0.9670746
vn 0.1949532 0.1635851 0.9670746
vn 0.2203977 0.1272466 0.9670745
vn 0.2391455 0.08704182 0.9670746
vn 0.250627 0.04419229 0.9670746
vn 0 0.3775232 0.9260001
vn 0.06555623 0.3717878 0.9260002
vn 0.1291205 0.3547557 0.9260001
vn 0.1887616 0.3269446 0.9260001
vn 0.2426673 0.2891995 0.9260001
vn 0.2891996 0.2426672 0.9260001
vn 0.3269447 0.1887616 0.9260001
vn 0.3547558 0.1291205 0.9260001
vn 0.3717878 0.06555619 0.9260001
vn 0 0.6649987 0.7468445
vn 0.1154758 0.654896 0.7468445
vn 0.227443 0.6248944 0.7468445
vn 0.3324994 0.5759059 0.7468445
vn 0.427453 0.5094186 0.7468445
vn 0.5094186 0.427453 0.7468445
vn 0.5759058 0.3324993 0.7468445
vn 0.6248945 0.2274429 0.7468445
vn 0.654896 0.1154758 0.7468445
vn 0 1 0
vn 0.1736482 0.9848078 0
vn 0.3420202 0.9396926 0
vn 0.5000001 0.8660253 0
vn 0.6427876 0.7660444 0
vn 0.7660445 0.6427875 0
vn 0.8660255 0.4999999 0
vn 0.9396926 0.34202 0
vn 0.9848078 0.1736481 0
vn -0.4246691 0.07488064 0.9022467
vn -0.4052146 0.147486 0.9022466
vn -0.3734477 0.2156102 0.9022466
vn -0.330334 0.2771831 0.9022467
vn -0.2771831 0.330334 0.9022466
vn -0.2156102 0.3734478 0.9022466
vn -0.147486 0.4052146 0.9022467
vn -0.07488059 0.4246692 0.9022466
vn -0.2854519 0.05033287 0.9570704
vn -0.272375 0.09913637 0.9570705
vn -0.2510221 0.1449277 0.9570704
vn -0.2220421 0.1863155 0.9570705
vn -0.1863154 0.2220421 0.9570705
vn -0.1449277 0.2510221 0.9570704
vn -0.09913635 0.272375 0.9570705
vn -0.05033284 0.2854519 0.9570704
vn -0.2182541 0.03848408 0.9751329
vn -0.2082556 0.07579882 0.9751329
vn -0.1919294 0.1108105 0.9751329
vn -0.1697715 0.1424552 0.9751329
vn -0.1424552 0.1697715 0.9751329
vn -0.1108104 0.1919294 0.9751329
vn -0.0757988 0.2082556 0.9751329
vn -0.03848406 0.218254 0.9751329
vn -0.1931366 0.0340552 0.9805807
vn -0.1842888 0.06707563 0.9805807
vn -0.1698415 0.09805804 0.9805807
vn -0.1502336 0.126061 0.9805807
vn -0.126061 0.1502336 0.9805807
vn -0.09805801 0.1698415 0.9805806
vn -0.06707563 0.1842888 0.9805807
vn -0.03405518 0.1931366 0.9805807
vn -0.2016412 0.03555479 0.9788139
vn -0.1924038 0.07002925 0.9788139
vn -0.1773203 0.1023759 0.9788139
vn -0.156849 0.131612 0.9788139
vn -0.1316119 0.156849 0.9788139
vn -0.1023759 0.1773203 0.9788139
vn -0.07002924 0.1924038 0.9788139
vn -0.03555477 0.2016412 0.9788139
vn -0.250627 0.04419231 0.9670745
vn -0.2391455 0.08704183 0.9670745
vn -0.2203977 0.1272467 0.9670746
vn -0.1949532 0.1635852 0.9670746
vn -0.1635851 0.1949532 0.9670746
vn -0.1272466 0.2203977 0.9670745
vn -0.08704182 0.2391455 0.9670746
vn -0.04419229 0.250627 0.9670746
vn -0.3717878 0.06555623 0.9260002
vn -0.3547557 0.1291205 0.9260001
vn -0.3269446 0.1887616 0.9260001
vn -0.2891995 0.2426673 0.9260001
vn -0.2426672 0.2891996 0.9260001
vn -0.1887616 0.3269447 0.9260001
vn -0.1291205 0.3547558 0.9260001
vn -0.06555619 0.3717878 0.9260001
vn -0.654896 0.1154758 0.7468445
vn -0.6248944 0.227443 0.7468445
vn -0.5759059 0.3324994 0.7468445
vn -0.5094186 0.427453 0.7468445
vn -0.427453 0.5094186 0.7468445
vn -0.3324993 0.5759058 0.7468445
vn -0.2274429 0.6248945 0.7468445
vn -0.1154758 0.654896 0.7468445
vn -0.9848078 0.1736482 0
vn -0.9396926 0.3420202 0
vn -0.8660253 0.5000001 0
vn -0.7660444 0.6427876 0
vn -0.6427875 0.7660445 0
vn -0.4999999 0.8660255 0
vn -0.34202 0.9396926 0
vn -0.1736481 0.9848078 0
vn 0.9417419 0 -0.3363365
vn 0.9274347 0.1635318 -0.3363366
vn 0.8849478 0.3220947 -0.3363368
vn 0.8155724 0.470871 -0.3363361
vn 0.7214161 0.6053399 -0.3363366
vn 0.60534 0.7214162 -0.3363364
vn 0.4708709 0.8155723 -0.3363366
vn 0.3220946 0.8849478 -0.3363367
vn 0.1635317 0.9274347 -0.3363365
vn -4.116484e-8 0.9417419 -0.3363365
vn 0.9782546 0 -0.2074077
vn 0.9633926 0.1698721 -0.2074078
vn 0.9192586 0.3345828 -0.207408
vn 0.8471934 0.4891273 -0.2074073
vn 0.7493865 0.6288099 -0.2074078
vn 0.6288099 0.7493865 -0.2074077
vn 0.4891272 0.8471933 -0.2074078
vn 0.3345827 0.9192586 -0.207408
vn 0.169872 0.9633927 -0.2074078
vn -4.276086e-8 0.9782546 -0.2074077
vn 0.9999987 0 -0.001587183
vn 0.9848065 0.173648 -0.001587233
vn 0.9396914 0.3420197 -0.001587317
vn 0.8660243 0.4999994 -0.001586757
vn 0.7660434 0.6427868 -0.001587278
vn 0.6427868 0.7660434 -0.00158722
vn 0.4999993 0.8660244 -0.001587371
vn 0.3420196 0.9396915 -0.001587351
vn 0.1736479 0.9848065 -0.001587235
vn -4.371132e-8 0.9999987 -0.001587183
vn 0.9269468 0 0.3751931
vn 0.9128642 0.1609626 0.3751931
vn 0.8710449 0.3170345 0.3751931
vn 0.8027593 0.4634733 0.3751934
vn 0.7100825 0.5958298 0.3751931
vn 0.5958298 0.7100825 0.375193
vn 0.4634733 0.8027594 0.3751929
vn 0.3170344 0.8710451 0.375193
vn 0.1609625 0.9128643 0.3751931
vn -4.051812e-8 0.9269468 0.3751931
vn 0.4165408 0 0.909117
vn 0.4102125 0.07233154 0.909117
vn 0.3914201 0.1424653 0.9091172
vn 0.3607348 0.2082703 0.9091171
vn 0.3190888 0.2677473 0.909117
vn 0.2677473 0.3190889 0.909117
vn 0.2082703 0.3607349 0.909117
vn 0.1424653 0.3914203 0.909117
vn 0.0723315 0.4102125 0.909117
vn -1.820757e-8 0.4165408 0.909117
vn -0.3263099 0 0.9452629
vn -0.3213525 -0.05666312 0.9452628
vn -0.3066309 -0.1116045 0.9452629
vn -0.2825927 -0.163155 0.9452629
vn -0.2499679 -0.209748 0.9452628
vn -0.209748 -0.249968 0.9452628
vn -0.163155 -0.2825927 0.9452629
vn -0.1116045 -0.3066311 0.9452629
vn -0.05666309 -0.3213525 0.9452628
vn 1.426346e-8 -0.3263099 0.9452629
vn -0.6663308 0 0.7456563
vn -0.6562077 -0.1157071 0.7456563
vn -0.6261459 -0.2278985 0.7456564
vn -0.5770596 -0.3331655 0.7456561
vn -0.510439 -0.4283092 0.7456562
vn -0.4283093 -0.5104392 0.745656
vn -0.3331654 -0.5770594 0.7456563
vn -0.2278985 -0.6261462 0.7456561
vn -0.1157071 -0.6562077 0.7456563
vn 2.912624e-8 -0.6663308 0.7456563
vn -0.8143443 0 0.580382
vn -0.8019725 -0.1414094 0.5803822
vn -0.7652332 -0.2785221 0.5803823
vn -0.7052431 -0.4071723 0.5803819
vn -0.623824 -0.5234504 0.580382
vn -0.5234506 -0.6238241 0.5803818
vn -0.4071721 -0.7052428 0.5803822
vn -0.2785221 -0.7652335 0.5803819
vn -0.1414093 -0.8019726 0.5803821
vn 3.559612e-8 -0.8143443 0.580382
vn -0.8936151 0 0.448834
vn -0.880039 -0.1551746 0.4488341
vn -0.8397235 -0.3056344 0.4488344
vn -0.7738935 -0.4468077 0.4488337
vn -0.6845489 -0.5744047 0.4488339
vn -0.5744048 -0.6845491 0.4488338
vn -0.4468075 -0.7738935 0.4488342
vn -0.3056343 -0.8397237 0.4488338
vn -0.1551746 -0.880039 0.4488341
vn 3.906115e-8 -0.8936151 0.448834
vn -0.9417419 0 0.3363365
vn -0.9274346 -0.1635318 0.3363366
vn -0.8849478 -0.3220947 0.3363367
vn -0.8155724 -0.470871 0.3363361
vn -0.7214162 -0.60534 0.3363364
vn -0.6053401 -0.7214162 0.3363361
vn -0.4708709 -0.8155723 0.3363366
vn -0.3220947 -0.8849481 0.3363362
vn -0.1635317 -0.9274347 0.3363365
vn 4.116484e-8 -0.9417419 0.3363365
vn -0.1635318 0.9274347 -0.3363366
vn -0.3220947 0.8849478 -0.3363368
vn -0.470871 0.8155724 -0.3363361
vn -0.6053399 0.7214161 -0.3363366
vn -0.7214162 0.60534 -0.3363364
vn -0.8155723 0.4708709 -0.3363366
vn -0.8849478 0.3220946 -0.3363367
vn -0.9274347 0.1635317 -0.3363365
vn -0.9417419 -4.116484e-8 -0.3363365
vn -0.1698721 0.9633926 -0.2074078
vn -0.3345828 0.9192586 -0.207408
vn -0.4891273 0.8471934 -0.2074073
vn -0.6288099 0.7493865 -0.2074078
vn -0.7493865 0.6288099 -0.2074077
vn -0.8471933 0.4891272 -0.2074078
vn -0.9192586 0.3345827 -0.207408
vn -0.9633927 0.169872 -0.2074078
vn -0.9782546 -4.276086e-8 -0.2074077
vn -0.173648 0.9848065 -0.001587233
vn -0.3420197 0.9396914 -0.001587317
vn -0.4999994 0.8660243 -0.001586757
vn -0.6427868 0.7660434 -0.001587278
vn -0.7660434 0.6427868 -0.00158722
vn -0.8660244 0.4999993 -0.001587371
vn -0.9396915 0.3420196 -0.001587351
vn -0.9848065 0.1736479 -0.001587235
vn -0.9999987 -4.371132e-8 -0.001587183
vn -0.1609626 0.9128642 0.3751931
vn -0.3170345 0.8710449 0.3751931
vn -0.4634733 0.8027593 0.3751934
vn -0.5958298 0.7100825 0.3751931
vn -0.7100825 0.5958298 0.375193
vn -0.8027594 0.4634733 0.3751929
vn -0.8710451 0.3170344 0.375193
vn -0.9128643 0.1609625 0.3751931
vn -0.9269468 -4.051812e-8 0.3751931
vn -0.07233154 0.4102125 0.909117
vn -0.1424653 0.3914201 0.9091172
vn -0.2082703 0.3607348 0.9091171
vn -0.2677473 0.3190888 0.909117
vn -0.3190889 0.2677473 0.909117
vn -0.3607349 0.2082703 0.909117
vn -0.3914203 0.1424653 0.909117
vn -0.4102125 0.0723315 0.909117
vn -0.4165408 -1.820757e-8 0.909117
vn 0.05666312 -0.3213525 0.9452628
vn 0.1116045 -0.3066309 0.9452629
vn 0.163155 -0.2825927 0.9452629
vn 0.209748 -0.2499679 0.9452628
vn 0.249968 -0.209748 0.9452628
vn 0.2825927 -0.163155 0.9452629
vn 0.3066311 -0.1116045 0.9452629
vn 0.3213525 -0.05666309 0.9452628
vn 0.3263099 1.426346e-8 0.9452629
vn 0.1157071 -0.6562077 0.7456563
vn 0.2278985 -0.6261459 0.7456564
vn 0.3331655 -0.5770596 0.7456561
vn 0.4283092 -0.510439 0.7456562
vn 0.5104392 -0.4283093 0.745656
vn 0.5770594 -0.3331654 0.7456563
vn 0.6261462 -0.2278985 0.7456561
vn 0.6562077 -0.1157071 0.7456563
vn 0.6663308 2.912624e-8 0.7456563
vn 0.1414094 -0.8019725 0.5803822
vn 0.2785221 -0.7652332 0.5803823
vn 0.4071723 -0.7052431 0.5803819
vn 0.5234504 -0.623824 0.580382
vn 0.6238241 -0.5234506 0.5803818
vn 0.7052428 -0.4071721 0.5803822
vn 0.7652335 -0.2785221 0.5803819
vn 0.8019726 -0.1414093 0.5803821
vn 0.8143443 3.559612e-8 0.580382
vn 0.1551746 -0.880039 0.4488341
vn 0.3056344 -0.8397235 0.4488344
vn 0.4468077 -0.7738935 0.4488337
vn 0.5744047 -0.6845489 0.4488339
vn 0.6845491 -0.5744048 0.4488338
vn 0.7738935 -0.4468075 0.4488342
vn 0.8397237 -0.3056343 0.4488338
vn 0.880039 -0.1551746 0.4488341
vn 0.8936151 3.906115e-8 0.448834
vn 0.1635318 -0.9274346 0.3363366
vn 0.3220947 -0.8849478 0.3363367
vn 0.470871 -0.8155724 0.3363361
vn 0.60534 -0.7214162 0.3363364
vn 0.7214162 -0.6053401 0.3363361
vn 0.8155723 -0.4708709 0.3363366
vn 0.8849481 -0.3220947 0.3363362
vn 0.9274347 -0.1635317 0.3363365
vn 0.9417419 4.116484e-8 0.3363365
vn 0 -0.9417419 -0.3363365
vn -0.1635318 -0.9274347 -0.3363366
vn -0.3220947 -0.8849478 -0.3363368
vn -0.470871 -0.8155724 -0.3363361
vn -0.6053399 -0.7214161 -0.3363366
vn -0.7214162 -0.60534 -0.3363364
vn -0.8155723 -0.4708709 -0.3363366
vn -0.8849478 -0.3220946 -0.3363367
vn -0.9274347 -0.1635317 -0.3363365
vn 0 -0.9782546 -0.2074077
vn -0.1698721 -0.9633926 -0.2074078
vn -0.3345828 -0.9192586 -0.207408
vn -0.4891273 -0.8471934 -0.2074073
vn -0.6288099 -0.7493865 -0.2074078
vn -0.7493865 -0.6288099 -0.2074077
vn -0.8471933 -0.4891272 -0.2074078
vn -0.9192586 -0.3345827 -0.207408
vn -0.9633927 -0.169872 -0.2074078
vn 0 -0.9999987 -0.001587183
vn -0.173648 -0.9848065 -0.001587233
vn -0.3420197 -0.9396914 -0.001587317
vn -0.4999994 -0.8660243 -0.001586757
vn -0.6427868 -0.7660434 -0.001587278
vn -0.7660434 -0.6427868 -0.00158722
vn -0.8660244 -0.4999993 -0.001587371
vn -0.9396915 -0.3420196 -0.001587351
vn -0.9848065 -0.1736479 -0.001587235
vn 0 -0.9269468 0.3751931
vn -0.1609626 -0.9128642 0.3751931
vn -0.3170345 -0.8710449 0.3751931
vn -0.4634733 -0.8027593 0.3751934
vn -0.5958298 -0.7100825 0.3751931
vn -0.7100825 -0.5958298 0.375193
vn -0.8027594 -0.4634733 0.3751929
vn -0.8710451 -0.3170344 0.375193
vn -0.9128643 -0.1609625 0.3751931
vn 0 -0.4165408 0.909117
vn -0.07233154 -0.4102125 0.909117
vn -0.1424653 -0.3914201 0.9091172
vn -0.2082703 -0.3607348 0.9091171
vn -0.2677473 -0.3190888 0.909117
vn -0.3190889 -0.2677473 0.909117
vn -0.3607349 -0.2082703 0.909117
vn -0.3914203 -0.1424653 0.909117
vn -0.4102125 -0.0723315 0.909117
vn 0 0.3263099 0.9452629
vn 0.05666312 0.3213525 0.9452628
vn 0.1116045 0.3066309 0.9452629
vn 0.163155 0.2825927 0.9452629
vn 0.209748 0.2499679 0.9452628
vn 0.249968 0.209748 0.9452628
vn 0.2825927 0.163155 0.9452629
vn 0.3066311 0.1116045 0.9452629
vn 0.3213525 0.05666309 0.9452628
vn 0 0.6663308 0.7456563
vn 0.1157071 0.6562077 0.7456563
vn 0.2278985 0.6261459 0.7456564
vn 0.3331655 0.5770596 0.7456561
vn 0.4283092 0.510439 0.7456562
vn 0.5104392 0.4283093 0.745656
vn 0.5770594 0.3331654 0.7456563
vn 0.6261462 0.2278985 0.7456561
vn 0.6562077 0.1157071 0.7456563
vn 0 0.8143443 0.580382
vn 0.1414094 0.8019725 0.5803822
vn 0.2785221 0.7652332 0.5803823
vn 0.4071723 0.7052431 0.5803819
vn 0.5234504 0.623824 0.580382
vn 0.6238241 0.5234506 0.5803818
vn 0.7052428 0.4071721 0.5803822
vn 0.7652335 0.2785221 0.5803819
vn 0.8019726 0.1414093 0.5803821
vn 0 0.8936151 0.448834
vn 0.1551746 0.880039 0.4488341
vn 0.3056344 0.8397235 0.4488344
vn 0.4468077 0.7738935 0.4488337
vn 0.5744047 0.6845489 0.4488339
vn 0.6845491 0.5744048 0.4488338
vn 0.7738935 0.4468075 0.4488342
vn 0.8397237 0.3056343 0.4488338
vn 0.880039 0.1551746 0.4488341
vn 0 0.9417419 0.3363365
vn 0.1635318 0.9274346 0.3363366
vn 0.3220947 0.8849478 0.3363367
vn 0.470871 0.8155724 0.3363361
vn 0.60534 0.7214162 0.3363364
vn 0.7214162 0.6053401 0.3363361
vn 0.8155723 0.4708709 0.3363366
vn 0.8849481 0.3220947 0.3363362
vn 0.9274347 0.1635317 0.3363365
vn 0.9274347 -0.1635318 -0.3363366
vn 0.8849478 -0.3220947 -0.3363368
vn 0.8155724 -0.470871 -0.3363361
vn 0.7214161 -0.6053399 -0.3363366
vn 0.60534 -0.7214162 -0.3363364
vn 0.4708709 -0.8155723 -0.3363366
vn 0.3220946 -0.8849478 -0.3363367
vn 0.1635317 -0.9274347 -0.3363365
vn 0.9633926 -0.1698721 -0.2074078
vn 0.9192586 -0.3345828 -0.207408
vn 0.8471934 -0.4891273 -0.2074073
vn 0.7493865 -0.6288099 -0.2074078
vn 0.6288099 -0.7493865 -0.2074077
vn 0.4891272 -0.8471933 -0.2074078
vn 0.3345827 -0.9192586 -0.207408
vn 0.169872 -0.9633927 -0.2074078
vn 0.9848065 -0.173648 -0.001587233
vn 0.9396914 -0.3420197 -0.001587317
vn 0.8660243 -0.4999994 -0.001586757
vn 0.7660434 -0.6427868 -0.001587278
vn 0.6427868 -0.7660434 -0.00158722
vn 0.4999993 -0.8660244 -0.001587371
vn 0.3420196 -0.9396915 -0.001587351
vn 0.1736479 -0.9848065 -0.001587235
vn 0.9128642 -0.1609626 0.3751931
vn 0.8710449 -0.3170345 0.3751931
vn 0.8027593 -0.4634733 0.3751934
vn 0.7100825 -0.5958298 0.3751931
vn 0.5958298 -0.7100825 0.375193
vn 0.4634733 -0.8027594 0.3751929
vn 0.3170344 -0.8710451 0.375193
vn 0.1609625 -0.9128643 0.3751931
vn 0.4102125 -0.07233154 0.909117
vn 0.3914201 -0.1424653 0.9091172
vn 0.3607348 -0.2082703 0.9091171
vn 0.3190888 -0.2677473 0.909117
vn 0.2677473 -0.3190889 0.909117
vn 0.2082703 -0.3607349 0.909117
vn 0.1424653 -0.3914203 0.909117
vn 0.0723315 -0.4102125 0.909117
vn -0.3213525 0.05666312 0.9452628
vn -0.3066309 0.1116045 0.9452629
vn -0.2825927 0.163155 0.9452629
vn -0.2499679 0.209748 0.9452628
vn -0.209748 0.249968 0.9452628
vn -0.163155 0.2825927 0.9452629
vn -0.1116045 0.3066311 0.9452629
vn -0.05666309 0.3213525 0.9452628
vn -0.6562077 0.1157071 0.7456563
vn -0.6261459 0.2278985 0.7456564
vn -0.5770596 0.3331655 0.7456561
vn -0.510439 0.4283092 0.7456562
vn -0.4283093 0.5104392 0.745656
vn -0.3331654 0.5770594 0.7456563
vn -0.2278985 0.6261462 0.7456561
vn -0.1157071 0.6562077 0.7456563
vn -0.8019725 0.1414094 0.5803822
vn -0.7652332 0.2785221 0.5803823
vn -0.7052431 0.4071723 0.5803819
vn -0.623824 0.5234504 0.580382
vn -0.5234506 0.6238241 0.5803818
vn -0.4071721 0.7052428 0.5803822
vn -0.2785221 0.7652335 0.5803819
vn -0.1414093 0.8019726 0.5803821
vn -0.880039 0.1551746 0.4488341
vn -0.8397235 0.3056344 0.4488344
vn -0.7738935 0.4468077 0.4488337
vn -0.6845489 0.5744047 0.4488339
vn -0.5744048 0.6845491 0.4488338
vn -0.4468075 0.7738935 0.4488342
vn -0.3056343 0.8397237 0.4488338
vn -0.1551746 0.880039 0.4488341
vn -0.9274346 0.1635318 0.3363366
vn -0.8849478 0.3220947 0.3363367
vn -0.8155724 0.470871 0.3363361
vn -0.7214162 0.60534 0.3363364
vn -0.6053401 0.7214162 0.3363361
vn -0.4708709 0.8155723 0.3363366
vn -0.3220947 0.8849481 0.3363362
vn -0.1635317 0.9274347 0.3363365
vn -0.928543 -0.1637272 0.3331686
vn -0.8860055 -0.3224796 0.3331686
vn -0.816547 -0.4714336 0.3331686
vn -0.7222782 -0.6060634 0.3331686
vn -0.6060634 -0.7222782 0.3331687
vn -0.4714336 -0.816547 0.3331686
vn -0.3224795 -0.8860054 0.3331687
vn -0.1637271 -0.928543 0.3331685
vn 4.121404e-8 -0.9428673 0.3331686
vn -0.931843 -0.1643091 0.3235293
vn -0.8891542 -0.3236257 0.3235293
vn -0.819449 -0.4731091 0.3235293
vn -0.7248451 -0.6082174 0.3235293
vn -0.6082174 -0.7248451 0.3235294
vn -0.4731091 -0.819449 0.3235293
vn -0.3236256 -0.8891543 0.3235294
vn -0.164309 -0.931843 0.3235293
vn 4.136051e-8 -0.9462182 0.3235293
vn -0.9517086 0 0.3070028
vn -0.93725 -0.1652625 0.3070027
vn -0.8943136 -0.3255035 0.3070028
vn -0.8242038 -0.4758544 0.3070028
vn -0.7290511 -0.6117465 0.3070028
vn -0.6117465 -0.7290511 0.3070028
vn -0.4758542 -0.8242038 0.3070028
vn -0.3255034 -0.8943136 0.3070028
vn -0.1652624 -0.9372501 0.3070028
vn 4.160049e-8 -0.9517086 0.3070028
vn -0.9591573 0 0.2828731
vn -0.9445856 -0.1665559 0.2828731
vn -0.9013131 -0.3280511 0.282873
vn -0.8306546 -0.4795787 0.2828731
vn -0.7347571 -0.6165345 0.2828731
vn -0.6165344 -0.7347572 0.2828731
vn -0.4795786 -0.8306546 0.2828731
vn -0.328051 -0.9013131 0.2828731
vn -0.1665558 -0.9445856 0.2828731
vn 4.19261e-8 -0.9591573 0.2828731
vn -0.9682215 0 0.2500941
vn -0.9535121 -0.1681299 0.2500941
vn -0.9098306 -0.3311513 0.2500941
vn -0.8385044 -0.4841108 0.2500941
vn -0.7417007 -0.6223609 0.2500941
vn -0.6223608 -0.7417007 0.2500941
vn -0.4841107 -0.8385044 0.2500941
vn -0.3311512 -0.9098306 0.2500941
vn -0.1681298 -0.9535121 0.2500941
vn 4.232231e-8 -0.9682215 0.2500941
vn -0.9782851 0 0.2072638
vn -0.9634227 -0.1698775 0.2072638
vn -0.9192873 -0.3345932 0.2072637
vn -0.8472197 -0.4891426 0.2072638
vn -0.7494099 -0.6288295 0.2072638
vn -0.6288295 -0.7494099 0.2072638
vn -0.4891425 -0.8472198 0.2072638
vn -0.3345931 -0.9192873 0.2072638
vn -0.1698773 -0.9634228 0.2072638
vn 4.27622e-8 -0.9782851 0.2072638
vn -0.9882833 0 0.1526306
vn -0.973269 -0.1716136 0.1526306
vn -0.9286824 -0.3380128 0.1526306
vn -0.8558784 -0.4941416 0.1526306
vn -0.7570689 -0.6352562 0.1526306
vn -0.6352562 -0.757069 0.1526306
vn -0.4941416 -0.8558784 0.1526306
vn -0.3380127 -0.9286826 0.1526306
vn -0.1716135 -0.9732691 0.1526307
vn 4.319923e-8 -0.9882833 0.1526306
vn -0.9964495 0 0.08419304
vn -0.9813111 -0.1730317 0.08419307
vn -0.9363562 -0.3408058 0.08419303
vn -0.8629506 -0.4982248 0.08419305
vn -0.7633246 -0.6405054 0.08419306
vn -0.6405054 -0.7633246 0.08419307
vn -0.4982246 -0.8629506 0.08419305
vn -0.3408057 -0.9363562 0.08419304
vn -0.1730316 -0.9813111 0.08419307
vn 4.355619e-8 -0.9964495 0.08419304
vn -0.9848077 -0.1736482 0
vn -0.9396926 -0.3420202 0
vn -0.8660254 -0.5000001 0
vn -0.7660444 -0.6427876 0
vn -0.6427876 -0.7660445 0
vn -0.5 -0.8660254 0
vn -0.34202 -0.9396927 0
vn -0.1736481 -0.9848077 0
vn 4.371138e-8 -1 0
vn 0.1637272 -0.928543 0.3331686
vn 0.3224796 -0.8860055 0.3331686
vn 0.4714336 -0.816547 0.3331686
vn 0.6060634 -0.7222782 0.3331686
vn 0.7222782 -0.6060634 0.3331687
vn 0.816547 -0.4714336 0.3331686
vn 0.8860054 -0.3224795 0.3331687
vn 0.928543 -0.1637271 0.3331685
vn 0.9428673 4.121404e-8 0.3331686
vn 0.1643091 -0.931843 0.3235293
vn 0.3236257 -0.8891542 0.3235293
vn 0.4731091 -0.819449 0.3235293
vn 0.6082174 -0.7248451 0.3235293
vn 0.7248451 -0.6082174 0.3235294
vn 0.819449 -0.4731091 0.3235293
vn 0.8891543 -0.3236256 0.3235294
vn 0.931843 -0.164309 0.3235293
vn 0.9462182 4.136051e-8 0.3235293
vn 0.1652625 -0.93725 0.3070027
vn 0.3255035 -0.8943136 0.3070028
vn 0.4758544 -0.8242038 0.3070028
vn 0.6117465 -0.7290511 0.3070028
vn 0.7290511 -0.6117465 0.3070028
vn 0.8242038 -0.4758542 0.3070028
vn 0.8943136 -0.3255034 0.3070028
vn 0.9372501 -0.1652624 0.3070028
vn 0.9517086 4.160049e-8 0.3070028
vn 0.1665559 -0.9445856 0.2828731
vn 0.3280511 -0.9013131 0.282873
vn 0.4795787 -0.8306546 0.2828731
vn 0.6165345 -0.7347571 0.2828731
vn 0.7347572 -0.6165344 0.2828731
vn 0.8306546 -0.4795786 0.2828731
vn 0.9013131 -0.328051 0.2828731
vn 0.9445856 -0.1665558 0.2828731
vn 0.9591573 4.19261e-8 0.2828731
vn 0.1681299 -0.9535121 0.2500941
vn 0.3311513 -0.9098306 0.2500941
vn 0.4841108 -0.8385044 0.2500941
vn 0.6223609 -0.7417007 0.2500941
vn 0.7417007 -0.6223608 0.2500941
vn 0.8385044 -0.4841107 0.2500941
vn 0.9098306 -0.3311512 0.2500941
vn 0.9535121 -0.1681298 0.2500941
vn 0.9682215 4.232231e-8 0.2500941
vn 0.1698775 -0.9634227 0.2072638
vn 0.3345932 -0.9192873 0.2072637
vn 0.4891426 -0.8472197 0.2072638
vn 0.6288295 -0.7494099 0.2072638
vn 0.7494099 -0.6288295 0.2072638
vn 0.8472198 -0.4891425 0.2072638
vn 0.9192873 -0.3345931 0.2072638
vn 0.1716136 -0.973269 0.1526306
vn 0.3380128 -0.9286824 0.1526306
vn 0.4941416 -0.8558784 0.1526306
vn 0.6352562 -0.7570689 0.1526306
vn 0.757069 -0.6352562 0.1526306
vn 0.8558784 -0.4941416 0.1526306
vn 0.9286826 -0.3380127 0.1526306
vn 0.1730317 -0.9813111 0.08419307
vn 0.3408058 -0.9363562 0.08419303
vn 0.4982248 -0.8629506 0.08419305
vn 0.6405054 -0.7633246 0.08419306
vn 0.7633246 -0.6405054 0.08419307
vn 0.8629506 -0.4982246 0.08419305
vn 0.9363562 -0.3408057 0.08419304
vn 0.1736482 -0.9848077 0
vn 0.3420202 -0.9396926 0
vn 0.5000001 -0.8660254 0
vn 0.6427876 -0.7660444 0
vn 0.7660445 -0.6427876 0
vn 0.8660254 -0.5 0
vn 0.9396927 -0.34202 0
vn 0 0.9428673 0.3331686
vn 0.1637272 0.928543 0.3331686
vn 0.3224796 0.8860055 0.3331686
vn 0.4714336 0.816547 0.3331686
vn 0.6060634 0.7222782 0.3331686
vn 0.7222782 0.6060634 0.3331687
vn 0.816547 0.4714336 0.3331686
vn 0.8860054 0.3224795 0.3331687
vn 0.928543 0.1637271 0.3331685
vn 0 0.9462182 0.3235293
vn 0.1643091 0.931843 0.3235293
vn 0.3236257 0.8891542 0.3235293
vn 0.4731091 0.819449 0.3235293
vn 0.6082174 0.7248451 0.3235293
vn 0.7248451 0.6082174 0.3235294
vn 0.819449 0.4731091 0.3235293
vn 0.8891543 0.3236256 0.3235294
vn 0.931843 0.164309 0.3235293
vn 0 0.9517086 0.3070028
vn 0.1652625 0.93725 0.3070027
vn 0.3255035 0.8943136 0.3070028
vn 0.4758544 0.8242038 0.3070028
vn 0.6117465 0.7290511 0.3070028
vn 0.7290511 0.6117465 0.3070028
vn 0.8242038 0.4758542 0.3070028
vn 0.8943136 0.3255034 0.3070028
vn 0.9372501 0.1652624 0.3070028
vn 0 0.9591573 0.2828731
vn 0.1665559 0.9445856 0.2828731
vn 0.3280511 0.9013131 0.282873
vn 0.4795787 0.8306546 0.2828731
vn 0.6165345 0.7347571 0.2828731
vn 0.7347572 0.6165344 0.2828731
vn 0.8306546 0.4795786 0.2828731
vn 0.9013131 0.328051 0.2828731
vn 0.9445856 0.1665558 0.2828731
vn 0 0.9682215 0.2500941
vn 0.1681299 0.9535121 0.2500941
vn 0.3311513 0.9098306 0.2500941
vn 0.4841108 0.8385044 0.2500941
vn 0.6223609 0.7417007 0.2500941
vn 0.7417007 0.6223608 0.2500941
vn 0.8385044 0.4841107 0.2500941
vn 0.9098306 0.3311512 0.2500941
vn 0.9535121 0.1681298 0.2500941
vn 0 0.9782851 0.2072638
vn 0.1698775 0.9634227 0.2072638
vn 0.3345932 0.9192873 0.2072637
vn 0.4891426 0.8472197 0.2072638
vn 0.6288295 0.7494099 0.2072638
vn 0.7494099 0.6288295 0.2072638
vn 0.8472198 0.4891425 0.2072638
vn 0.9192873 0.3345931 0.2072638
vn 0 0.9882833 0.1526306
vn 0.1716136 0.973269 0.1526306
vn 0.3380128 0.9286824 0.1526306
vn 0.4941416 0.8558784 0.1526306
vn 0.6352562 0.7570689 0.1526306
vn 0.757069 0.6352562 0.1526306
vn 0.8558784 0.4941416 0.1526306
vn 0.9286826 0.3380127 0.1526306
vn 0 0.9964495 0.08419304
vn 0.1730317 0.9813111 0.08419307
vn 0.3408058 0.9363562 0.08419303
vn 0.4982248 0.8629506 0.08419305
vn 0.6405054 0.7633246 0.08419306
vn 0.7633246 0.6405054 0.08419307
vn 0.8629506 0.4982246 0.08419305
vn 0.9363562 0.3408057 0.08419304
vn 0 1 0
vn 0.1736482 0.9848077 0
vn 0.3420202 0.9396926 0
vn 0.5000001 0.8660254 0
vn 0.6427876 0.7660444 0
vn 0.7660445 0.6427876 0
vn 0.8660254 0.5 0
vn 0.9396927 0.34202 0
vn -0.928543 0.1637272 0.3331686
vn -0.8860055 0.3224796 0.3331686
vn -0.816547 0.4714336 0.3331686
vn -0.7222782 0.6060634 0.3331686
vn -0.6060634 0.7222782 0.3331687
vn -0.4714336 0.816547 0.3331686
vn -0.3224795 0.8860054 0.3331687
vn -0.1637271 0.928543 0.3331685
vn -0.931843 0.1643091 0.3235293
vn -0.8891542 0.3236257 0.3235293
vn -0.819449 0.4731091 0.3235293
vn -0.7248451 0.6082174 0.3235293
vn -0.6082174 0.7248451 0.3235294
vn -0.4731091 0.819449 0.3235293
vn -0.3236256 0.8891543 0.3235294
vn -0.164309 0.931843 0.3235293
vn -0.93725 0.1652625 0.3070027
vn -0.8943136 0.3255035 0.3070028
vn -0.8242038 0.4758544 0.3070028
vn -0.7290511 0.6117465 0.3070028
vn -0.6117465 0.7290511 0.3070028
vn -0.4758542 0.8242038 0.3070028
vn -0.3255034 0.8943136 0.3070028
vn -0.1652624 0.9372501 0.3070028
vn -0.9445856 0.1665559 0.2828731
vn -0.9013131 0.3280511 0.282873
vn -0.8306546 0.4795787 0.2828731
vn -0.7347571 0.6165345 0.2828731
vn -0.6165344 0.7347572 0.2828731
vn -0.4795786 0.8306546 0.2828731
vn -0.328051 0.9013131 0.2828731
vn -0.1665558 0.9445856 0.2828731
vn -0.9535121 0.1681299 0.2500941
vn -0.9098306 0.3311513 0.2500941
vn -0.8385044 0.4841108 0.2500941
vn -0.7417007 0.6223609 0.2500941
vn -0.6223608 0.7417007 0.2500941
vn -0.4841107 0.8385044 0.2500941
vn -0.3311512 0.9098306 0.2500941
vn -0.1681298 0.9535121 0.2500941
vn -0.9634227 0.1698775 0.2072638
vn -0.9192873 0.3345932 0.2072637
vn -0.8472197 0.4891426 0.2072638
vn -0.7494099 0.6288295 0.2072638
vn -0.6288295 0.7494099 0.2072638
vn -0.4891425 0.8472198 0.2072638
vn -0.3345931 0.9192873 0.2072638
vn -0.1698773 0.9634228 0.2072638
vn -0.973269 0.1716136 0.1526306
vn -0.9286824 0.3380128 0.1526306
vn -0.8558784 0.4941416 0.1526306
vn -0.7570689 0.6352562 0.1526306
vn -0.6352562 0.757069 0.1526306
vn -0.4941416 0.8558784 0.1526306
vn -0.3380127 0.9286826 0.1526306
vn -0.1716135 0.9732691 0.1526307
vn -0.9813111 0.1730317 0.08419307
vn -0.9363562 0.3408058 0.08419303
vn -0.8629506 0.4982248 0.08419305
vn -0.7633246 0.6405054 0.08419306
vn -0.6405054 0.7633246 0.08419307
vn -0.4982246 0.8629506 0.08419305
vn -0.3408057 0.9363562 0.08419304
vn -0.1730316 0.9813111 0.08419307
vn -0.9848077 0.1736482 0
vn -0.9396926 0.3420202 0
vn -0.8660254 0.5000001 0
vn -0.7660444 0.6427876 0
vn -0.6427876 0.7660445 0
vn -0.5 0.8660254 0
vn -0.34202 0.9396927 0
vn -0.1736481 0.9848077 0
vn -0.9684178 -0.1707582 -0.1816826
vn -0.9240535 -0.336328 -0.1816826
vn -0.8516124 -0.4916786 -0.1816826
vn -0.7532953 -0.6320898 -0.1816826
vn -0.6320898 -0.7532953 -0.1816826
vn -0.4916785 -0.8516124 -0.1816826
vn -0.3363279 -0.9240535 -0.1816826
vn -0.1707581 -0.9684178 -0.1816826
vn 4.298391e-8 -0.9833572 -0.1816826
vn -0.9246649 -0.1630434 -0.3441102
vn -0.8823049 -0.3211327 -0.3441101
vn -0.8131366 -0.4694646 -0.3441102
vn -0.7192615 -0.6035322 -0.3441102
vn -0.6035321 -0.7192615 -0.3441102
vn -0.4694646 -0.8131366 -0.3441102
vn -0.3211326 -0.882305 -0.3441102
vn -0.1630433 -0.9246648 -0.3441102
vn 4.10419e-8 -0.9389293 -0.3441102
vn -0.8797065 0 -0.475517
vn -0.8663418 -0.1527595 -0.475517
vn -0.8266538 -0.3008774 -0.475517
vn -0.7618482 -0.4398533 -0.475517
vn -0.6738943 -0.5654645 -0.475517
vn -0.5654645 -0.6738943 -0.475517
vn -0.4398533 -0.7618483 -0.475517
vn -0.3008772 -0.8266538 -0.4755171
vn -0.1527594 -0.8663419 -0.475517
vn 3.845318e-8 -0.8797065 -0.475517
vn -0.8195012 0 -0.5730776
vn -0.8070511 -0.1423049 -0.5730777
vn -0.7700792 -0.2802859 -0.5730776
vn -0.7097087 -0.4097506 -0.5730776
vn -0.6277742 -0.5267652 -0.5730776
vn -0.5267651 -0.6277742 -0.5730776
vn -0.4097506 -0.7097088 -0.5730777
vn -0.2802857 -0.7700791 -0.5730777
vn -0.1423048 -0.807051 -0.5730776
vn 3.582153e-8 -0.8195012 -0.5730776
vn -0.7695283 0 -0.6386127
vn -0.7578374 -0.1336272 -0.6386126
vn -0.72312 -0.2631942 -0.6386126
vn -0.6664311 -0.3847642 -0.6386127
vn -0.5894929 -0.4946433 -0.6386127
vn -0.4946433 -0.5894929 -0.6386127
vn -0.3847641 -0.6664311 -0.6386127
vn -0.2631941 -0.72312 -0.6386127
vn -0.1336271 -0.7578375 -0.6386127
vn 3.363715e-8 -0.7695283 -0.6386127
vn -0.7399401 0 -0.6726727
vn -0.7286988 -0.1284893 -0.6726727
vn -0.6953163 -0.2530744 -0.6726727
vn -0.6408069 -0.3699701 -0.6726727
vn -0.566827 -0.4756243 -0.6726727
vn -0.4756243 -0.566827 -0.6726728
vn -0.36997 -0.6408069 -0.6726727
vn -0.2530743 -0.6953162 -0.6726728
vn -0.1284892 -0.7286988 -0.6726727
vn 3.234381e-8 -0.7399401 -0.6726727
vn -0.7463593 0 -0.6655433
vn -0.7350205 -0.1296039 -0.6655433
vn -0.7013483 -0.2552699 -0.6655433
vn -0.6463661 -0.3731796 -0.6655433
vn -0.5717444 -0.4797505 -0.6655433
vn -0.4797504 -0.5717443 -0.6655433
vn -0.3731796 -0.6463661 -0.6655433
vn -0.2552698 -0.7013483 -0.6655433
vn -0.1296039 -0.7350204 -0.6655432
vn 3.26244e-8 -0.7463593 -0.6655433
vn -0.8277085 0 -0.5611582
vn -0.8151338 -0.1437301 -0.5611583
vn -0.7777917 -0.283093 -0.5611582
vn -0.7168166 -0.4138543 -0.5611582
vn -0.6340615 -0.5320408 -0.5611582
vn -0.5320407 -0.6340615 -0.5611583
vn -0.4138542 -0.7168167 -0.5611582
vn -0.2830929 -0.7777916 -0.5611584
vn -0.14373 -0.8151338 -0.5611582
vn 3.618029e-8 -0.8277085 -0.5611582
vn -1 0 0
vn -0.9848077 -0.1736482 0
vn -0.9396926 -0.3420202 0
vn -0.8660254 -0.5000001 0
vn -0.7660444 -0.6427876 0
vn -0.6427876 -0.7660444 0
vn -0.4999999 -0.8660254 0
vn -0.3420201 -0.9396927 0
vn -0.1736481 -0.9848077 0
vn 4.371138e-8 -1 0
vn 0.1707582 -0.9684178 -0.1816826
vn 0.336328 -0.9240535 -0.1816826
vn 0.4916786 -0.8516124 -0.1816826
vn 0.6320898 -0.7532953 -0.1816826
vn 0.7532953 -0.6320898 -0.1816826
vn 0.8516124 -0.4916785 -0.1816826
vn 0.9240535 -0.3363279 -0.1816826
vn 0.1630434 -0.9246649 -0.3441102
vn 0.3211327 -0.8823049 -0.3441101
vn 0.4694646 -0.8131366 -0.3441102
vn 0.6035322 -0.7192615 -0.3441102
vn 0.7192615 -0.6035321 -0.3441102
vn 0.8131366 -0.4694646 -0.3441102
vn 0.882305 -0.3211326 -0.3441102
vn 0.9246648 -0.1630433 -0.3441102
vn 0.9389293 4.10419e-8 -0.3441102
vn 0.1527595 -0.8663418 -0.475517
vn 0.3008774 -0.8266538 -0.475517
vn 0.4398533 -0.7618482 -0.475517
vn 0.5654645 -0.6738943 -0.475517
vn 0.6738943 -0.5654645 -0.475517
vn 0.7618483 -0.4398533 -0.475517
vn 0.8266538 -0.3008772 -0.4755171
vn 0.8663419 -0.1527594 -0.475517
vn 0.8797065 3.845318e-8 -0.475517
vn 0.1423049 -0.8070511 -0.5730777
vn 0.2802859 -0.7700792 -0.5730776
vn 0.4097506 -0.7097087 -0.5730776
vn 0.5267652 -0.6277742 -0.5730776
vn 0.6277742 -0.5267651 -0.5730776
vn 0.7097088 -0.4097506 -0.5730777
vn 0.7700791 -0.2802857 -0.5730777
vn 0.807051 -0.1423048 -0.5730776
vn 0.8195012 3.582153e-8 -0.5730776
vn 0.1336272 -0.7578374 -0.6386126
vn 0.2631942 -0.72312 -0.6386126
vn 0.3847642 -0.6664311 -0.6386127
vn 0.4946433 -0.5894929 -0.6386127
vn 0.5894929 -0.4946433 -0.6386127
vn 0.6664311 -0.3847641 -0.6386127
vn 0.72312 -0.2631941 -0.6386127
vn 0.7578375 -0.1336271 -0.6386127
vn 0.7695283 3.363715e-8 -0.6386127
vn 0.1284893 -0.7286988 -0.6726727
vn 0.2530744 -0.6953163 -0.6726727
vn 0.3699701 -0.6408069 -0.6726727
vn 0.4756243 -0.566827 -0.6726727
vn 0.566827 -0.4756243 -0.6726728
vn 0.6408069 -0.36997 -0.6726727
vn 0.6953162 -0.2530743 -0.6726728
vn 0.7286988 -0.1284892 -0.6726727
vn 0.7399401 3.234381e-8 -0.6726727
vn 0.1296039 -0.7350205 -0.6655433
vn 0.2552699 -0.7013483 -0.6655433
vn 0.3731796 -0.6463661 -0.6655433
vn 0.4797505 -0.5717444 -0.6655433
vn 0.5717443 -0.4797504 -0.6655433
vn 0.6463661 -0.3731796 -0.6655433
vn 0.7013483 -0.2552698 -0.6655433
vn 0.7350204 -0.1296039 -0.6655432
vn 0.7463593 3.26244e-8 -0.6655433
vn 0.1437301 -0.8151338 -0.5611583
vn 0.283093 -0.7777917 -0.5611582
vn 0.4138543 -0.7168166 -0.5611582
vn 0.5320408 -0.6340615 -0.5611582
vn 0.6340615 -0.5320407 -0.5611583
vn 0.7168167 -0.4138542 -0.5611582
vn 0.7777916 -0.2830929 -0.5611584
vn 0.8151338 -0.14373 -0.5611582
vn 0.8277085 3.618029e-8 -0.5611582
vn 0.1736482 -0.9848077 0
vn 0.3420202 -0.9396926 0
vn 0.5000001 -0.8660254 0
vn 0.6427876 -0.7660444 0
vn 0.7660444 -0.6427876 0
vn 0.8660254 -0.4999999 0
vn 0.9396927 -0.3420201 0
vn 0.9848077 -0.1736481 0
vn 1 4.371138e-8 0
vn 0 0.9833572 -0.1816826
vn 0.1707582 0.9684178 -0.1816826
vn 0.336328 0.9240535 -0.1816826
vn 0.4916786 0.8516124 -0.1816826
vn 0.6320898 0.7532953 -0.1816826
vn 0.7532953 0.6320898 -0.1816826
vn 0.8516124 0.4916785 -0.1816826
vn 0.9240535 0.3363279 -0.1816826
vn 0 0.9389293 -0.3441102
vn 0.1630434 0.9246649 -0.3441102
vn 0.3211327 0.8823049 -0.3441101
vn 0.4694646 0.8131366 -0.3441102
vn 0.6035322 0.7192615 -0.3441102
vn 0.7192615 0.6035321 -0.3441102
vn 0.8131366 0.4694646 -0.3441102
vn 0.882305 0.3211326 -0.3441102
vn 0.9246648 0.1630433 -0.3441102
vn 0 0.8797065 -0.475517
vn 0.1527595 0.8663418 -0.475517
vn 0.3008774 0.8266538 -0.475517
vn 0.4398533 0.7618482 -0.475517
vn 0.5654645 0.6738943 -0.475517
vn 0.6738943 0.5654645 -0.475517
vn 0.7618483 0.4398533 -0.475517
vn 0.8266538 0.3008772 -0.4755171
vn 0.8663419 0.1527594 -0.475517
vn 0 0.8195012 -0.5730776
vn 0.1423049 0.8070511 -0.5730777
vn 0.2802859 0.7700792 -0.5730776
vn 0.4097506 0.7097087 -0.5730776
vn 0.5267652 0.6277742 -0.5730776
vn 0.6277742 0.5267651 -0.5730776
vn 0.7097088 0.4097506 -0.5730777
vn 0.7700791 0.2802857 -0.5730777
vn 0.807051 0.1423048 -0.5730776
vn 0 0.7695283 -0.6386127
vn 0.1336272 0.7578374 -0.6386126
vn 0.2631942 0.72312 -0.6386126
vn 0.3847642 0.6664311 -0.6386127
vn 0.4946433 0.5894929 -0.6386127
vn 0.5894929 0.4946433 -0.6386127
vn 0.6664311 0.3847641 -0.6386127
vn 0.72312 0.2631941 -0.6386127
vn 0.7578375 0.1336271 -0.6386127
vn 0 0.7399401 -0.6726727
vn 0.1284893 0.7286988 -0.6726727
vn 0.2530744 0.6953163 -0.6726727
vn 0.3699701 0.6408069 -0.6726727
vn 0.4756243 0.566827 -0.6726727
vn 0.566827 0.4756243 -0.6726728
vn 0.6408069 0.36997 -0.6726727
vn 0.6953162 0.2530743 -0.6726728
vn 0.7286988 0.1284892 -0.6726727
vn 0 0.7463593 -0.6655433
vn 0.1296039 0.7350205 -0.6655433
vn 0.2552699 0.7013483 -0.6655433
vn 0.3731796 0.6463661 -0.6655433
vn 0.4797505 0.5717444 -0.6655433
vn 0.5717443 0.4797504 -0.6655433
vn 0.6463661 0.3731796 -0.6655433
vn 0.7013483 0.2552698 -0.6655433
vn 0.7350204 0.1296039 -0.6655432
vn 0 0.8277085 -0.5611582
vn 0.1437301 0.8151338 -0.5611583
vn 0.283093 0.7777917 -0.5611582
vn 0.4138543 0.7168166 -0.5611582
vn 0.5320408 0.6340615 -0.5611582
vn 0.6340615 0.5320407 -0.5611583
vn 0.7168167 0.4138542 -0.5611582
vn 0.7777916 0.2830929 -0.5611584
vn 0.8151338 0.14373 -0.5611582
vn 0 1 0
vn 0.1736482 0.9848077 0
vn 0.3420202 0.9396926 0
vn 0.5000001 0.8660254 0
vn 0.6427876 0.7660444 0
vn 0.7660444 0.6427876 0
vn 0.8660254 0.4999999 0
vn 0.9396927 0.3420201 0
vn 0.9848077 0.1736481 0
vn -0.9684178 0.1707582 -0.1816826
vn -0.9240535 0.336328 -0.1816826
vn -0.8516124 0.4916786 -0.1816826
vn -0.7532953 0.6320898 -0.1816826
vn -0.6320898 0.7532953 -0.1816826
vn -0.4916785 0.8516124 -0.1816826
vn -0.3363279 0.9240535 -0.1816826
vn -0.1707581 0.9684178 -0.1816826
vn -0.9246649 0.1630434 -0.3441102
vn -0.8823049 0.3211327 -0.3441101
vn -0.8131366 0.4694646 -0.3441102
vn -0.7192615 0.6035322 -0.3441102
vn -0.6035321 0.7192615 -0.3441102
vn -0.4694646 0.8131366 -0.3441102
vn -0.3211326 0.882305 -0.3441102
vn -0.1630433 0.9246648 -0.3441102
vn -0.8663418 0.1527595 -0.475517
vn -0.8266538 0.3008774 -0.475517
vn -0.7618482 0.4398533 -0.475517
vn -0.6738943 0.5654645 -0.475517
vn -0.5654645 0.6738943 -0.475517
vn -0.4398533 0.7618483 -0.475517
vn -0.3008772 0.8266538 -0.4755171
vn -0.1527594 0.8663419 -0.475517
vn -0.8070511 0.1423049 -0.5730777
vn -0.7700792 0.2802859 -0.5730776
vn -0.7097087 0.4097506 -0.5730776
vn -0.6277742 0.5267652 -0.5730776
vn -0.5267651 0.6277742 -0.5730776
vn -0.4097506 0.7097088 -0.5730777
vn -0.2802857 0.7700791 -0.5730777
vn -0.1423048 0.807051 -0.5730776
vn -0.7578374 0.1336272 -0.6386126
vn -0.72312 0.2631942 -0.6386126
vn -0.6664311 0.3847642 -0.6386127
vn -0.5894929 0.4946433 -0.6386127
vn -0.4946433 0.5894929 -0.6386127
vn -0.3847641 0.6664311 -0.6386127
vn -0.2631941 0.72312 -0.6386127
vn -0.1336271 0.7578375 -0.6386127
vn -0.7286988 0.1284893 -0.6726727
vn -0.6953163 0.2530744 -0.6726727
vn -0.6408069 0.3699701 -0.6726727
vn -0.566827 0.4756243 -0.6726727
vn -0.4756243 0.566827 -0.6726728
vn -0.36997 0.6408069 -0.6726727
vn -0.2530743 0.6953162 -0.6726728
vn -0.1284892 0.7286988 -0.6726727
vn -0.7350205 0.1296039 -0.6655433
vn -0.7013483 0.2552699 -0.6655433
vn -0.6463661 0.3731796 -0.6655433
vn -0.5717444 0.4797505 -0.6655433
vn -0.4797504 0.5717443 -0.6655433
vn -0.3731796 0.6463661 -0.6655433
vn -0.2552698 0.7013483 -0.6655433
vn -0.1296039 0.7350204 -0.6655432
vn -0.8151338 0.1437301 -0.5611583
vn -0.7777917 0.283093 -0.5611582
vn -0.7168166 0.4138543 -0.5611582
vn -0.6340615 0.5320408 -0.5611582
vn -0.5320407 0.6340615 -0.5611583
vn -0.4138542 0.7168167 -0.5611582
vn -0.2830929 0.7777916 -0.5611584
vn -0.14373 0.8151338 -0.5611582
vn -0.9848077 0.1736482 0
vn -0.9396926 0.3420202 0
vn -0.8660254 0.5000001 0
vn -0.7660444 0.6427876 0
vn -0.6427876 0.7660444 0
vn -0.4999999 0.8660254 0
vn -0.3420201 0.9396927 0
vn -0.1736481 0.9848077 0
vn -0.9501574 0 -0.3117705
vn -0.9357224 -0.1649931 -0.3117705
vn -0.8928559 -0.324973 -0.3117705
vn -0.8228605 -0.4750787 -0.3117704
vn -0.7278628 -0.6107494 -0.3117705
vn -0.6107494 -0.7278629 -0.3117703
vn -0.4750787 -0.8228605 -0.3117704
vn -0.3249728 -0.892856 -0.3117705
vn -0.164993 -0.9357224 -0.3117705
vn 4.15327e-8 -0.9501574 -0.3117705
vn -0.7025301 0 -0.7116539
vn -0.6918571 -0.1219931 -0.711654
vn -0.6601624 -0.2402794 -0.7116539
vn -0.608409 -0.3512651 -0.7116539
vn -0.5381693 -0.4515777 -0.711654
vn -0.4515777 -0.5381694 -0.7116538
vn -0.3512651 -0.608409 -0.7116539
vn -0.2402794 -0.6601624 -0.711654
vn -0.121993 -0.6918572 -0.711654
vn 3.070857e-8 -0.7025301 -0.7116539
vn -0.4207249 0 -0.9071883
vn -0.4143331 -0.07305812 -0.9071882
vn -0.3953521 -0.1438964 -0.9071882
vn -0.3643585 -0.2103625 -0.9071883
vn -0.322294 -0.2704368 -0.9071882
vn -0.2704368 -0.322294 -0.9071882
vn -0.2103625 -0.3643585 -0.9071883
vn -0.1438964 -0.3953522 -0.9071883
vn -0.07305808 -0.4143331 -0.9071882
vn 1.839047e-8 -0.4207249 -0.9071883
vn -0.244304 0 -0.9696987
vn -0.2405924 -0.04242295 -0.9696987
vn -0.2295706 -0.08355688 -0.9696987
vn -0.2115735 -0.122152 -0.9696987
vn -0.1871477 -0.1570356 -0.9696987
vn -0.1570356 -0.1871477 -0.9696987
vn -0.122152 -0.2115734 -0.9696987
vn -0.08355685 -0.2295706 -0.9696987
vn -0.04242292 -0.2405924 -0.9696987
vn 1.067887e-8 -0.244304 -0.9696987
vn -0.1434836 0 -0.9896526
vn -0.1413038 -0.02491567 -0.9896526
vn -0.1348305 -0.04907428 -0.9896528
vn -0.1242604 -0.0717418 -0.9896526
vn -0.1099148 -0.09222949 -0.9896528
vn -0.09222948 -0.1099148 -0.9896526
vn -0.07174179 -0.1242604 -0.9896526
vn -0.04907427 -0.1348305 -0.9896526
vn -0.02491565 -0.1413038 -0.9896528
vn 6.271867e-9 -0.1434836 -0.9896526
vn -0.08304548 0 -0.9965458
vn -0.08178383 -0.0144207 -0.9965458
vn -0.07803722 -0.02840322 -0.9965458
vn -0.07191949 -0.04152274 -0.9965458
vn -0.06361653 -0.0533806 -0.9965458
vn -0.0533806 -0.06361653 -0.9965458
vn -0.04152273 -0.07191949 -0.9965458
vn -0.02840322 -0.07803722 -0.9965458
vn -0.01442069 -0.08178382 -0.9965458
vn 3.630033e-9 -0.08304548 -0.9965458
vn -0.04444682 0 -0.9990118
vn -0.04377158 -0.007718111 -0.9990118
vn -0.04176635 -0.01520171 -0.9990118
vn -0.03849208 -0.02222341 -0.9990118
vn -0.03404824 -0.02856987 -0.9990118
vn -0.02856987 -0.03404824 -0.9990118
vn -0.02222341 -0.03849208 -0.9990118
vn -0.0152017 -0.04176635 -0.9990118
vn -0.007718105 -0.04377157 -0.9990118
vn 1.942832e-9 -0.04444682 -0.9990118
vn -0.01839516 0 -0.9998308
vn -0.01811569 -0.003194285 -0.9998308
vn -0.01728579 -0.006291513 -0.9998308
vn -0.01593067 -0.009197579 -0.9998308
vn -0.01409151 -0.01182418 -0.9998308
vn -0.01182418 -0.01409151 -0.9998308
vn -0.009197577 -0.01593067 -0.9998308
vn -0.006291511 -0.01728579 -0.9998308
vn -0.003194283 -0.01811569 -0.9998308
vn 8.040777e-10 -0.01839516 -0.9998308
vn 0 0 -1
vn 0.1649931 -0.9357224 -0.3117705
vn 0.324973 -0.8928559 -0.3117705
vn 0.4750787 -0.8228605 -0.3117704
vn 0.6107494 -0.7278628 -0.3117705
vn 0.7278629 -0.6107494 -0.3117703
vn 0.8228605 -0.4750787 -0.3117704
vn 0.892856 -0.3249728 -0.3117705
vn 0.9357224 -0.164993 -0.3117705
vn 0.9501574 4.15327e-8 -0.3117705
vn 0.1219931 -0.6918571 -0.711654
vn 0.2402794 -0.6601624 -0.7116539
vn 0.3512651 -0.608409 -0.7116539
vn 0.4515777 -0.5381693 -0.711654
vn 0.5381694 -0.4515777 -0.7116538
vn 0.608409 -0.3512651 -0.7116539
vn 0.6601624 -0.2402794 -0.711654
vn 0.6918572 -0.121993 -0.711654
vn 0.7025301 3.070857e-8 -0.7116539
vn 0.07305812 -0.4143331 -0.9071882
vn 0.1438964 -0.3953521 -0.9071882
vn 0.2103625 -0.3643585 -0.9071883
vn 0.2704368 -0.322294 -0.9071882
vn 0.322294 -0.2704368 -0.9071882
vn 0.3643585 -0.2103625 -0.9071883
vn 0.3953522 -0.1438964 -0.9071883
vn 0.4143331 -0.07305808 -0.9071882
vn 0.4207249 1.839047e-8 -0.9071883
vn 0.04242295 -0.2405924 -0.9696987
vn 0.08355688 -0.2295706 -0.9696987
vn 0.122152 -0.2115735 -0.9696987
vn 0.1570356 -0.1871477 -0.9696987
vn 0.1871477 -0.1570356 -0.9696987
vn 0.2115734 -0.122152 -0.9696987
vn 0.2295706 -0.08355685 -0.9696987
vn 0.2405924 -0.04242292 -0.9696987
vn 0.244304 1.067887e-8 -0.9696987
vn 0.02491567 -0.1413038 -0.9896526
vn 0.04907428 -0.1348305 -0.9896528
vn 0.0717418 -0.1242604 -0.9896526
vn 0.09222949 -0.1099148 -0.9896528
vn 0.1099148 -0.09222948 -0.9896526
vn 0.1242604 -0.07174179 -0.9896526
vn 0.1348305 -0.04907427 -0.9896526
vn 0.1413038 -0.02491565 -0.9896528
vn 0.1434836 6.271867e-9 -0.9896526
vn 0.0144207 -0.08178383 -0.9965458
vn 0.02840322 -0.07803722 -0.9965458
vn 0.04152274 -0.07191949 -0.9965458
vn 0.0533806 -0.06361653 -0.9965458
vn 0.06361653 -0.0533806 -0.9965458
vn 0.07191949 -0.04152273 -0.9965458
vn 0.07803722 -0.02840322 -0.9965458
vn 0.08178382 -0.01442069 -0.9965458
vn 0.08304548 3.630033e-9 -0.9965458
vn 0.007718111 -0.04377158 -0.9990118
vn 0.01520171 -0.04176635 -0.9990118
vn 0.02222341 -0.03849208 -0.9990118
vn 0.02856987 -0.03404824 -0.9990118
vn 0.03404824 -0.02856987 -0.9990118
vn 0.03849208 -0.02222341 -0.9990118
vn 0.04176635 -0.0152017 -0.9990118
vn 0.04377157 -0.007718105 -0.9990118
vn 0.04444682 1.942832e-9 -0.9990118
vn 0.003194285 -0.01811569 -0.9998308
vn 0.006291513 -0.01728579 -0.9998308
vn 0.009197579 -0.01593067 -0.9998308
vn 0.01182418 -0.01409151 -0.9998308
vn 0.01409151 -0.01182418 -0.9998308
vn 0.01593067 -0.009197577 -0.9998308
vn 0.01728579 -0.006291511 -0.9998308
vn 0.01811569 -0.003194283 -0.9998308
vn 0.01839516 8.040777e-10 -0.9998308
vn 0 0.9501574 -0.3117705
vn 0.1649931 0.9357224 -0.3117705
vn 0.324973 0.8928559 -0.3117705
vn 0.4750787 0.8228605 -0.3117704
vn 0.6107494 0.7278628 -0.3117705
vn 0.7278629 0.6107494 -0.3117703
vn 0.8228605 0.4750787 -0.3117704
vn 0.892856 0.3249728 -0.3117705
vn 0.9357224 0.164993 -0.3117705
vn 0 0.7025301 -0.7116539
vn 0.1219931 0.6918571 -0.711654
vn 0.2402794 0.6601624 -0.7116539
vn 0.3512651 0.608409 -0.7116539
vn 0.4515777 0.5381693 -0.711654
vn 0.5381694 0.4515777 -0.7116538
vn 0.608409 0.3512651 -0.7116539
vn 0.6601624 0.2402794 -0.711654
vn 0.6918572 0.121993 -0.711654
vn 0 0.4207249 -0.9071883
vn 0.07305812 0.4143331 -0.9071882
vn 0.1438964 0.3953521 -0.9071882
vn 0.2103625 0.3643585 -0.9071883
vn 0.2704368 0.322294 -0.9071882
vn 0.322294 0.2704368 -0.9071882
vn 0.3643585 0.2103625 -0.9071883
vn 0.3953522 0.1438964 -0.9071883
vn 0.4143331 0.07305808 -0.9071882
vn 0 0.244304 -0.9696987
vn 0.04242295 0.2405924 -0.9696987
vn 0.08355688 0.2295706 -0.9696987
vn 0.122152 0.2115735 -0.9696987
vn 0.1570356 0.1871477 -0.9696987
vn 0.1871477 0.1570356 -0.9696987
vn 0.2115734 0.122152 -0.9696987
vn 0.2295706 0.08355685 -0.9696987
vn 0.2405924 0.04242292 -0.9696987
vn 0 0.1434836 -0.9896526
vn 0.02491567 0.1413038 -0.9896526
vn 0.04907428 0.1348305 -0.9896528
vn 0.0717418 0.1242604 -0.9896526
vn 0.09222949 0.1099148 -0.9896528
vn 0.1099148 0.09222948 -0.9896526
vn 0.1242604 0.07174179 -0.9896526
vn 0.1348305 0.04907427 -0.9896526
vn 0.1413038 0.02491565 -0.9896528
vn 0 0.08304548 -0.9965458
vn 0.0144207 0.08178383 -0.9965458
vn 0.02840322 0.07803722 -0.9965458
vn 0.04152274 0.07191949 -0.9965458
vn 0.0533806 0.06361653 -0.9965458
vn 0.06361653 0.0533806 -0.9965458
vn 0.07191949 0.04152273 -0.9965458
vn 0.07803722 0.02840322 -0.9965458
vn 0.08178382 0.01442069 -0.9965458
vn 0 0.04444682 -0.9990118
vn 0.007718111 0.04377158 -0.9990118
vn 0.01520171 0.04176635 -0.9990118
vn 0.02222341 0.03849208 -0.9990118
vn 0.02856987 0.03404824 -0.9990118
vn 0.03404824 0.02856987 -0.9990118
vn 0.03849208 0.02222341 -0.9990118
vn 0.04176635 0.0152017 -0.9990118
vn 0.04377157 0.007718105 -0.9990118
vn 0 0.01839516 -0.9998308
vn 0.003194285 0.01811569 -0.9998308
vn 0.006291513 0.01728579 -0.9998308
vn 0.009197579 0.01593067 -0.9998308
vn 0.01182418 0.01409151 -0.9998308
vn 0.01409151 0.01182418 -0.9998308
vn 0.01593067 0.009197577 -0.9998308
vn 0.01728579 0.006291511 -0.9998308
vn 0.01811569 0.003194283 -0.9998308
vn -0.9357224 0.1649931 -0.3117705
vn -0.8928559 0.324973 -0.3117705
vn -0.8228605 0.4750787 -0.3117704
vn -0.7278628 0.6107494 -0.3117705
vn -0.6107494 0.7278629 -0.3117703
vn -0.4750787 0.8228605 -0.3117704
vn -0.3249728 0.892856 -0.3117705
vn -0.164993 0.9357224 -0.3117705
vn -0.6918571 0.1219931 -0.711654
vn -0.6601624 0.2402794 -0.7116539
vn -0.608409 0.3512651 -0.7116539
vn -0.5381693 0.4515777 -0.711654
vn -0.4515777 0.5381694 -0.7116538
vn -0.3512651 0.608409 -0.7116539
vn -0.2402794 0.6601624 -0.711654
vn -0.121993 0.6918572 -0.711654
vn -0.4143331 0.07305812 -0.9071882
vn -0.3953521 0.1438964 -0.9071882
vn -0.3643585 0.2103625 -0.9071883
vn -0.322294 0.2704368 -0.9071882
vn -0.2704368 0.322294 -0.9071882
vn -0.2103625 0.3643585 -0.9071883
vn -0.1438964 0.3953522 -0.9071883
vn -0.07305808 0.4143331 -0.9071882
vn -0.2405924 0.04242295 -0.9696987
vn -0.2295706 0.08355688 -0.9696987
vn -0.2115735 0.122152 -0.9696987
vn -0.1871477 0.1570356 -0.9696987
vn -0.1570356 0.1871477 -0.9696987
vn -0.122152 0.2115734 -0.9696987
vn -0.08355685 0.2295706 -0.9696987
vn -0.04242292 0.2405924 -0.9696987
vn -0.1413038 0.02491567 -0.9896526
vn -0.1348305 0.04907428 -0.9896528
vn -0.1242604 0.0717418 -0.9896526
vn -0.1099148 0.09222949 -0.9896528
vn -0.09222948 0.1099148 -0.9896526
vn -0.07174179 0.1242604 -0.9896526
vn -0.04907427 0.1348305 -0.9896526
vn -0.02491565 0.1413038 -0.9896528
vn -0.08178383 0.0144207 -0.9965458
vn -0.07803722 0.02840322 -0.9965458
vn -0.07191949 0.04152274 -0.9965458
vn -0.06361653 0.0533806 -0.9965458
vn -0.0533806 0.06361653 -0.9965458
vn -0.04152273 0.07191949 -0.9965458
vn -0.02840322 0.07803722 -0.9965458
vn -0.01442069 0.08178382 -0.9965458
vn -0.04377158 0.007718111 -0.9990118
vn -0.04176635 0.01520171 -0.9990118
vn -0.03849208 0.02222341 -0.9990118
vn -0.03404824 0.02856987 -0.9990118
vn -0.02856987 0.03404824 -0.9990118
vn -0.02222341 0.03849208 -0.9990118
vn -0.0152017 0.04176635 -0.9990118
vn -0.007718105 0.04377157 -0.9990118
vn -0.01811569 0.003194285 -0.9998308
vn -0.01728579 0.006291513 -0.9998308
vn -0.01593067 0.009197579 -0.9998308
vn -0.01409151 0.01182418 -0.9998308
vn -0.01182418 0.01409151 -0.9998308
vn -0.009197577 0.01593067 -0.9998308
vn -0.006291511 0.01728579 -0.9998308
vn -0.003194283 0.01811569 -0.9998308
vn 0.3117715 0 -0.9501571
vn 0.2868599 0.3925506 -0.8738508
vn 0.2125477 0.7229946 -0.6573449
vn 0.1143464 0.9139782 -0.3893185
vn 0.01116032 0.9914134 -0.1302874
vn -0.0970628 0.9882575 0.118008
vn -0.2157631 0.9033763 0.3706179
vn -0.3400919 0.7048556 0.622508
vn -0.4382344 0.3767177 0.8161093
vn -0.4718945 0 0.881655
vn 0.6138009 0 -0.7894609
vn 0.570884 0.3484183 -0.7434354
vn 0.4338329 0.6769873 -0.5945395
vn 0.2339293 0.8964695 -0.3763236
vn 0.01682936 0.9899364 -0.1405095
vn -0.1987137 0.9758283 0.09094972
vn -0.4072821 0.8582149 0.3123915
vn -0.589551 0.6303268 0.5050917
vn -0.7075907 0.3183933 0.6308256
vn -0.7429937 0 0.6692985
vn 0.8353692 0 -0.5496893
vn 0.7935403 0.2935779 -0.5330158
vn 0.6417754 0.61023 -0.4644821
vn 0.3720893 0.8678385 -0.3292504
vn 0.03744002 0.9883597 -0.1474562
vn -0.2916411 0.9555616 0.04298301
vn -0.5690601 0.7944086 0.2123331
vn -0.7667205 0.5449656 0.3393406
vn -0.8728585 0.2620524 0.411639
vn -0.901579 0 0.4326144
vn 0.9361145 0 -0.3516954
vn 0.9010242 0.2566116 -0.3497224
vn 0.7622901 0.5569031 -0.329807
vn 0.4756536 0.8386613 -0.2653314
vn 0.07140969 0.9864804 -0.1475032
vn -0.3327417 0.9429939 -0.006748055
vn -0.6445218 0.7553843 0.1182632
vn -0.8411984 0.4993009 0.2075664
vn -0.9374452 0.234839 0.2569965
vn -0.9624202 0 0.2715642
vn 0.9681837 0 -0.2502406
vn 0.9331651 0.254835 -0.2534994
vn 0.7944482 0.5528412 -0.2514331
vn 0.5083351 0.8327906 -0.2192153
vn 0.1042788 0.9843486 -0.1420697
vn -0.3060038 0.951331 -0.03648091
vn -0.6318407 0.7721678 0.06733597
vn -0.843845 0.5158435 0.1477542
vn -0.9499475 0.2440351 0.1950552
vn -0.9777884 0 0.2095945
vn 0.9699727 0 -0.2432143
vn 0.9254661 0.2877141 -0.2464407
vn 0.7637519 0.5984396 -0.2419774
vn 0.4773444 0.853828 -0.207654
vn 0.1214256 0.9831533 -0.1366214
vn -0.2366767 0.9707883 -0.03942386
vn -0.5540291 0.8297761 0.06725666
vn -0.7950879 0.5843044 0.1625534
vn -0.9316139 0.2855255 0.2248797
vn -0.9695579 0 0.244862
vn 0.9457037 0 -0.3250297
vn 0.8820739 0.3459282 -0.3198113
vn 0.6853186 0.6685078 -0.2888528
vn 0.4097978 0.884133 -0.2244429
vn 0.1201211 0.9837627 -0.1333488
vn -0.1643107 0.9862029 -0.02014334
vn -0.4443186 0.8888093 0.1122448
vn -0.6991908 0.6704794 0.2481726
vn -0.871133 0.3450395 0.3493924
vn -0.9235434 0 0.383494
vn 0.8709949 0 -0.4912921
vn 0.7884176 0.4060828 -0.4620546
vn 0.5744748 0.7279391 -0.374277
vn 0.3315726 0.9074993 -0.2578853
vn 0.1052249 0.9862139 -0.1277098
vn -0.1129333 0.9933324 0.02316788
vn -0.3392398 0.9182592 0.2042463
vn -0.5652877 0.7191606 0.4040518
vn -0.7325925 0.3817151 0.5635618
vn -0.7859222 0 0.6183255
vn 0.7071068 0 -0.7071068
vn -0.5144957 0 0.857493
vn 0.2120511 0 -0.9772586
vn 0.188758 0.4091601 -0.8927253
vn 0.1413774 0.739229 -0.6584473
vn 0.08043548 0.9200363 -0.3834883
vn 0.02336443 0.9855407 -0.1678201
vn 0.01249384 0.9919243 -0.1262141
vn 0.01209653 0.9920862 -0.1249748
vn -0.06000582 0.9910435 0.1192984
vn -0.07394487 0.9839522 0.1623894
vn -0.1396275 0.9169529 0.3737667
vn -0.1851298 0.8380944 0.5131517
vn -0.2194092 0.7343888 0.6422871
vn -0.2816796 0.4059413 0.8694068
vn -0.3103755 0 0.950614
vn -0.2201633 -3.75952e-8 -0.975463
vn -0.7926346 -2.506149e-8 -0.609697
vn -0.9778071 -4.274285e-8 -0.2095072
vn -0.2263795 0.3998202 -0.8881983
vn -0.7934339 0.2400327 -0.5593272
vn -0.977738 0.07211851 -0.1970467
vn -0.2367467 0.716601 -0.6560746
vn -0.7937093 0.4315005 -0.4287574
vn -0.9785142 0.126116 -0.16311
vn -0.2596611 0.886273 -0.3835313
vn -0.7998708 0.537847 -0.2663217
vn -0.9801995 0.1600937 -0.1165292
vn -0.2889104 0.9422207 -0.1695612
vn -0.8104007 0.5706859 -0.1325457
vn -0.9822176 0.173193 -0.07247618
vn -0.2985109 0.9456657 -0.1288706
vn -0.8147334 0.5698644 -0.1070705
vn -0.9823571 0.1756572 -0.0641809
vn -0.2987342 0.9457613 -0.127646
vn -0.8148204 0.5698841 -0.1063003
vn -0.9823764 0.1756492 -0.06390525
vn -0.364003 0.9242074 0.1155095
vn -0.8440598 0.5329868 0.05905966
vn -0.9841826 0.1763628 0.01675724
vn -0.3741915 0.9139423 0.1571312
vn -0.8479369 0.5231575 0.08549342
vn -0.9843759 0.1735737 0.02960018
vn -0.4430796 0.8246915 0.3515173
vn -0.875186 0.4407812 0.1994025
vn -0.9826462 0.1594304 0.09480723
vn -0.4795463 0.7395562 0.472326
vn -0.8868171 0.3815066 0.2607838
vn -0.9814867 0.1420605 0.128463
vn -0.5266697 0.6259441 0.5751635
vn -0.9018283 0.3008727 0.3101312
vn -0.9759617 0.1249644 0.1785574
vn -0.5960909 0.3263709 0.7335923
vn -0.9195989 0.1426322 0.3660518
vn -0.9659824 0.07146278 0.2485378
vn -0.6234599 0 0.7818553
vn -0.9261066 0 0.3772621
vn -0.9624554 0 0.2714398
vn 0.2868599 -0.3925506 -0.8738508
vn 0.2125477 -0.7229946 -0.6573449
vn 0.1143464 -0.9139782 -0.3893185
vn 0.01116032 -0.9914134 -0.1302874
vn -0.0970628 -0.9882575 0.118008
vn -0.2157631 -0.9033763 0.3706179
vn -0.3400919 -0.7048556 0.622508
vn -0.4382344 -0.3767177 0.8161093
vn 0.570884 -0.3484183 -0.7434354
vn 0.4338329 -0.6769873 -0.5945395
vn 0.2339293 -0.8964695 -0.3763236
vn 0.01682936 -0.9899364 -0.1405095
vn -0.1987137 -0.9758283 0.09094972
vn -0.4072821 -0.8582149 0.3123915
vn -0.589551 -0.6303268 0.5050917
vn -0.7075907 -0.3183933 0.6308256
vn 0.7935403 -0.2935779 -0.5330158
vn 0.6417754 -0.61023 -0.4644821
vn 0.3720893 -0.8678385 -0.3292504
vn 0.03744002 -0.9883597 -0.1474562
vn -0.2916411 -0.9555616 0.04298301
vn -0.5690601 -0.7944086 0.2123331
vn -0.7667205 -0.5449656 0.3393406
vn -0.8728585 -0.2620524 0.411639
vn 0.9010242 -0.2566116 -0.3497224
vn 0.7622901 -0.5569031 -0.329807
vn 0.4756536 -0.8386613 -0.2653314
vn 0.07140969 -0.9864804 -0.1475032
vn -0.3327417 -0.9429939 -0.006748055
vn -0.6445218 -0.7553843 0.1182632
vn -0.8411984 -0.4993009 0.2075664
vn -0.9374452 -0.234839 0.2569965
vn 0.9331651 -0.254835 -0.2534994
vn 0.7944482 -0.5528412 -0.2514331
vn 0.5083351 -0.8327906 -0.2192153
vn 0.1042788 -0.9843486 -0.1420697
vn -0.3060038 -0.951331 -0.03648091
vn -0.6318407 -0.7721678 0.06733597
vn -0.843845 -0.5158435 0.1477542
vn -0.9499475 -0.2440351 0.1950552
vn 0.9254661 -0.2877141 -0.2464407
vn 0.7637519 -0.5984396 -0.2419774
vn 0.4773444 -0.853828 -0.207654
vn 0.1214256 -0.9831533 -0.1366214
vn -0.2366767 -0.9707883 -0.03942386
vn -0.5540291 -0.8297761 0.06725666
vn -0.7950879 -0.5843044 0.1625534
vn -0.9316139 -0.2855255 0.2248797
vn 0.8820739 -0.3459282 -0.3198113
vn 0.6853186 -0.6685078 -0.2888528
vn 0.4097978 -0.884133 -0.2244429
vn 0.1201211 -0.9837627 -0.1333488
vn -0.1643107 -0.9862029 -0.02014334
vn -0.4443186 -0.8888093 0.1122448
vn -0.6991908 -0.6704794 0.2481726
vn -0.871133 -0.3450395 0.3493924
vn 0.7884176 -0.4060828 -0.4620546
vn 0.5744748 -0.7279391 -0.374277
vn 0.3315726 -0.9074993 -0.2578853
vn 0.1052249 -0.9862139 -0.1277098
vn -0.1129333 -0.9933324 0.02316788
vn -0.3392398 -0.9182592 0.2042463
vn -0.5652877 -0.7191606 0.4040518
vn -0.7325925 -0.3817151 0.5635618
vn 0.6317538 -0.4278546 -0.6463959
vn 0.4503426 -0.7472352 -0.4887034
vn 0.2580114 -0.917374 -0.3030758
vn 0.08359335 -0.9907359 -0.1070252
vn -0.0835072 -0.9897144 0.1161548
vn -0.2509515 -0.8922719 0.3753321
vn -0.3996537 -0.6631291 0.6328797
vn -0.4901856 -0.3319776 0.8059212
vn 0.188758 -0.4091601 -0.8927253
vn 0.1413774 -0.739229 -0.6584473
vn 0.08043548 -0.9200363 -0.3834883
vn 0.02336443 -0.9855407 -0.1678201
vn 0.01249384 -0.9919243 -0.1262141
vn 0.01209653 -0.9920862 -0.1249748
vn -0.06000582 -0.9910435 0.1192984
vn -0.07394487 -0.9839522 0.1623894
vn -0.1396275 -0.9169529 0.3737667
vn -0.1851298 -0.8380944 0.5131517
vn -0.2194092 -0.7343888 0.6422871
vn -0.2816796 -0.4059413 0.8694068
vn -0.2263795 -0.3998202 -0.8881983
vn -0.7934339 -0.2400327 -0.5593272
vn -0.977738 -0.07211851 -0.1970467
vn -0.2367467 -0.716601 -0.6560746
vn -0.7937093 -0.4315005 -0.4287574
vn -0.9785142 -0.126116 -0.16311
vn -0.2596611 -0.886273 -0.3835313
vn -0.7998708 -0.537847 -0.2663217
vn -0.9801995 -0.1600937 -0.1165292
vn -0.2889104 -0.9422207 -0.1695612
vn -0.8104007 -0.5706859 -0.1325457
vn -0.9822176 -0.173193 -0.07247618
vn -0.2985109 -0.9456657 -0.1288706
vn -0.8147334 -0.5698644 -0.1070705
vn -0.9823571 -0.1756572 -0.0641809
vn -0.2987342 -0.9457613 -0.127646
vn -0.8148204 -0.5698841 -0.1063003
vn -0.9823764 -0.1756492 -0.06390525
vn -0.364003 -0.9242074 0.1155095
vn -0.8440598 -0.5329868 0.05905966
vn -0.9841826 -0.1763628 0.01675724
vn -0.3741915 -0.9139423 0.1571312
vn -0.8479369 -0.5231575 0.08549342
vn -0.9843759 -0.1735737 0.02960018
vn -0.4430796 -0.8246915 0.3515173
vn -0.875186 -0.4407812 0.1994025
vn -0.9826462 -0.1594304 0.09480723
vn -0.4795463 -0.7395562 0.472326
vn -0.8868171 -0.3815066 0.2607838
vn -0.9814867 -0.1420605 0.128463
vn -0.5266697 -0.6259441 0.5751635
vn -0.9018283 -0.3008727 0.3101312
vn -0.9759617 -0.1249644 0.1785574
vn -0.5960909 -0.3263709 0.7335923
vn -0.9195989 -0.1426322 0.3660518
vn -0.9659824 -0.07146278 0.2485378
vn 0 0 1
vn 0.001553396 0 0.9999988
vn 0.001529796 0.0002697444 0.9999988
vn 0.001459715 0.0005312928 0.9999988
vn 0.00134528 0.0007766979 0.9999988
vn 0.00118997 0.0009985036 0.9999988
vn 0.0009985036 0.00118997 0.9999988
vn 0.0007766979 0.00134528 0.9999988
vn 0.0005312925 0.001459715 0.9999988
vn 0.0002697443 0.001529796 0.9999988
vn -6.790111e-11 0.001553396 0.9999988
vn 0.00487799 0 0.9999881
vn 0.004803883 0.0008470541 0.9999881
vn 0.004583811 0.001668371 0.9999881
vn 0.004224463 0.002438995 0.9999881
vn 0.003736757 0.003135512 0.9999881
vn 0.003135512 0.003736757 0.9999881
vn 0.002438995 0.004224464 0.9999881
vn 0.00166837 0.004583811 0.9999881
vn 0.0008470537 0.004803883 0.9999881
vn -2.132237e-10 0.00487799 0.9999881
vn 0.009638106 0 0.9999536
vn 0.009491681 0.00167364 0.9999536
vn 0.009056855 0.003296426 0.9999536
vn 0.008346844 0.004819053 0.9999536
vn 0.007383217 0.006195254 0.9999536
vn 0.006195255 0.007383218 0.9999536
vn 0.004819052 0.008346844 0.9999536
vn 0.003296425 0.009056857 0.9999536
vn 0.001673639 0.009491681 0.9999536
vn -4.212949e-10 0.009638106 0.9999536
vn 0.01624151 0 0.9998681
vn 0.01599476 0.002820309 0.9998681
vn 0.01526203 0.005554924 0.9998681
vn 0.01406556 0.008120756 0.9998681
vn 0.01244172 0.01043984 0.9998681
vn 0.01043984 0.01244172 0.9998681
vn 0.008120754 0.01406556 0.9998681
vn 0.005554922 0.01526203 0.9998681
vn 0.002820308 0.01599476 0.9998681
vn -7.099389e-10 0.01624151 0.9998681
vn 0.02566548 0 0.9996706
vn 0.02527556 0.004456765 0.9996706
vn 0.02411766 0.008778113 0.9996706
vn 0.02222696 0.01283274 0.9996706
vn 0.0196609 0.01649746 0.9996706
vn 0.01649745 0.0196609 0.9996706
vn 0.01283274 0.02222696 0.9996706
vn 0.00877811 0.02411767 0.9996706
vn 0.004456762 0.02527556 0.9996706
vn -1.121874e-9 0.02566548 0.9996706
vn 0.03996803 0 0.9992009
vn 0.03936082 0.006940376 0.9992009
vn 0.03755766 0.01366987 0.9992009
vn 0.03461333 0.01998402 0.9992009
vn 0.03061729 0.02569095 0.9992009
vn 0.02569095 0.03061729 0.9992009
vn 0.01998401 0.03461333 0.9992009
vn 0.01366987 0.03755767 0.9992009
vn 0.006940374 0.03936083 0.9992009
vn -1.747058e-9 0.03996803 0.9992009
vn 0.06402548 0 0.9979483
vn 0.06305278 0.01111791 0.9979483
vn 0.06016427 0.021898 0.9979483
vn 0.05544769 0.03201274 0.9979482
vn 0.04904636 0.04115478 0.9979483
vn 0.04115478 0.04904636 0.9979483
vn 0.03201273 0.05544769 0.9979483
vn 0.021898 0.06016428 0.9979483
vn 0.0111179 0.06305278 0.9979482
vn -2.798642e-9 0.06402548 0.9979483
vn 0.1125545 0 0.9936455
vn 0.1108446 0.01954489 0.9936455
vn 0.1057667 0.03849592 0.9936455
vn 0.09747508 0.05627727 0.9936455
vn 0.08622176 0.07234866 0.9936455
vn 0.07234865 0.08622178 0.9936455
vn 0.05627726 0.09747508 0.9936455
vn 0.03849591 0.1057667 0.9936455
vn 0.01954488 0.1108446 0.9936455
vn -4.919915e-9 0.1125545 0.9936455
vn 0.2576627 0 0.966235
vn 0.2537481 0.04474264 0.966235
vn 0.2421236 0.0881258 0.966235
vn 0.2231424 0.1288313 0.966235
vn 0.197381 0.1656223 0.966235
vn 0.1656223 0.197381 0.966235
vn 0.1288313 0.2231424 0.966235
vn 0.0881258 0.2421237 0.9662349
vn 0.04474264 0.2537482 0.9662349
vn -1.126279e-8 0.2576627 0.966235
vn -0.0002697444 0.001529796 0.9999988
vn -0.0005312928 0.001459715 0.9999988
vn -0.0007766979 0.00134528 0.9999988
vn -0.0009985036 0.00118997 0.9999988
vn -0.00118997 0.0009985036 0.9999988
vn -0.00134528 0.0007766979 0.9999988
vn -0.001459715 0.0005312925 0.9999988
vn -0.001529796 0.0002697443 0.9999988
vn -0.001553396 -6.790111e-11 0.9999988
vn -0.0008470541 0.004803883 0.9999881
vn -0.001668371 0.004583811 0.9999881
vn -0.002438995 0.004224463 0.9999881
vn -0.003135512 0.003736757 0.9999881
vn -0.003736757 0.003135512 0.9999881
vn -0.004224464 0.002438995 0.9999881
vn -0.004583811 0.00166837 0.9999881
vn -0.004803883 0.0008470537 0.9999881
vn -0.00487799 -2.132237e-10 0.9999881
vn -0.00167364 0.009491681 0.9999536
vn -0.003296426 0.009056855 0.9999536
vn -0.004819053 0.008346844 0.9999536
vn -0.006195254 0.007383217 0.9999536
vn -0.007383218 0.006195255 0.9999536
vn -0.008346844 0.004819052 0.9999536
vn -0.009056857 0.003296425 0.9999536
vn -0.009491681 0.001673639 0.9999536
vn -0.009638106 -4.212949e-10 0.9999536
vn -0.002820309 0.01599476 0.9998681
vn -0.005554924 0.01526203 0.9998681
vn -0.008120756 0.01406556 0.9998681
vn -0.01043984 0.01244172 0.9998681
vn -0.01244172 0.01043984 0.9998681
vn -0.01406556 0.008120754 0.9998681
vn -0.01526203 0.005554922 0.9998681
vn -0.01599476 0.002820308 0.9998681
vn -0.01624151 -7.099389e-10 0.9998681
vn -0.004456765 0.02527556 0.9996706
vn -0.008778113 0.02411766 0.9996706
vn -0.01283274 0.02222696 0.9996706
vn -0.01649746 0.0196609 0.9996706
vn -0.0196609 0.01649745 0.9996706
vn -0.02222696 0.01283274 0.9996706
vn -0.02411767 0.00877811 0.9996706
vn -0.02527556 0.004456762 0.9996706
vn -0.02566548 -1.121874e-9 0.9996706
vn -0.006940376 0.03936082 0.9992009
vn -0.01366987 0.03755766 0.9992009
vn -0.01998402 0.03461333 0.9992009
vn -0.02569095 0.03061729 0.9992009
vn -0.03061729 0.02569095 0.9992009
vn -0.03461333 0.01998401 0.9992009
vn -0.03755767 0.01366987 0.9992009
vn -0.03936083 0.006940374 0.9992009
vn -0.03996803 -1.747058e-9 0.9992009
vn -0.01111791 0.06305278 0.9979483
vn -0.021898 0.06016427 0.9979483
vn -0.03201274 0.05544769 0.9979482
vn -0.04115478 0.04904636 0.9979483
vn -0.04904636 0.04115478 0.9979483
vn -0.05544769 0.03201273 0.9979483
vn -0.06016428 0.021898 0.9979483
vn -0.06305278 0.0111179 0.9979482
vn -0.06402548 -2.798642e-9 0.9979483
vn -0.01954489 0.1108446 0.9936455
vn -0.03849592 0.1057667 0.9936455
vn -0.05627727 0.09747508 0.9936455
vn -0.07234866 0.08622176 0.9936455
vn -0.08622178 0.07234865 0.9936455
vn -0.09747508 0.05627726 0.9936455
vn -0.1057667 0.03849591 0.9936455
vn -0.1108446 0.01954488 0.9936455
vn -0.1125545 -4.919915e-9 0.9936455
vn -0.04474264 0.2537481 0.966235
vn -0.0881258 0.2421236 0.966235
vn -0.1288313 0.2231424 0.966235
vn -0.1656223 0.197381 0.966235
vn -0.197381 0.1656223 0.966235
vn -0.2231424 0.1288313 0.966235
vn -0.2421237 0.0881258 0.9662349
vn -0.2537482 0.04474264 0.9662349
vn -0.2576627 -1.126279e-8 0.966235
vn 0 -0.001553396 0.9999988
vn -0.0002697444 -0.001529796 0.9999988
vn -0.0005312928 -0.001459715 0.9999988
vn -0.0007766979 -0.00134528 0.9999988
vn -0.0009985036 -0.00118997 0.9999988
vn -0.00118997 -0.0009985036 0.9999988
vn -0.00134528 -0.0007766979 0.9999988
vn -0.001459715 -0.0005312925 0.9999988
vn -0.001529796 -0.0002697443 0.9999988
vn 0 -0.00487799 0.9999881
vn -0.0008470541 -0.004803883 0.9999881
vn -0.001668371 -0.004583811 0.9999881
vn -0.002438995 -0.004224463 0.9999881
vn -0.003135512 -0.003736757 0.9999881
vn -0.003736757 -0.003135512 0.9999881
vn -0.004224464 -0.002438995 0.9999881
vn -0.004583811 -0.00166837 0.9999881
vn -0.004803883 -0.0008470537 0.9999881
vn 0 -0.009638106 0.9999536
vn -0.00167364 -0.009491681 0.9999536
vn -0.003296426 -0.009056855 0.9999536
vn -0.004819053 -0.008346844 0.9999536
vn -0.006195254 -0.007383217 0.9999536
vn -0.007383218 -0.006195255 0.9999536
vn -0.008346844 -0.004819052 0.9999536
vn -0.009056857 -0.003296425 0.9999536
vn -0.009491681 -0.001673639 0.9999536
vn 0 -0.01624151 0.9998681
vn -0.002820309 -0.01599476 0.9998681
vn -0.005554924 -0.01526203 0.9998681
vn -0.008120756 -0.01406556 0.9998681
vn -0.01043984 -0.01244172 0.9998681
vn -0.01244172 -0.01043984 0.9998681
vn -0.01406556 -0.008120754 0.9998681
vn -0.01526203 -0.005554922 0.9998681
vn -0.01599476 -0.002820308 0.9998681
vn 0 -0.02566548 0.9996706
vn -0.004456765 -0.02527556 0.9996706
vn -0.008778113 -0.02411766 0.9996706
vn -0.01283274 -0.02222696 0.9996706
vn -0.01649746 -0.0196609 0.9996706
vn -0.0196609 -0.01649745 0.9996706
vn -0.02222696 -0.01283274 0.9996706
vn -0.02411767 -0.00877811 0.9996706
vn -0.02527556 -0.004456762 0.9996706
vn 0 -0.03996803 0.9992009
vn -0.006940376 -0.03936082 0.9992009
vn -0.01366987 -0.03755766 0.9992009
vn -0.01998402 -0.03461333 0.9992009
vn -0.02569095 -0.03061729 0.9992009
vn -0.03061729 -0.02569095 0.9992009
vn -0.03461333 -0.01998401 0.9992009
vn -0.03755767 -0.01366987 0.9992009
vn -0.03936083 -0.006940374 0.9992009
vn 0 -0.06402548 0.9979483
vn -0.01111791 -0.06305278 0.9979483
vn -0.021898 -0.06016427 0.9979483
vn -0.03201274 -0.05544769 0.9979482
vn -0.04115478 -0.04904636 0.9979483
vn -0.04904636 -0.04115478 0.9979483
vn -0.05544769 -0.03201273 0.9979483
vn -0.06016428 -0.021898 0.9979483
vn -0.06305278 -0.0111179 0.9979482
vn 0 -0.1125545 0.9936455
vn -0.01954489 -0.1108446 0.9936455
vn -0.03849592 -0.1057667 0.9936455
vn -0.05627727 -0.09747508 0.9936455
vn -0.07234866 -0.08622176 0.9936455
vn -0.08622178 -0.07234865 0.9936455
vn -0.09747508 -0.05627726 0.9936455
vn -0.1057667 -0.03849591 0.9936455
vn -0.1108446 -0.01954488 0.9936455
vn 0 -0.2576627 0.966235
vn -0.04474264 -0.2537481 0.966235
vn -0.0881258 -0.2421236 0.966235
vn -0.1288313 -0.2231424 0.966235
vn -0.1656223 -0.197381 0.966235
vn -0.197381 -0.1656223 0.966235
vn -0.2231424 -0.1288313 0.966235
vn -0.2421237 -0.0881258 0.9662349
vn -0.2537482 -0.04474264 0.9662349
vn 0.001529796 -0.0002697444 0.9999988
vn 0.001459715 -0.0005312928 0.9999988
vn 0.00134528 -0.0007766979 0.9999988
vn 0.00118997 -0.0009985036 0.9999988
vn 0.0009985036 -0.00118997 0.9999988
vn 0.0007766979 -0.00134528 0.9999988
vn 0.0005312925 -0.001459715 0.9999988
vn 0.0002697443 -0.001529796 0.9999988
vn 0.004803883 -0.0008470541 0.9999881
vn 0.004583811 -0.001668371 0.9999881
vn 0.004224463 -0.002438995 0.9999881
vn 0.003736757 -0.003135512 0.9999881
vn 0.003135512 -0.003736757 0.9999881
vn 0.002438995 -0.004224464 0.9999881
vn 0.00166837 -0.004583811 0.9999881
vn 0.0008470537 -0.004803883 0.9999881
vn 0.009491681 -0.00167364 0.9999536
vn 0.009056855 -0.003296426 0.9999536
vn 0.008346844 -0.004819053 0.9999536
vn 0.007383217 -0.006195254 0.9999536
vn 0.006195255 -0.007383218 0.9999536
vn 0.004819052 -0.008346844 0.9999536
vn 0.003296425 -0.009056857 0.9999536
vn 0.001673639 -0.009491681 0.9999536
vn 0.01599476 -0.002820309 0.9998681
vn 0.01526203 -0.005554924 0.9998681
vn 0.01406556 -0.008120756 0.9998681
vn 0.01244172 -0.01043984 0.9998681
vn 0.01043984 -0.01244172 0.9998681
vn 0.008120754 -0.01406556 0.9998681
vn 0.005554922 -0.01526203 0.9998681
vn 0.002820308 -0.01599476 0.9998681
vn 0.02527556 -0.004456765 0.9996706
vn 0.02411766 -0.008778113 0.9996706
vn 0.02222696 -0.01283274 0.9996706
vn 0.0196609 -0.01649746 0.9996706
vn 0.01649745 -0.0196609 0.9996706
vn 0.01283274 -0.02222696 0.9996706
vn 0.00877811 -0.02411767 0.9996706
vn 0.004456762 -0.02527556 0.9996706
vn 0.03936082 -0.006940376 0.9992009
vn 0.03755766 -0.01366987 0.9992009
vn 0.03461333 -0.01998402 0.9992009
vn 0.03061729 -0.02569095 0.9992009
vn 0.02569095 -0.03061729 0.9992009
vn 0.01998401 -0.03461333 0.9992009
vn 0.01366987 -0.03755767 0.9992009
vn 0.006940374 -0.03936083 0.9992009
vn 0.06305278 -0.01111791 0.9979483
vn 0.06016427 -0.021898 0.9979483
vn 0.05544769 -0.03201274 0.9979482
vn 0.04904636 -0.04115478 0.9979483
vn 0.04115478 -0.04904636 0.9979483
vn 0.03201273 -0.05544769 0.9979483
vn 0.021898 -0.06016428 0.9979483
vn 0.0111179 -0.06305278 0.9979482
vn 0.1108446 -0.01954489 0.9936455
vn 0.1057667 -0.03849592 0.9936455
vn 0.09747508 -0.05627727 0.9936455
vn 0.08622176 -0.07234866 0.9936455
vn 0.07234865 -0.08622178 0.9936455
vn 0.05627726 -0.09747508 0.9936455
vn 0.03849591 -0.1057667 0.9936455
vn 0.01954488 -0.1108446 0.9936455
vn 0.2537481 -0.04474264 0.966235
vn 0.2421236 -0.0881258 0.966235
vn 0.2231424 -0.1288313 0.966235
vn 0.197381 -0.1656223 0.966235
vn 0.1656223 -0.197381 0.966235
vn 0.1288313 -0.2231424 0.966235
vn 0.0881258 -0.2421237 0.9662349
vn 0.04474264 -0.2537482 0.9662349
vn 0.4011421 0 0.9160158
vn 0.395048 0.06965762 0.9160159
vn 0.3769503 0.1371987 0.9160159
vn 0.3473993 0.2005711 0.9160159
vn 0.3072927 0.2578492 0.9160159
vn 0.2578492 0.3072927 0.9160159
vn 0.200571 0.3473993 0.9160159
vn 0.1371986 0.3769503 0.9160159
vn 0.06965755 0.3950478 0.9160159
vn -1.753448e-8 0.4011421 0.9160158
vn 0.4777846 0 0.878477
vn 0.470526 0.08296646 0.878477
vn 0.4489707 0.163412 0.878477
vn 0.4137737 0.2388924 0.878477
vn 0.3660043 0.3071141 0.8784769
vn 0.307114 0.3660043 0.878477
vn 0.2388923 0.4137736 0.8784769
vn 0.1634119 0.4489708 0.878477
vn 0.08296638 0.470526 0.878477
vn -2.088463e-8 0.4777846 0.878477
vn 0.5889165 0 0.8081939
vn 0.5799696 0.1022643 0.8081939
vn 0.5534005 0.2014214 0.8081939
vn 0.5100167 0.2944583 0.8081939
vn 0.4511362 0.3785483 0.8081938
vn 0.3785482 0.4511362 0.8081938
vn 0.2944583 0.5100167 0.8081939
vn 0.2014213 0.5534005 0.8081939
vn 0.1022642 0.5799695 0.8081939
vn -2.574236e-8 0.5889165 0.8081939
vn 0.71795 0 0.6960947
vn 0.7070428 0.1246707 0.6960947
vn 0.6746523 0.2455534 0.6960946
vn 0.621763 0.358975 0.6960947
vn 0.5499816 0.4614894 0.6960947
vn 0.4614893 0.5499817 0.6960946
vn 0.358975 0.6217629 0.6960947
vn 0.2455533 0.6746523 0.6960948
vn 0.1246706 0.7070427 0.6960947
vn -3.138259e-8 0.71795 0.6960947
vn 0.8440487 0 0.5362665
vn 0.8312257 0.1465675 0.5362664
vn 0.7931464 0.2886817 0.5362664
vn 0.7309676 0.4220244 0.5362665
vn 0.6465788 0.5425441 0.5362664
vn 0.542544 0.646579 0.5362664
vn 0.4220244 0.7309676 0.5362666
vn 0.2886816 0.7931464 0.5362666
vn 0.1465674 0.8312257 0.5362666
vn -3.689454e-8 0.8440487 0.5362665
vn 0.9411477 0 0.3379956
vn 0.9268495 0.1634286 0.3379957
vn 0.8843896 0.3218915 0.3379957
vn 0.8150578 0.4705739 0.3379956
vn 0.7209609 0.6049581 0.3379956
vn 0.6049581 0.720961 0.3379956
vn 0.4705739 0.8150578 0.3379957
vn 0.3218914 0.8843896 0.3379957
vn 0.1634285 0.9268495 0.3379956
vn -4.113888e-8 0.9411477 0.3379956
vn 0.9917505 0 0.1281827
vn 0.9766837 0.1722157 0.1281828
vn 0.9319407 0.3391987 0.1281828
vn 0.8588812 0.4958753 0.1281828
vn 0.759725 0.637485 0.1281828
vn 0.6374849 0.759725 0.1281827
vn 0.4958753 0.8588812 0.1281828
vn 0.3391986 0.9319407 0.1281828
vn 0.1722156 0.9766837 0.1281828
vn -4.335079e-8 0.9917505 0.1281827
vn 0.9979568 0 -0.0638921
vn 0.9827957 0.1732934 -0.06389209
vn 0.9377727 0.3413214 -0.06389208
vn 0.8642559 0.4989785 -0.06389207
vn 0.7644793 0.6414743 -0.06389213
vn 0.6414742 0.7644793 -0.06389213
vn 0.4989784 0.864256 -0.06389206
vn 0.3413212 0.9377727 -0.06389206
vn 0.1732933 0.9827957 -0.06389213
vn -4.362208e-8 0.9979568 -0.0638921
vn 0.9749242 0 -0.222537
vn 0.960113 0.1692938 -0.222537
vn 0.9161291 0.3334438 -0.222537
vn 0.8443092 0.4874622 -0.222537
vn 0.7468353 0.6266692 -0.222537
vn 0.6266692 0.7468354 -0.222537
vn 0.4874621 0.8443092 -0.222537
vn 0.3334436 0.9161292 -0.222537
vn 0.1692937 0.960113 -0.2225371
vn -4.261529e-8 0.9749242 -0.222537
vn -0.06965762 0.395048 0.9160159
vn -0.1371987 0.3769503 0.9160159
vn -0.2005711 0.3473993 0.9160159
vn -0.2578492 0.3072927 0.9160159
vn -0.3072927 0.2578492 0.9160159
vn -0.3473993 0.200571 0.9160159
vn -0.3769503 0.1371986 0.9160159
vn -0.3950478 0.06965755 0.9160159
vn -0.4011421 -1.753448e-8 0.9160158
vn -0.08296646 0.470526 0.878477
vn -0.163412 0.4489707 0.878477
vn -0.2388924 0.4137737 0.878477
vn -0.3071141 0.3660043 0.8784769
vn -0.3660043 0.307114 0.878477
vn -0.4137736 0.2388923 0.8784769
vn -0.4489708 0.1634119 0.878477
vn -0.470526 0.08296638 0.878477
vn -0.4777846 -2.088463e-8 0.878477
vn -0.1022643 0.5799696 0.8081939
vn -0.2014214 0.5534005 0.8081939
vn -0.2944583 0.5100167 0.8081939
vn -0.3785483 0.4511362 0.8081938
vn -0.4511362 0.3785482 0.8081938
vn -0.5100167 0.2944583 0.8081939
vn -0.5534005 0.2014213 0.8081939
vn -0.5799695 0.1022642 0.8081939
vn -0.5889165 -2.574236e-8 0.8081939
vn -0.1246707 0.7070428 0.6960947
vn -0.2455534 0.6746523 0.6960946
vn -0.358975 0.621763 0.6960947
vn -0.4614894 0.5499816 0.6960947
vn -0.5499817 0.4614893 0.6960946
vn -0.6217629 0.358975 0.6960947
vn -0.6746523 0.2455533 0.6960948
vn -0.7070427 0.1246706 0.6960947
vn -0.71795 -3.138259e-8 0.6960947
vn -0.1465675 0.8312257 0.5362664
vn -0.2886817 0.7931464 0.5362664
vn -0.4220244 0.7309676 0.5362665
vn -0.5425441 0.6465788 0.5362664
vn -0.646579 0.542544 0.5362664
vn -0.7309676 0.4220244 0.5362666
vn -0.7931464 0.2886816 0.5362666
vn -0.8312257 0.1465674 0.5362666
vn -0.8440487 -3.689454e-8 0.5362665
vn -0.1634286 0.9268495 0.3379957
vn -0.3218915 0.8843896 0.3379957
vn -0.4705739 0.8150578 0.3379956
vn -0.6049581 0.7209609 0.3379956
vn -0.720961 0.6049581 0.3379956
vn -0.8150578 0.4705739 0.3379957
vn -0.8843896 0.3218914 0.3379957
vn -0.9268495 0.1634285 0.3379956
vn -0.9411477 -4.113888e-8 0.3379956
vn -0.1722157 0.9766837 0.1281828
vn -0.3391987 0.9319407 0.1281828
vn -0.4958753 0.8588812 0.1281828
vn -0.637485 0.759725 0.1281828
vn -0.759725 0.6374849 0.1281827
vn -0.8588812 0.4958753 0.1281828
vn -0.9319407 0.3391986 0.1281828
vn -0.9766837 0.1722156 0.1281828
vn -0.1732934 0.9827957 -0.06389209
vn -0.3413214 0.9377727 -0.06389208
vn -0.4989785 0.8642559 -0.06389207
vn -0.6414743 0.7644793 -0.06389213
vn -0.7644793 0.6414742 -0.06389213
vn -0.864256 0.4989784 -0.06389206
vn -0.9377727 0.3413212 -0.06389206
vn -0.1692938 0.960113 -0.222537
vn -0.3334438 0.9161291 -0.222537
vn -0.4874622 0.8443092 -0.222537
vn -0.6266692 0.7468353 -0.222537
vn -0.7468354 0.6266692 -0.222537
vn -0.8443092 0.4874621 -0.222537
vn -0.9161292 0.3334436 -0.222537
vn -0.960113 0.1692937 -0.2225371
vn -0.9749242 -4.261529e-8 -0.222537
vn 0 -0.4011421 0.9160158
vn -0.06965762 -0.395048 0.9160159
vn -0.1371987 -0.3769503 0.9160159
vn -0.2005711 -0.3473993 0.9160159
vn -0.2578492 -0.3072927 0.9160159
vn -0.3072927 -0.2578492 0.9160159
vn -0.3473993 -0.200571 0.9160159
vn -0.3769503 -0.1371986 0.9160159
vn -0.3950478 -0.06965755 0.9160159
vn 0 -0.4777846 0.878477
vn -0.08296646 -0.470526 0.878477
vn -0.163412 -0.4489707 0.878477
vn -0.2388924 -0.4137737 0.878477
vn -0.3071141 -0.3660043 0.8784769
vn -0.3660043 -0.307114 0.878477
vn -0.4137736 -0.2388923 0.8784769
vn -0.4489708 -0.1634119 0.878477
vn -0.470526 -0.08296638 0.878477
vn 0 -0.5889165 0.8081939
vn -0.1022643 -0.5799696 0.8081939
vn -0.2014214 -0.5534005 0.8081939
vn -0.2944583 -0.5100167 0.8081939
vn -0.3785483 -0.4511362 0.8081938
vn -0.4511362 -0.3785482 0.8081938
vn -0.5100167 -0.2944583 0.8081939
vn -0.5534005 -0.2014213 0.8081939
vn -0.5799695 -0.1022642 0.8081939
vn 0 -0.71795 0.6960947
vn -0.1246707 -0.7070428 0.6960947
vn -0.2455534 -0.6746523 0.6960946
vn -0.358975 -0.621763 0.6960947
vn -0.4614894 -0.5499816 0.6960947
vn -0.5499817 -0.4614893 0.6960946
vn -0.6217629 -0.358975 0.6960947
vn -0.6746523 -0.2455533 0.6960948
vn -0.7070427 -0.1246706 0.6960947
vn 0 -0.8440487 0.5362665
vn -0.1465675 -0.8312257 0.5362664
vn -0.2886817 -0.7931464 0.5362664
vn -0.4220244 -0.7309676 0.5362665
vn -0.5425441 -0.6465788 0.5362664
vn -0.646579 -0.542544 0.5362664
vn -0.7309676 -0.4220244 0.5362666
vn -0.7931464 -0.2886816 0.5362666
vn -0.8312257 -0.1465674 0.5362666
vn 0 -0.9411477 0.3379956
vn -0.1634286 -0.9268495 0.3379957
vn -0.3218915 -0.8843896 0.3379957
vn -0.4705739 -0.8150578 0.3379956
vn -0.6049581 -0.7209609 0.3379956
vn -0.720961 -0.6049581 0.3379956
vn -0.8150578 -0.4705739 0.3379957
vn -0.8843896 -0.3218914 0.3379957
vn -0.9268495 -0.1634285 0.3379956
vn 0 -0.9917505 0.1281827
vn -0.1722157 -0.9766837 0.1281828
vn -0.3391987 -0.9319407 0.1281828
vn -0.4958753 -0.8588812 0.1281828
vn -0.637485 -0.759725 0.1281828
vn -0.759725 -0.6374849 0.1281827
vn -0.8588812 -0.4958753 0.1281828
vn -0.9319407 -0.3391986 0.1281828
vn -0.9766837 -0.1722156 0.1281828
vn 0 -0.9979568 -0.0638921
vn -0.1732934 -0.9827957 -0.06389209
vn -0.3413214 -0.9377727 -0.06389208
vn -0.4989785 -0.8642559 -0.06389207
vn -0.6414743 -0.7644793 -0.06389213
vn -0.7644793 -0.6414742 -0.06389213
vn -0.864256 -0.4989784 -0.06389206
vn -0.9377727 -0.3413212 -0.06389206
vn 0 -0.9749242 -0.222537
vn -0.1692938 -0.960113 -0.222537
vn -0.3334438 -0.9161291 -0.222537
vn -0.4874622 -0.8443092 -0.222537
vn -0.6266692 -0.7468353 -0.222537
vn -0.7468354 -0.6266692 -0.222537
vn -0.8443092 -0.4874621 -0.222537
vn -0.9161292 -0.3334436 -0.222537
vn -0.960113 -0.1692937 -0.2225371
vn 0.395048 -0.06965762 0.9160159
vn 0.3769503 -0.1371987 0.9160159
vn 0.3473993 -0.2005711 0.9160159
vn 0.3072927 -0.2578492 0.9160159
vn 0.2578492 -0.3072927 0.9160159
vn 0.200571 -0.3473993 0.9160159
vn 0.1371986 -0.3769503 0.9160159
vn 0.06965755 -0.3950478 0.9160159
vn 0.470526 -0.08296646 0.878477
vn 0.4489707 -0.163412 0.878477
vn 0.4137737 -0.2388924 0.878477
vn 0.3660043 -0.3071141 0.8784769
vn 0.307114 -0.3660043 0.878477
vn 0.2388923 -0.4137736 0.8784769
vn 0.1634119 -0.4489708 0.878477
vn 0.08296638 -0.470526 0.878477
vn 0.5799696 -0.1022643 0.8081939
vn 0.5534005 -0.2014214 0.8081939
vn 0.5100167 -0.2944583 0.8081939
vn 0.4511362 -0.3785483 0.8081938
vn 0.3785482 -0.4511362 0.8081938
vn 0.2944583 -0.5100167 0.8081939
vn 0.2014213 -0.5534005 0.8081939
vn 0.1022642 -0.5799695 0.8081939
vn 0.7070428 -0.1246707 0.6960947
vn 0.6746523 -0.2455534 0.6960946
vn 0.621763 -0.358975 0.6960947
vn 0.5499816 -0.4614894 0.6960947
vn 0.4614893 -0.5499817 0.6960946
vn 0.358975 -0.6217629 0.6960947
vn 0.2455533 -0.6746523 0.6960948
vn 0.1246706 -0.7070427 0.6960947
vn 0.8312257 -0.1465675 0.5362664
vn 0.7931464 -0.2886817 0.5362664
vn 0.7309676 -0.4220244 0.5362665
vn 0.6465788 -0.5425441 0.5362664
vn 0.542544 -0.646579 0.5362664
vn 0.4220244 -0.7309676 0.5362666
vn 0.2886816 -0.7931464 0.5362666
vn 0.1465674 -0.8312257 0.5362666
vn 0.9268495 -0.1634286 0.3379957
vn 0.8843896 -0.3218915 0.3379957
vn 0.8150578 -0.4705739 0.3379956
vn 0.7209609 -0.6049581 0.3379956
vn 0.6049581 -0.720961 0.3379956
vn 0.4705739 -0.8150578 0.3379957
vn 0.3218914 -0.8843896 0.3379957
vn 0.1634285 -0.9268495 0.3379956
vn 0.9766837 -0.1722157 0.1281828
vn 0.9319407 -0.3391987 0.1281828
vn 0.8588812 -0.4958753 0.1281828
vn 0.759725 -0.637485 0.1281828
vn 0.6374849 -0.759725 0.1281827
vn 0.4958753 -0.8588812 0.1281828
vn 0.3391986 -0.9319407 0.1281828
vn 0.1722156 -0.9766837 0.1281828
vn 0.9827957 -0.1732934 -0.06389209
vn 0.9377727 -0.3413214 -0.06389208
vn 0.8642559 -0.4989785 -0.06389207
vn 0.7644793 -0.6414743 -0.06389213
vn 0.6414742 -0.7644793 -0.06389213
vn 0.4989784 -0.864256 -0.06389206
vn 0.3413212 -0.9377727 -0.06389206
vn 0.1732933 -0.9827957 -0.06389213
vn 0.960113 -0.1692938 -0.222537
vn 0.9161291 -0.3334438 -0.222537
vn 0.8443092 -0.4874622 -0.222537
vn 0.7468353 -0.6266692 -0.222537
vn 0.6266692 -0.7468354 -0.222537
vn 0.4874621 -0.8443092 -0.222537
vn 0.3334436 -0.9161292 -0.222537
vn 0.1692937 -0.960113 -0.2225371
vn 0.9628609 0 -0.2699979
vn 0.9482329 0.167199 -0.2699979
vn 0.9047932 0.3293178 -0.269998
vn 0.833862 0.4814304 -0.2699979
vn 0.7375942 0.6189151 -0.2699979
vn 0.6189151 0.7375942 -0.2699979
vn 0.4814304 0.833862 -0.2699979
vn 0.3293177 0.9047933 -0.269998
vn 0.167199 0.9482329 -0.2699979
vn -4.208799e-8 0.9628609 -0.2699979
vn 0.9418956 0 -0.3359057
vn 0.9275861 0.1635585 -0.3359057
vn 0.8850924 0.3221473 -0.3359057
vn 0.8157055 0.4709478 -0.3359056
vn 0.7215339 0.6054389 -0.3359056
vn 0.6054388 0.721534 -0.3359057
vn 0.4709477 0.8157055 -0.3359057
vn 0.3221472 0.8850924 -0.3359057
vn 0.1635583 0.9275861 -0.3359057
vn -4.117156e-8 0.9418956 -0.3359057
vn 0.9027453 0 -0.4301756
vn 0.8890306 0.1567601 -0.4301756
vn 0.848303 0.3087571 -0.4301755
vn 0.7818003 0.4513726 -0.4301755
vn 0.6915429 0.5802735 -0.4301756
vn 0.5802734 0.6915429 -0.4301755
vn 0.4513726 0.7818003 -0.4301756
vn 0.3087569 0.8483031 -0.4301755
vn 0.15676 0.8890305 -0.4301756
vn -3.946025e-8 0.9027453 -0.4301756
vn 0.8247921 0 -0.565436
vn 0.8122616 0.1432237 -0.565436
vn 0.7750511 0.2820955 -0.5654361
vn 0.714291 0.4123961 -0.5654359
vn 0.6318274 0.5301662 -0.5654361
vn 0.5301661 0.6318275 -0.565436
vn 0.412396 0.714291 -0.5654361
vn 0.2820955 0.7750511 -0.5654361
vn 0.1432236 0.8122618 -0.565436
vn -3.605281e-8 0.8247921 -0.565436
vn 0.6705222 0 -0.7418895
vn 0.6603354 0.116435 -0.7418895
vn 0.6300848 0.2293321 -0.7418895
vn 0.5806893 0.3352611 -0.7418894
vn 0.5136498 0.4310034 -0.7418895
vn 0.4310033 0.5136498 -0.7418895
vn 0.335261 0.5806893 -0.7418895
vn 0.229332 0.6300848 -0.7418894
vn 0.1164349 0.6603354 -0.7418895
vn -2.930946e-8 0.6705222 -0.7418895
vn 0.4315371 0 -0.9020953
vn 0.424981 0.07493563 -0.9020953
vn 0.4055122 0.1475944 -0.9020953
vn 0.3737221 0.2157685 -0.9020952
vn 0.3305765 0.2773867 -0.9020953
vn 0.2773867 0.3305766 -0.9020953
vn 0.2157685 0.373722 -0.9020953
vn 0.1475943 0.4055122 -0.9020952
vn 0.07493558 0.4249811 -0.9020952
vn -1.886309e-8 0.4315371 -0.9020953
vn 0.2898838 0 -0.9570618
vn 0.2854798 0.05033781 -0.9570618
vn 0.2724018 0.09914612 -0.9570618
vn 0.2510468 0.1449419 -0.9570618
vn 0.2220639 0.1863337 -0.9570618
vn 0.1863337 0.2220639 -0.9570618
vn 0.1449419 0.2510467 -0.9570618
vn 0.0991461 0.2724018 -0.9570618
vn 0.05033777 0.2854799 -0.9570618
vn -1.267122e-8 0.2898838 -0.9570618
vn 0.641503 0 -0.7671205
vn 0.6317571 0.1113959 -0.7671206
vn 0.6028156 0.219407 -0.7671205
vn 0.5555578 0.3207514 -0.7671206
vn 0.4914197 0.4123501 -0.7671207
vn 0.4123501 0.4914196 -0.7671207
vn 0.3207513 0.5555578 -0.7671207
vn 0.2194069 0.6028157 -0.7671205
vn 0.1113958 0.6317571 -0.7671205
vn -2.804099e-8 0.641503 -0.7671205
vn 0.9889364 0 -0.1483402
vn 0.9739122 0.171727 -0.1483401
vn 0.9292963 0.3382362 -0.1483401
vn 0.856444 0.4944682 -0.1483403
vn 0.7575692 0.6356761 -0.1483402
vn 0.635676 0.7575692 -0.1483404
vn 0.4944681 0.856444 -0.1483403
vn 0.3382361 0.9292963 -0.1483401
vn 0.1717269 0.9739122 -0.14834
vn -4.322779e-8 0.9889364 -0.1483402
vn -0.167199 0.9482329 -0.2699979
vn -0.3293178 0.9047932 -0.269998
vn -0.4814304 0.833862 -0.2699979
vn -0.6189151 0.7375942 -0.2699979
vn -0.7375942 0.6189151 -0.2699979
vn -0.833862 0.4814304 -0.2699979
vn -0.9047933 0.3293177 -0.269998
vn -0.9482329 0.167199 -0.2699979
vn -0.9628609 -4.208799e-8 -0.2699979
vn -0.1635585 0.9275861 -0.3359057
vn -0.3221473 0.8850924 -0.3359057
vn -0.4709478 0.8157055 -0.3359056
vn -0.6054389 0.7215339 -0.3359056
vn -0.721534 0.6054388 -0.3359057
vn -0.8157055 0.4709477 -0.3359057
vn -0.8850924 0.3221472 -0.3359057
vn -0.9275861 0.1635583 -0.3359057
vn -0.9418956 -4.117156e-8 -0.3359057
vn -0.1567601 0.8890306 -0.4301756
vn -0.3087571 0.848303 -0.4301755
vn -0.4513726 0.7818003 -0.4301755
vn -0.5802735 0.6915429 -0.4301756
vn -0.6915429 0.5802734 -0.4301755
vn -0.7818003 0.4513726 -0.4301756
vn -0.8483031 0.3087569 -0.4301755
vn -0.8890305 0.15676 -0.4301756
vn -0.9027453 -3.946025e-8 -0.4301756
vn -0.1432237 0.8122616 -0.565436
vn -0.2820955 0.7750511 -0.5654361
vn -0.4123961 0.714291 -0.5654359
vn -0.5301662 0.6318274 -0.5654361
vn -0.6318275 0.5301661 -0.565436
vn -0.714291 0.412396 -0.5654361
vn -0.7750511 0.2820955 -0.5654361
vn -0.8122618 0.1432236 -0.565436
vn -0.8247921 -3.605281e-8 -0.565436
vn -0.116435 0.6603354 -0.7418895
vn -0.2293321 0.6300848 -0.7418895
vn -0.3352611 0.5806893 -0.7418894
vn -0.4310034 0.5136498 -0.7418895
vn -0.5136498 0.4310033 -0.7418895
vn -0.5806893 0.335261 -0.7418895
vn -0.6300848 0.229332 -0.7418894
vn -0.6603354 0.1164349 -0.7418895
vn -0.6705222 -2.930946e-8 -0.7418895
vn -0.07493563 0.424981 -0.9020953
vn -0.1475944 0.4055122 -0.9020953
vn -0.2157685 0.3737221 -0.9020952
vn -0.2773867 0.3305765 -0.9020953
vn -0.3305766 0.2773867 -0.9020953
vn -0.373722 0.2157685 -0.9020953
vn -0.4055122 0.1475943 -0.9020952
vn -0.4249811 0.07493558 -0.9020952
vn -0.4315371 -1.886309e-8 -0.9020953
vn -0.05033781 0.2854798 -0.9570618
vn -0.09914612 0.2724018 -0.9570618
vn -0.1449419 0.2510468 -0.9570618
vn -0.1863337 0.2220639 -0.9570618
vn -0.2220639 0.1863337 -0.9570618
vn -0.2510467 0.1449419 -0.9570618
vn -0.2724018 0.0991461 -0.9570618
vn -0.2854799 0.05033777 -0.9570618
vn -0.2898838 -1.267122e-8 -0.9570618
vn -0.1113959 0.6317571 -0.7671206
vn -0.219407 0.6028156 -0.7671205
vn -0.3207514 0.5555578 -0.7671206
vn -0.4123501 0.4914197 -0.7671207
vn -0.4914196 0.4123501 -0.7671207
vn -0.5555578 0.3207513 -0.7671207
vn -0.6028157 0.2194069 -0.7671205
vn -0.6317571 0.1113958 -0.7671205
vn -0.641503 -2.804099e-8 -0.7671205
vn -0.171727 0.9739122 -0.1483401
vn -0.3382362 0.9292963 -0.1483401
vn -0.4944682 0.856444 -0.1483403
vn -0.6356761 0.7575692 -0.1483402
vn -0.7575692 0.635676 -0.1483404
vn -0.856444 0.4944681 -0.1483403
vn -0.9292963 0.3382361 -0.1483401
vn -0.9739122 0.1717269 -0.14834
vn -0.9889364 -4.322779e-8 -0.1483402
vn 0 -0.9628609 -0.2699979
vn -0.167199 -0.9482329 -0.2699979
vn -0.3293178 -0.9047932 -0.269998
vn -0.4814304 -0.833862 -0.2699979
vn -0.6189151 -0.7375942 -0.2699979
vn -0.7375942 -0.6189151 -0.2699979
vn -0.833862 -0.4814304 -0.2699979
vn -0.9047933 -0.3293177 -0.269998
vn -0.9482329 -0.167199 -0.2699979
vn 0 -0.9418956 -0.3359057
vn -0.1635585 -0.9275861 -0.3359057
vn -0.3221473 -0.8850924 -0.3359057
vn -0.4709478 -0.8157055 -0.3359056
vn -0.6054389 -0.7215339 -0.3359056
vn -0.721534 -0.6054388 -0.3359057
vn -0.8157055 -0.4709477 -0.3359057
vn -0.8850924 -0.3221472 -0.3359057
vn -0.9275861 -0.1635583 -0.3359057
vn 0 -0.9027453 -0.4301756
vn -0.1567601 -0.8890306 -0.4301756
vn -0.3087571 -0.848303 -0.4301755
vn -0.4513726 -0.7818003 -0.4301755
vn -0.5802735 -0.6915429 -0.4301756
vn -0.6915429 -0.5802734 -0.4301755
vn -0.7818003 -0.4513726 -0.4301756
vn -0.8483031 -0.3087569 -0.4301755
vn -0.8890305 -0.15676 -0.4301756
vn 0 -0.8247921 -0.565436
vn -0.1432237 -0.8122616 -0.565436
vn -0.2820955 -0.7750511 -0.5654361
vn -0.4123961 -0.714291 -0.5654359
vn -0.5301662 -0.6318274 -0.5654361
vn -0.6318275 -0.5301661 -0.565436
vn -0.714291 -0.412396 -0.5654361
vn -0.7750511 -0.2820955 -0.5654361
vn -0.8122618 -0.1432236 -0.565436
vn 0 -0.6705222 -0.7418895
vn -0.116435 -0.6603354 -0.7418895
vn -0.2293321 -0.6300848 -0.7418895
vn -0.3352611 -0.5806893 -0.7418894
vn -0.4310034 -0.5136498 -0.7418895
vn -0.5136498 -0.4310033 -0.7418895
vn -0.5806893 -0.335261 -0.7418895
vn -0.6300848 -0.229332 -0.7418894
vn -0.6603354 -0.1164349 -0.7418895
vn 0 -0.4315371 -0.9020953
vn -0.07493563 -0.424981 -0.9020953
vn -0.1475944 -0.4055122 -0.9020953
vn -0.2157685 -0.3737221 -0.9020952
vn -0.2773867 -0.3305765 -0.9020953
vn -0.3305766 -0.2773867 -0.9020953
vn -0.373722 -0.2157685 -0.9020953
vn -0.4055122 -0.1475943 -0.9020952
vn -0.4249811 -0.07493558 -0.9020952
vn 0 -0.2898838 -0.9570618
vn -0.05033781 -0.2854798 -0.9570618
vn -0.09914612 -0.2724018 -0.9570618
vn -0.1449419 -0.2510468 -0.9570618
vn -0.1863337 -0.2220639 -0.9570618
vn -0.2220639 -0.1863337 -0.9570618
vn -0.2510467 -0.1449419 -0.9570618
vn -0.2724018 -0.0991461 -0.9570618
vn -0.2854799 -0.05033777 -0.9570618
vn 0 -0.641503 -0.7671205
vn -0.1113959 -0.6317571 -0.7671206
vn -0.219407 -0.6028156 -0.7671205
vn -0.3207514 -0.5555578 -0.7671206
vn -0.4123501 -0.4914197 -0.7671207
vn -0.4914196 -0.4123501 -0.7671207
vn -0.5555578 -0.3207513 -0.7671207
vn -0.6028157 -0.2194069 -0.7671205
vn -0.6317571 -0.1113958 -0.7671205
vn 0 -0.9889364 -0.1483402
vn -0.171727 -0.9739122 -0.1483401
vn -0.3382362 -0.9292963 -0.1483401
vn -0.4944682 -0.856444 -0.1483403
vn -0.6356761 -0.7575692 -0.1483402
vn -0.7575692 -0.635676 -0.1483404
vn -0.856444 -0.4944681 -0.1483403
vn -0.9292963 -0.3382361 -0.1483401
vn -0.9739122 -0.1717269 -0.14834
vn 0.9482329 -0.167199 -0.2699979
vn 0.9047932 -0.3293178 -0.269998
vn 0.833862 -0.4814304 -0.2699979
vn 0.7375942 -0.6189151 -0.2699979
vn 0.6189151 -0.7375942 -0.2699979
vn 0.4814304 -0.833862 -0.2699979
vn 0.3293177 -0.9047933 -0.269998
vn 0.167199 -0.9482329 -0.2699979
vn 0.9275861 -0.1635585 -0.3359057
vn 0.8850924 -0.3221473 -0.3359057
vn 0.8157055 -0.4709478 -0.3359056
vn 0.7215339 -0.6054389 -0.3359056
vn 0.6054388 -0.721534 -0.3359057
vn 0.4709477 -0.8157055 -0.3359057
vn 0.3221472 -0.8850924 -0.3359057
vn 0.1635583 -0.9275861 -0.3359057
vn 0.8890306 -0.1567601 -0.4301756
vn 0.848303 -0.3087571 -0.4301755
vn 0.7818003 -0.4513726 -0.4301755
vn 0.6915429 -0.5802735 -0.4301756
vn 0.5802734 -0.6915429 -0.4301755
vn 0.4513726 -0.7818003 -0.4301756
vn 0.3087569 -0.8483031 -0.4301755
vn 0.15676 -0.8890305 -0.4301756
vn 0.8122616 -0.1432237 -0.565436
vn 0.7750511 -0.2820955 -0.5654361
vn 0.714291 -0.4123961 -0.5654359
vn 0.6318274 -0.5301662 -0.5654361
vn 0.5301661 -0.6318275 -0.565436
vn 0.412396 -0.714291 -0.5654361
vn 0.2820955 -0.7750511 -0.5654361
vn 0.1432236 -0.8122618 -0.565436
vn 0.6603354 -0.116435 -0.7418895
vn 0.6300848 -0.2293321 -0.7418895
vn 0.5806893 -0.3352611 -0.7418894
vn 0.5136498 -0.4310034 -0.7418895
vn 0.4310033 -0.5136498 -0.7418895
vn 0.335261 -0.5806893 -0.7418895
vn 0.229332 -0.6300848 -0.7418894
vn 0.1164349 -0.6603354 -0.7418895
vn 0.424981 -0.07493563 -0.9020953
vn 0.4055122 -0.1475944 -0.9020953
vn 0.3737221 -0.2157685 -0.9020952
vn 0.3305765 -0.2773867 -0.9020953
vn 0.2773867 -0.3305766 -0.9020953
vn 0.2157685 -0.373722 -0.9020953
vn 0.1475943 -0.4055122 -0.9020952
vn 0.07493558 -0.4249811 -0.9020952
vn 0.2854798 -0.05033781 -0.9570618
vn 0.2724018 -0.09914612 -0.9570618
vn 0.2510468 -0.1449419 -0.9570618
vn 0.2220639 -0.1863337 -0.9570618
vn 0.1863337 -0.2220639 -0.9570618
vn 0.1449419 -0.2510467 -0.9570618
vn 0.0991461 -0.2724018 -0.9570618
vn 0.05033777 -0.2854799 -0.9570618
vn 0.6317571 -0.1113959 -0.7671206
vn 0.6028156 -0.219407 -0.7671205
vn 0.5555578 -0.3207514 -0.7671206
vn 0.4914197 -0.4123501 -0.7671207
vn 0.4123501 -0.4914196 -0.7671207
vn 0.3207513 -0.5555578 -0.7671207
vn 0.2194069 -0.6028157 -0.7671205
vn 0.1113958 -0.6317571 -0.7671205
vn 0.9739122 -0.171727 -0.1483401
vn 0.9292963 -0.3382362 -0.1483401
vn 0.856444 -0.4944682 -0.1483403
vn 0.7575692 -0.6356761 -0.1483402
vn 0.635676 -0.7575692 -0.1483404
vn 0.4944681 -0.856444 -0.1483403
vn 0.3382361 -0.9292963 -0.1483401
vn 0.1717269 -0.9739122 -0.14834
vn 0.9704983 0 0.2411082
vn 0.955754 0.1685252 0.2411088
vn 0.9119699 0.33193 0.2411084
vn 0.8404763 0.4852493 0.2411073
vn 0.7434448 0.6238242 0.241108
vn 0.6238242 0.7434448 0.2411086
vn 0.485249 0.8404761 0.2411087
vn 0.3319298 0.9119701 0.241108
vn 0.1685252 0.9557544 0.2411076
vn -4.242182e-8 0.9704983 0.2411082
vn 0.7696355 0 0.6384835
vn 0.7579429 0.1336458 0.6384836
vn 0.7232206 0.2632308 0.6384836
vn 0.6665242 0.384818 0.638483
vn 0.5895751 0.4947122 0.6384834
vn 0.494712 0.5895749 0.6384837
vn 0.3848176 0.6665238 0.6384837
vn 0.2632308 0.723221 0.6384833
vn 0.1336458 0.7579433 0.6384832
vn -3.364183e-8 0.7696355 0.6384835
vn 0.5015303 0 0.8651401
vn 0.493911 0.08708984 0.86514
vn 0.4712842 0.1715335 0.8651401
vn 0.4343382 0.2507653 0.86514
vn 0.3841945 0.3223774 0.8651401
vn 0.3223773 0.3841944 0.8651402
vn 0.250765 0.4343379 0.8651401
vn 0.1715334 0.4712845 0.86514
vn 0.08708981 0.493911 0.86514
vn -2.192259e-8 0.5015303 0.8651401
vn 0.297428 0 0.9547443
vn 0.2929095 0.05164785 0.9547442
vn 0.2794909 0.1017264 0.9547443
vn 0.2575803 0.1487141 0.9547442
vn 0.2278431 0.1911831 0.9547443
vn 0.191183 0.227843 0.9547443
vn 0.148714 0.2575802 0.9547443
vn 0.1017264 0.279491 0.9547443
vn 0.05164782 0.2929095 0.9547443
vn -1.300099e-8 0.297428 0.9547443
vn 0.1659121 0 0.9861406
vn 0.1633916 0.02881035 0.9861405
vn 0.1559063 0.05674527 0.9861406
vn 0.1436841 0.08295606 0.9861405
vn 0.127096 0.1066462 0.9861406
vn 0.1066462 0.127096 0.9861406
vn 0.08295602 0.1436841 0.9861406
vn 0.05674525 0.1559064 0.9861405
vn 0.02881032 0.1633915 0.9861406
vn -7.252247e-9 0.1659121 0.9861406
vn 0.08408925 0 0.9964582
vn 0.08281176 0.01460195 0.9964582
vn 0.07901804 0.02876022 0.9964582
vn 0.07282343 0.04204463 0.9964582
vn 0.06441609 0.05405151 0.9964582
vn 0.0540515 0.06441609 0.9964582
vn 0.04204461 0.07282341 0.9964582
vn 0.02876021 0.07901806 0.9964582
vn 0.01460194 0.08281173 0.9964582
vn -3.675657e-9 0.08408925 0.9964582
vn 0.03479177 0 0.9993945
vn 0.03426322 0.006041531 0.9993947
vn 0.03269357 0.01189949 0.9993945
vn 0.03013056 0.01739589 0.9993945
vn 0.02665204 0.02236371 0.9993945
vn 0.02236371 0.02665204 0.9993945
vn 0.01739589 0.03013056 0.9993947
vn 0.01189948 0.03269358 0.9993947
vn 0.006041525 0.0342632 0.9993947
vn -1.520796e-9 0.03479177 0.9993945
vn 0.008343463 0 0.9999652
vn 0.008216707 0.001448827 0.9999652
vn 0.007840294 0.002853634 0.9999652
vn 0.007225651 0.004171731 0.9999652
vn 0.006391462 0.005363074 0.9999652
vn 0.005363073 0.006391462 0.9999652
vn 0.00417173 0.007225651 0.9999652
vn 0.00285363 0.007840289 0.9999652
vn 0.001448826 0.008216706 0.9999652
vn -3.647043e-10 0.008343463 0.9999652
vn 0 0 1
vn 0 0 1
vn 0 0 1
vn 0 0 1
vn 0 0 1
vn 0 0 1
vn 0 0 1
vn 0 0 1
vn 0 0 1
vn 0 0 1
vn -0.1685252 0.955754 0.2411088
vn -0.33193 0.9119699 0.2411084
vn -0.4852493 0.8404763 0.2411073
vn -0.6238242 0.7434448 0.241108
vn -0.7434448 0.6238242 0.2411086
vn -0.8404761 0.485249 0.2411087
vn -0.9119701 0.3319298 0.241108
vn -0.9557544 0.1685252 0.2411076
vn -0.9704983 -4.242182e-8 0.2411082
vn -0.1336458 0.7579429 0.6384836
vn -0.2632308 0.7232206 0.6384836
vn -0.384818 0.6665242 0.638483
vn -0.4947122 0.5895751 0.6384834
vn -0.5895749 0.494712 0.6384837
vn -0.6665238 0.3848176 0.6384837
vn -0.723221 0.2632308 0.6384833
vn -0.7579433 0.1336458 0.6384832
vn -0.7696355 -3.364183e-8 0.6384835
vn -0.08708984 0.493911 0.86514
vn -0.1715335 0.4712842 0.8651401
vn -0.2507653 0.4343382 0.86514
vn -0.3223774 0.3841945 0.8651401
vn -0.3841944 0.3223773 0.8651402
vn -0.4343379 0.250765 0.8651401
vn -0.4712845 0.1715334 0.86514
vn -0.493911 0.08708981 0.86514
vn -0.5015303 -2.192259e-8 0.8651401
vn -0.05164785 0.2929095 0.9547442
vn -0.1017264 0.2794909 0.9547443
vn -0.1487141 0.2575803 0.9547442
vn -0.1911831 0.2278431 0.9547443
vn -0.227843 0.191183 0.9547443
vn -0.2575802 0.148714 0.9547443
vn -0.279491 0.1017264 0.9547443
vn -0.2929095 0.05164782 0.9547443
vn -0.297428 -1.300099e-8 0.9547443
vn -0.02881035 0.1633916 0.9861405
vn -0.05674527 0.1559063 0.9861406
vn -0.08295606 0.1436841 0.9861405
vn -0.1066462 0.127096 0.9861406
vn -0.127096 0.1066462 0.9861406
vn -0.1436841 0.08295602 0.9861406
vn -0.1559064 0.05674525 0.9861405
vn -0.1633915 0.02881032 0.9861406
vn -0.1659121 -7.252247e-9 0.9861406
vn -0.01460195 0.08281176 0.9964582
vn -0.02876022 0.07901804 0.9964582
vn -0.04204463 0.07282343 0.9964582
vn -0.05405151 0.06441609 0.9964582
vn -0.06441609 0.0540515 0.9964582
vn -0.07282341 0.04204461 0.9964582
vn -0.07901806 0.02876021 0.9964582
vn -0.08281173 0.01460194 0.9964582
vn -0.08408925 -3.675657e-9 0.9964582
vn -0.006041531 0.03426322 0.9993947
vn -0.01189949 0.03269357 0.9993945
vn -0.01739589 0.03013056 0.9993945
vn -0.02236371 0.02665204 0.9993945
vn -0.02665204 0.02236371 0.9993945
vn -0.03013056 0.01739589 0.9993947
vn -0.03269358 0.01189948 0.9993947
vn -0.0342632 0.006041525 0.9993947
vn -0.03479177 -1.520796e-9 0.9993945
vn -0.001448827 0.008216707 0.9999652
vn -0.002853634 0.007840294 0.9999652
vn -0.004171731 0.007225651 0.9999652
vn -0.005363074 0.006391462 0.9999652
vn -0.006391462 0.005363073 0.9999652
vn -0.007225651 0.00417173 0.9999652
vn -0.007840289 0.00285363 0.9999652
vn -0.008216706 0.001448826 0.9999652
vn -0.008343463 -3.647043e-10 0.9999652
vn 0 0 1
vn 0 0 1
vn 0 0 1
vn 0 0 1
vn 0 0 1
vn 0 0 1
vn 0 0 1
vn 0 0 1
vn 0 0 1
vn 0 -0.9704983 0.2411082
vn -0.1685252 -0.955754 0.2411088
vn -0.33193 -0.9119699 0.2411084
vn -0.4852493 -0.8404763 0.2411073
vn -0.6238242 -0.7434448 0.241108
vn -0.7434448 -0.6238242 0.2411086
vn -0.8404761 -0.485249 0.2411087
vn -0.9119701 -0.3319298 0.241108
vn -0.9557544 -0.1685252 0.2411076
vn 0 -0.7696355 0.6384835
vn -0.1336458 -0.7579429 0.6384836
vn -0.2632308 -0.7232206 0.6384836
vn -0.384818 -0.6665242 0.638483
vn -0.4947122 -0.5895751 0.6384834
vn -0.5895749 -0.494712 0.6384837
vn -0.6665238 -0.3848176 0.6384837
vn -0.723221 -0.2632308 0.6384833
vn -0.7579433 -0.1336458 0.6384832
vn 0 -0.5015303 0.8651401
vn -0.08708984 -0.493911 0.86514
vn -0.1715335 -0.4712842 0.8651401
vn -0.2507653 -0.4343382 0.86514
vn -0.3223774 -0.3841945 0.8651401
vn -0.3841944 -0.3223773 0.8651402
vn -0.4343379 -0.250765 0.8651401
vn -0.4712845 -0.1715334 0.86514
vn -0.493911 -0.08708981 0.86514
vn 0 -0.297428 0.9547443
vn -0.05164785 -0.2929095 0.9547442
vn -0.1017264 -0.2794909 0.9547443
vn -0.1487141 -0.2575803 0.9547442
vn -0.1911831 -0.2278431 0.9547443
vn -0.227843 -0.191183 0.9547443
vn -0.2575802 -0.148714 0.9547443
vn -0.279491 -0.1017264 0.9547443
vn -0.2929095 -0.05164782 0.9547443
vn 0 -0.1659121 0.9861406
vn -0.02881035 -0.1633916 0.9861405
vn -0.05674527 -0.1559063 0.9861406
vn -0.08295606 -0.1436841 0.9861405
vn -0.1066462 -0.127096 0.9861406
vn -0.127096 -0.1066462 0.9861406
vn -0.1436841 -0.08295602 0.9861406
vn -0.1559064 -0.05674525 0.9861405
vn -0.1633915 -0.02881032 0.9861406
vn 0 -0.08408925 0.9964582
vn -0.01460195 -0.08281176 0.9964582
vn -0.02876022 -0.07901804 0.9964582
vn -0.04204463 -0.07282343 0.9964582
vn -0.05405151 -0.06441609 0.9964582
vn -0.06441609 -0.0540515 0.9964582
vn -0.07282341 -0.04204461 0.9964582
vn -0.07901806 -0.02876021 0.9964582
vn -0.08281173 -0.01460194 0.9964582
vn 0 -0.03479177 0.9993945
vn -0.006041531 -0.03426322 0.9993947
vn -0.01189949 -0.03269357 0.9993945
vn -0.01739589 -0.03013056 0.9993945
vn -0.02236371 -0.02665204 0.9993945
vn -0.02665204 -0.02236371 0.9993945
vn -0.03013056 -0.01739589 0.9993947
vn -0.03269358 -0.01189948 0.9993947
vn -0.0342632 -0.006041525 0.9993947
vn 0 -0.008343463 0.9999652
vn -0.001448827 -0.008216707 0.9999652
vn -0.002853634 -0.007840294 0.9999652
vn -0.004171731 -0.007225651 0.9999652
vn -0.005363074 -0.006391462 0.9999652
vn -0.006391462 -0.005363073 0.9999652
vn -0.007225651 -0.00417173 0.9999652
vn -0.007840289 -0.00285363 0.9999652
vn -0.008216706 -0.001448826 0.9999652
vn 0 0 1
vn 0 0 1
vn 0 0 1
vn 0 0 1
vn 0 0 1
vn 0 0 1
vn 0 0 1
vn 0 0 1
vn 0 0 1
vn 0.955754 -0.1685252 0.2411088
vn 0.9119699 -0.33193 0.2411084
vn 0.8404763 -0.4852493 0.2411073
vn 0.7434448 -0.6238242 0.241108
vn 0.6238242 -0.7434448 0.2411086
vn 0.485249 -0.8404761 0.2411087
vn 0.3319298 -0.9119701 0.241108
vn 0.1685252 -0.9557544 0.2411076
vn 0.7579429 -0.1336458 0.6384836
vn 0.7232206 -0.2632308 0.6384836
vn 0.6665242 -0.384818 0.638483
vn 0.5895751 -0.4947122 0.6384834
vn 0.494712 -0.5895749 0.6384837
vn 0.3848176 -0.6665238 0.6384837
vn 0.2632308 -0.723221 0.6384833
vn 0.1336458 -0.7579433 0.6384832
vn 0.493911 -0.08708984 0.86514
vn 0.4712842 -0.1715335 0.8651401
vn 0.4343382 -0.2507653 0.86514
vn 0.3841945 -0.3223774 0.8651401
vn 0.3223773 -0.3841944 0.8651402
vn 0.250765 -0.4343379 0.8651401
vn 0.1715334 -0.4712845 0.86514
vn 0.08708981 -0.493911 0.86514
vn 0.2929095 -0.05164785 0.9547442
vn 0.2794909 -0.1017264 0.9547443
vn 0.2575803 -0.1487141 0.9547442
vn 0.2278431 -0.1911831 0.9547443
vn 0.191183 -0.227843 0.9547443
vn 0.148714 -0.2575802 0.9547443
vn 0.1017264 -0.279491 0.9547443
vn 0.05164782 -0.2929095 0.9547443
vn 0.1633916 -0.02881035 0.9861405
vn 0.1559063 -0.05674527 0.9861406
vn 0.1436841 -0.08295606 0.9861405
vn 0.127096 -0.1066462 0.9861406
vn 0.1066462 -0.127096 0.9861406
vn 0.08295602 -0.1436841 0.9861406
vn 0.05674525 -0.1559064 0.9861405
vn 0.02881032 -0.1633915 0.9861406
vn 0.08281176 -0.01460195 0.9964582
vn 0.07901804 -0.02876022 0.9964582
vn 0.07282343 -0.04204463 0.9964582
vn 0.06441609 -0.05405151 0.9964582
vn 0.0540515 -0.06441609 0.9964582
vn 0.04204461 -0.07282341 0.9964582
vn 0.02876021 -0.07901806 0.9964582
vn 0.01460194 -0.08281173 0.9964582
vn 0.03426322 -0.006041531 0.9993947
vn 0.03269357 -0.01189949 0.9993945
vn 0.03013056 -0.01739589 0.9993945
vn 0.02665204 -0.02236371 0.9993945
vn 0.02236371 -0.02665204 0.9993945
vn 0.01739589 -0.03013056 0.9993947
vn 0.01189948 -0.03269358 0.9993947
vn 0.006041525 -0.0342632 0.9993947
vn 0.008216707 -0.001448827 0.9999652
vn 0.007840294 -0.002853634 0.9999652
vn 0.007225651 -0.004171731 0.9999652
vn 0.006391462 -0.005363074 0.9999652
vn 0.005363073 -0.006391462 0.9999652
vn 0.00417173 -0.007225651 0.9999652
vn 0.00285363 -0.007840289 0.9999652
vn 0.001448826 -0.008216706 0.9999652
vn 0 0 1
vn 0 0 1
vn 0 0 1
vn 0 0 1
vn 0 0 1
vn 0 0 1
vn 0 0 1
vn 0 0 1
vn 0 0 -1
vn 0 0 -1
vn 0 0 -1
vn 0 0 -1
vn 0 0 -1
vn 0 0 -1
vn 0 0 -1
vn 0 0 -1
vn 0 0 -1
vn 0 0 -1
vn -0.009898054 0 -0.9999511
vn -0.009747686 -0.00171878 -0.9999511
vn -0.009301124 -0.003385333 -0.9999511
vn -0.008571967 -0.004949028 -0.9999511
vn -0.007582348 -0.006362346 -0.9999511
vn -0.006362345 -0.007582347 -0.9999511
vn -0.004949026 -0.008571965 -0.9999511
vn -0.003385334 -0.009301133 -0.9999509
vn -0.001718778 -0.009747678 -0.9999511
vn 4.326577e-10 -0.009898054 -0.9999511
vn -0.04825288 0 -0.9988352
vn -0.04751983 -0.008379029 -0.9988352
vn -0.04534286 -0.01650345 -0.9988352
vn -0.04178824 -0.02412645 -0.9988352
vn -0.03696384 -0.03101635 -0.9988352
vn -0.03101635 -0.03696385 -0.9988352
vn -0.02412643 -0.04178822 -0.9988352
vn -0.01650346 -0.04534291 -0.9988352
vn -0.00837902 -0.04751981 -0.9988352
vn 2.1092e-9 -0.04825288 -0.9988352
vn -0.133475 0 -0.9910522
vn -0.1314472 -0.02317769 -0.9910522
vn -0.1254254 -0.0456511 -0.9910522
vn -0.1155928 -0.06673752 -0.9910522
vn -0.1022477 -0.08579604 -0.9910522
vn -0.08579602 -0.1022477 -0.9910522
vn -0.06673745 -0.1155927 -0.9910522
vn -0.04565112 -0.1254255 -0.9910522
vn -0.02317767 -0.1314472 -0.9910522
vn 5.834376e-9 -0.133475 -0.9910522
vn -0.2885053 0 -0.9574783
vn -0.2841222 -0.05009842 -0.9574783
vn -0.2711062 -0.09867459 -0.9574783
vn -0.2498531 -0.1442528 -0.9574783
vn -0.2210079 -0.1854476 -0.9574783
vn -0.1854476 -0.2210079 -0.9574783
vn -0.1442526 -0.2498529 -0.9574783
vn -0.09867464 -0.2711064 -0.9574783
vn -0.05009841 -0.2841223 -0.9574783
vn 1.261097e-8 -0.2885053 -0.9574783
vn -0.5148737 0 -0.8572661
vn -0.5070514 -0.08940686 -0.8572662
vn -0.4838228 -0.1760971 -0.8572662
vn -0.4458941 -0.2574371 -0.8572657
vn -0.3944161 -0.3309544 -0.8572661
vn -0.3309543 -0.3944161 -0.8572661
vn -0.2574368 -0.4458936 -0.8572661
vn -0.1760971 -0.4838231 -0.8572661
vn -0.08940688 -0.5070518 -0.8572659
vn 2.250584e-8 -0.5148737 -0.8572661
vn -0.7432935 0 -0.6689654
vn -0.7320011 -0.1290715 -0.6689656
vn -0.6984672 -0.2542213 -0.6689658
vn -0.6437115 -0.371647 -0.6689649
vn -0.5693958 -0.4777799 -0.6689655
vn -0.4777798 -0.5693959 -0.6689655
vn -0.3716466 -0.643711 -0.6689656
vn -0.2542212 -0.6984673 -0.6689656
vn -0.1290716 -0.7320015 -0.668965
vn 3.249039e-8 -0.7432935 -0.6689654
vn -0.8876239 0 -0.460569
vn -0.874139 -0.1541343 -0.4605691
vn -0.8340935 -0.3035852 -0.4605695
vn -0.768705 -0.4438121 -0.4605685
vn -0.6799593 -0.5705537 -0.4605691
vn -0.5705535 -0.6799594 -0.4605691
vn -0.4438119 -0.7687049 -0.4605691
vn -0.3035851 -0.8340935 -0.4605694
vn -0.1541342 -0.8741392 -0.4605684
vn 3.879927e-8 -0.8876239 -0.460569
vn -0.95147 0 -0.3077415
vn -0.9370152 -0.1652211 -0.3077412
vn -0.8940892 -0.3254219 -0.3077421
vn -0.8239973 -0.4757351 -0.3077411
vn -0.7288682 -0.6115931 -0.3077415
vn -0.6115931 -0.7288684 -0.3077415
vn -0.4757349 -0.8239973 -0.3077414
vn -0.3254217 -0.8940893 -0.3077421
vn -0.165221 -0.9370152 -0.3077409
vn 4.159007e-8 -0.95147 -0.3077415
vn -0.9756098 0 -0.2195122
vn -0.9607882 -0.1694129 -0.2195116
vn -0.9167732 -0.3336781 -0.2195128
vn -0.8449029 -0.4878049 -0.219512
vn -0.7473605 -0.6271099 -0.2195123
vn -0.6271098 -0.7473606 -0.2195123
vn -0.4878048 -0.8449029 -0.219512
vn -0.333678 -0.9167732 -0.2195128
vn -0.1694128 -0.9607882 -0.2195115
vn 4.264526e-8 -0.9756098 -0.2195122
vn 0 0 -1
vn 0 0 -1
vn 0 0 -1
vn 0 0 -1
vn 0 0 -1
vn 0 0 -1
vn 0 0 -1
vn 0 0 -1
vn 0 0 -1
vn 0.00171878 -0.009747686 -0.9999511
vn 0.003385333 -0.009301124 -0.9999511
vn 0.004949028 -0.008571967 -0.9999511
vn 0.006362346 -0.007582348 -0.9999511
vn 0.007582347 -0.006362345 -0.9999511
vn 0.008571965 -0.004949026 -0.9999511
vn 0.009301133 -0.003385334 -0.9999509
vn 0.009747678 -0.001718778 -0.9999511
vn 0.009898054 4.326577e-10 -0.9999511
vn 0.008379029 -0.04751983 -0.9988352
vn 0.01650345 -0.04534286 -0.9988352
vn 0.02412645 -0.04178824 -0.9988352
vn 0.03101635 -0.03696384 -0.9988352
vn 0.03696385 -0.03101635 -0.9988352
vn 0.04178822 -0.02412643 -0.9988352
vn 0.04534291 -0.01650346 -0.9988352
vn 0.04751981 -0.00837902 -0.9988352
vn 0.04825288 2.1092e-9 -0.9988352
vn 0.02317769 -0.1314472 -0.9910522
vn 0.0456511 -0.1254254 -0.9910522
vn 0.06673752 -0.1155928 -0.9910522
vn 0.08579604 -0.1022477 -0.9910522
vn 0.1022477 -0.08579602 -0.9910522
vn 0.1155927 -0.06673745 -0.9910522
vn 0.1254255 -0.04565112 -0.9910522
vn 0.1314472 -0.02317767 -0.9910522
vn 0.133475 5.834376e-9 -0.9910522
vn 0.05009842 -0.2841222 -0.9574783
vn 0.09867459 -0.2711062 -0.9574783
vn 0.1442528 -0.2498531 -0.9574783
vn 0.1854476 -0.2210079 -0.9574783
vn 0.2210079 -0.1854476 -0.9574783
vn 0.2498529 -0.1442526 -0.9574783
vn 0.2711064 -0.09867464 -0.9574783
vn 0.2841223 -0.05009841 -0.9574783
vn 0.2885053 1.261097e-8 -0.9574783
vn 0.08940686 -0.5070514 -0.8572662
vn 0.1760971 -0.4838228 -0.8572662
vn 0.2574371 -0.4458941 -0.8572657
vn 0.3309544 -0.3944161 -0.8572661
vn 0.3944161 -0.3309543 -0.8572661
vn 0.4458936 -0.2574368 -0.8572661
vn 0.4838231 -0.1760971 -0.8572661
vn 0.5070518 -0.08940688 -0.8572659
vn 0.5148737 2.250584e-8 -0.8572661
vn 0.1290715 -0.7320011 -0.6689656
vn 0.2542213 -0.6984672 -0.6689658
vn 0.371647 -0.6437115 -0.6689649
vn 0.4777799 -0.5693958 -0.6689655
vn 0.5693959 -0.4777798 -0.6689655
vn 0.643711 -0.3716466 -0.6689656
vn 0.6984673 -0.2542212 -0.6689656
vn 0.7320015 -0.1290716 -0.668965
vn 0.7432935 3.249039e-8 -0.6689654
vn 0.1541343 -0.874139 -0.4605691
vn 0.3035852 -0.8340935 -0.4605695
vn 0.4438121 -0.768705 -0.4605685
vn 0.5705537 -0.6799593 -0.4605691
vn 0.6799594 -0.5705535 -0.4605691
vn 0.7687049 -0.4438119 -0.4605691
vn 0.8340935 -0.3035851 -0.4605694
vn 0.8741392 -0.1541342 -0.4605684
vn 0.8876239 3.879927e-8 -0.460569
vn 0.1652211 -0.9370152 -0.3077412
vn 0.3254219 -0.8940892 -0.3077421
vn 0.4757351 -0.8239973 -0.3077411
vn 0.6115931 -0.7288682 -0.3077415
vn 0.7288684 -0.6115931 -0.3077415
vn 0.8239973 -0.4757349 -0.3077414
vn 0.8940893 -0.3254217 -0.3077421
vn 0.9370152 -0.165221 -0.3077409
vn 0.95147 4.159007e-8 -0.3077415
vn 0.1694129 -0.9607882 -0.2195116
vn 0.3336781 -0.9167732 -0.2195128
vn 0.4878049 -0.8449029 -0.219512
vn 0.6271099 -0.7473605 -0.2195123
vn 0.7473606 -0.6271098 -0.2195123
vn 0.8449029 -0.4878048 -0.219512
vn 0.9167732 -0.333678 -0.2195128
vn 0.9607882 -0.1694128 -0.2195115
vn 0.9756098 4.264526e-8 -0.2195122
vn 0 0 -1
vn 0 0 -1
vn 0 0 -1
vn 0 0 -1
vn 0 0 -1
vn 0 0 -1
vn 0 0 -1
vn 0 0 -1
vn 0 0 -1
vn 0 0.009898054 -0.9999511
vn 0.00171878 0.009747686 -0.9999511
vn 0.003385333 0.009301124 -0.9999511
vn 0.004949028 0.008571967 -0.9999511
vn 0.006362346 0.007582348 -0.9999511
vn 0.007582347 0.006362345 -0.9999511
vn 0.008571965 0.004949026 -0.9999511
vn 0.009301133 0.003385334 -0.9999509
vn 0.009747678 0.001718778 -0.9999511
vn 0 0.04825288 -0.9988352
vn 0.008379029 0.04751983 -0.9988352
vn 0.01650345 0.04534286 -0.9988352
vn 0.02412645 0.04178824 -0.9988352
vn 0.03101635 0.03696384 -0.9988352
vn 0.03696385 0.03101635 -0.9988352
vn 0.04178822 0.02412643 -0.9988352
vn 0.04534291 0.01650346 -0.9988352
vn 0.04751981 0.00837902 -0.9988352
vn 0 0.133475 -0.9910522
vn 0.02317769 0.1314472 -0.9910522
vn 0.0456511 0.1254254 -0.9910522
vn 0.06673752 0.1155928 -0.9910522
vn 0.08579604 0.1022477 -0.9910522
vn 0.1022477 0.08579602 -0.9910522
vn 0.1155927 0.06673745 -0.9910522
vn 0.1254255 0.04565112 -0.9910522
vn 0.1314472 0.02317767 -0.9910522
vn 0 0.2885053 -0.9574783
vn 0.05009842 0.2841222 -0.9574783
vn 0.09867459 0.2711062 -0.9574783
vn 0.1442528 0.2498531 -0.9574783
vn 0.1854476 0.2210079 -0.9574783
vn 0.2210079 0.1854476 -0.9574783
vn 0.2498529 0.1442526 -0.9574783
vn 0.2711064 0.09867464 -0.9574783
vn 0.2841223 0.05009841 -0.9574783
vn 0 0.5148737 -0.8572661
vn 0.08940686 0.5070514 -0.8572662
vn 0.1760971 0.4838228 -0.8572662
vn 0.2574371 0.4458941 -0.8572657
vn 0.3309544 0.3944161 -0.8572661
vn 0.3944161 0.3309543 -0.8572661
vn 0.4458936 0.2574368 -0.8572661
vn 0.4838231 0.1760971 -0.8572661
vn 0.5070518 0.08940688 -0.8572659
vn 0 0.7432935 -0.6689654
vn 0.1290715 0.7320011 -0.6689656
vn 0.2542213 0.6984672 -0.6689658
vn 0.371647 0.6437115 -0.6689649
vn 0.4777799 0.5693958 -0.6689655
vn 0.5693959 0.4777798 -0.6689655
vn 0.643711 0.3716466 -0.6689656
vn 0.6984673 0.2542212 -0.6689656
vn 0.7320015 0.1290716 -0.668965
vn 0 0.8876239 -0.460569
vn 0.1541343 0.874139 -0.4605691
vn 0.3035852 0.8340935 -0.4605695
vn 0.4438121 0.768705 -0.4605685
vn 0.5705537 0.6799593 -0.4605691
vn 0.6799594 0.5705535 -0.4605691
vn 0.7687049 0.4438119 -0.4605691
vn 0.8340935 0.3035851 -0.4605694
vn 0.8741392 0.1541342 -0.4605684
vn 0 0.95147 -0.3077415
vn 0.1652211 0.9370152 -0.3077412
vn 0.3254219 0.8940892 -0.3077421
vn 0.4757351 0.8239973 -0.3077411
vn 0.6115931 0.7288682 -0.3077415
vn 0.7288684 0.6115931 -0.3077415
vn 0.8239973 0.4757349 -0.3077414
vn 0.8940893 0.3254217 -0.3077421
vn 0.9370152 0.165221 -0.3077409
vn 0 0.9756098 -0.2195122
vn 0.1694129 0.9607882 -0.2195116
vn 0.3336781 0.9167732 -0.2195128
vn 0.4878049 0.8449029 -0.219512
vn 0.6271099 0.7473605 -0.2195123
vn 0.7473606 0.6271098 -0.2195123
vn 0.8449029 0.4878048 -0.219512
vn 0.9167732 0.333678 -0.2195128
vn 0.9607882 0.1694128 -0.2195115
vn 0 0 -1
vn 0 0 -1
vn 0 0 -1
vn 0 0 -1
vn 0 0 -1
vn 0 0 -1
vn 0 0 -1
vn 0 0 -1
vn -0.009747686 0.00171878 -0.9999511
vn -0.009301124 0.003385333 -0.9999511
vn -0.008571967 0.004949028 -0.9999511
vn -0.007582348 0.006362346 -0.9999511
vn -0.006362345 0.007582347 -0.9999511
vn -0.004949026 0.008571965 -0.9999511
vn -0.003385334 0.009301133 -0.9999509
vn -0.001718778 0.009747678 -0.9999511
vn -0.04751983 0.008379029 -0.9988352
vn -0.04534286 0.01650345 -0.9988352
vn -0.04178824 0.02412645 -0.9988352
vn -0.03696384 0.03101635 -0.9988352
vn -0.03101635 0.03696385 -0.9988352
vn -0.02412643 0.04178822 -0.9988352
vn -0.01650346 0.04534291 -0.9988352
vn -0.00837902 0.04751981 -0.9988352
vn -0.1314472 0.02317769 -0.9910522
vn -0.1254254 0.0456511 -0.9910522
vn -0.1155928 0.06673752 -0.9910522
vn -0.1022477 0.08579604 -0.9910522
vn -0.08579602 0.1022477 -0.9910522
vn -0.06673745 0.1155927 -0.9910522
vn -0.04565112 0.1254255 -0.9910522
vn -0.02317767 0.1314472 -0.9910522
vn -0.2841222 0.05009842 -0.9574783
vn -0.2711062 0.09867459 -0.9574783
vn -0.2498531 0.1442528 -0.9574783
vn -0.2210079 0.1854476 -0.9574783
vn -0.1854476 0.2210079 -0.9574783
vn -0.1442526 0.2498529 -0.9574783
vn -0.09867464 0.2711064 -0.9574783
vn -0.05009841 0.2841223 -0.9574783
vn -0.5070514 0.08940686 -0.8572662
vn -0.4838228 0.1760971 -0.8572662
vn -0.4458941 0.2574371 -0.8572657
vn -0.3944161 0.3309544 -0.8572661
vn -0.3309543 0.3944161 -0.8572661
vn -0.2574368 0.4458936 -0.8572661
vn -0.1760971 0.4838231 -0.8572661
vn -0.08940688 0.5070518 -0.8572659
vn -0.7320011 0.1290715 -0.6689656
vn -0.6984672 0.2542213 -0.6689658
vn -0.6437115 0.371647 -0.6689649
vn -0.5693958 0.4777799 -0.6689655
vn -0.4777798 0.5693959 -0.6689655
vn -0.3716466 0.643711 -0.6689656
vn -0.2542212 0.6984673 -0.6689656
vn -0.1290716 0.7320015 -0.668965
vn -0.874139 0.1541343 -0.4605691
vn -0.8340935 0.3035852 -0.4605695
vn -0.768705 0.4438121 -0.4605685
vn -0.6799593 0.5705537 -0.4605691
vn -0.5705535 0.6799594 -0.4605691
vn -0.4438119 0.7687049 -0.4605691
vn -0.3035851 0.8340935 -0.4605694
vn -0.1541342 0.8741392 -0.4605684
vn -0.9370152 0.1652211 -0.3077412
vn -0.8940892 0.3254219 -0.3077421
vn -0.8239973 0.4757351 -0.3077411
vn -0.7288682 0.6115931 -0.3077415
vn -0.6115931 0.7288684 -0.3077415
vn -0.4757349 0.8239973 -0.3077414
vn -0.3254217 0.8940893 -0.3077421
vn -0.165221 0.9370152 -0.3077409
vn -0.9607882 0.1694129 -0.2195116
vn -0.9167732 0.3336781 -0.2195128
vn -0.8449029 0.4878049 -0.219512
vn -0.7473605 0.6271099 -0.2195123
vn -0.6271098 0.7473606 -0.2195123
vn -0.4878048 0.8449029 -0.219512
vn -0.333678 0.9167732 -0.2195128
vn -0.1694128 0.9607882 -0.2195115
vn -0.8649831 0 -0.5018011
vn -0.8518423 -0.1502028 -0.5018006
vn -0.8128185 -0.2958418 -0.5018005
vn -0.749097 -0.4324914 -0.5018016
vn -0.6626157 -0.5560005 -0.5018007
vn -0.5560004 -0.6626157 -0.5018007
vn -0.4324915 -0.7490975 -0.501801
vn -0.2958414 -0.8128179 -0.5018016
vn -0.1502026 -0.8518415 -0.5018021
vn 3.780961e-8 -0.8649831 -0.5018011
vn -0.4197974 0 -0.9076178
vn -0.41342 -0.07289712 -0.9076177
vn -0.3944807 -0.1435792 -0.9076177
vn -0.363555 -0.2098985 -0.9076179
vn -0.3215837 -0.2698407 -0.9076177
vn -0.2698407 -0.3215837 -0.9076177
vn -0.2098987 -0.3635553 -0.9076177
vn -0.1435791 -0.3944804 -0.9076179
vn -0.07289693 -0.4134192 -0.907618
vn 1.834993e-8 -0.4197974 -0.9076178
vn 0.249878 0 -0.9682773
vn 0.2460819 0.04339088 -0.9682773
vn 0.2348085 0.08546332 -0.9682773
vn 0.2164006 0.1249389 -0.9682773
vn 0.1914177 0.1606185 -0.9682773
vn 0.1606185 0.1914177 -0.9682773
vn 0.124939 0.2164007 -0.9682773
vn 0.08546327 0.2348085 -0.9682774
vn 0.04339078 0.2460815 -0.9682773
vn -1.092252e-8 0.249878 -0.9682773
vn 0.5832931 0 -0.8122618
vn 0.5744316 0.1012878 -0.8122618
vn 0.5481161 0.199498 -0.8122618
vn 0.5051465 0.2916465 -0.8122619
vn 0.4468285 0.3749336 -0.8122618
vn 0.3749336 0.4468285 -0.8122618
vn 0.2916465 0.5051467 -0.8122618
vn 0.1994979 0.5481163 -0.8122618
vn 0.1012877 0.5744312 -0.812262
vn -2.549655e-8 0.5832931 -0.8122618
vn 0.7179908 0 -0.6960526
vn 0.7070829 0.1246778 -0.6960527
vn 0.6746905 0.2455673 -0.6960527
vn 0.6217982 0.3589953 -0.6960527
vn 0.5500128 0.4615156 -0.6960527
vn 0.4615155 0.5500129 -0.6960526
vn 0.3589954 0.6217983 -0.6960526
vn 0.2455673 0.6746908 -0.6960526
vn 0.1246777 0.7070827 -0.6960528
vn -3.138437e-8 0.7179908 -0.6960526
vn 0.7816012 0 -0.6237785
vn 0.7697268 0.1357236 -0.6237786
vn 0.7344648 0.2673233 -0.6237785
vn 0.6768864 0.3908006 -0.6237786
vn 0.5987412 0.5024035 -0.6237786
vn 0.5024035 0.5987412 -0.6237786
vn 0.3908005 0.6768864 -0.6237786
vn 0.2673233 0.7344649 -0.6237784
vn 0.1357235 0.7697268 -0.6237786
vn -3.416487e-8 0.7816012 -0.6237785
vn 0.8160241 0 -0.5780179
vn 0.8036268 0.1417011 -0.578018
vn 0.766812 0.2790968 -0.5780177
vn 0.7066976 0.408012 -0.578018
vn 0.6251106 0.5245302 -0.578018
vn 0.5245302 0.6251107 -0.578018
vn 0.408012 0.7066976 -0.578018
vn 0.2790966 0.766812 -0.5780177
vn 0.141701 0.8036268 -0.578018
vn -3.566955e-8 0.8160241 -0.5780179
vn 0.8361257 0 -0.5485378
vn 0.8234231 0.1451917 -0.548538
vn 0.7857014 0.285972 -0.5485374
vn 0.7241061 0.4180629 -0.5485379
vn 0.6405094 0.5374512 -0.5485379
vn 0.5374512 0.6405095 -0.5485379
vn 0.4180628 0.7241061 -0.5485379
vn 0.2859718 0.7857013 -0.5485376
vn 0.1451916 0.8234231 -0.5485379
vn -3.654822e-8 0.8361257 -0.5485378
vn 0.8479977 0 -0.5299999
vn 0.8351147 0.1472533 -0.53
vn 0.7968577 0.2900325 -0.5299992
vn 0.7343875 0.4239988 -0.5299999
vn 0.6496039 0.5450824 -0.53
vn 0.5450824 0.649604 -0.53
vn 0.4239988 0.7343875 -0.5299999
vn 0.2900323 0.7968574 -0.5299997
vn 0.1472532 0.8351147 -0.5299999
vn -3.706716e-8 0.8479977 -0.5299999
vn 0.1502028 -0.8518423 -0.5018006
vn 0.2958418 -0.8128185 -0.5018005
vn 0.4324914 -0.749097 -0.5018016
vn 0.5560005 -0.6626157 -0.5018007
vn 0.6626157 -0.5560004 -0.5018007
vn 0.7490975 -0.4324915 -0.501801
vn 0.8128179 -0.2958414 -0.5018016
vn 0.8518415 -0.1502026 -0.5018021
vn 0.8649831 3.780961e-8 -0.5018011
vn 0.07289712 -0.41342 -0.9076177
vn 0.1435792 -0.3944807 -0.9076177
vn 0.2098985 -0.363555 -0.9076179
vn 0.2698407 -0.3215837 -0.9076177
vn 0.3215837 -0.2698407 -0.9076177
vn 0.3635553 -0.2098987 -0.9076177
vn 0.3944804 -0.1435791 -0.9076179
vn 0.4134192 -0.07289693 -0.907618
vn 0.4197974 1.834993e-8 -0.9076178
vn -0.04339088 0.2460819 -0.9682773
vn -0.08546332 0.2348085 -0.9682773
vn -0.1249389 0.2164006 -0.9682773
vn -0.1606185 0.1914177 -0.9682773
vn -0.1914177 0.1606185 -0.9682773
vn -0.2164007 0.124939 -0.9682773
vn -0.2348085 0.08546327 -0.9682774
vn -0.2460815 0.04339078 -0.9682773
vn -0.249878 -1.092252e-8 -0.9682773
vn -0.1012878 0.5744316 -0.8122618
vn -0.199498 0.5481161 -0.8122618
vn -0.2916465 0.5051465 -0.8122619
vn -0.3749336 0.4468285 -0.8122618
vn -0.4468285 0.3749336 -0.8122618
vn -0.5051467 0.2916465 -0.8122618
vn -0.5481163 0.1994979 -0.8122618
vn -0.5744312 0.1012877 -0.812262
vn -0.5832931 -2.549655e-8 -0.8122618
vn -0.1246778 0.7070829 -0.6960527
vn -0.2455673 0.6746905 -0.6960527
vn -0.3589953 0.6217982 -0.6960527
vn -0.4615156 0.5500128 -0.6960527
vn -0.5500129 0.4615155 -0.6960526
vn -0.6217983 0.3589954 -0.6960526
vn -0.6746908 0.2455673 -0.6960526
vn -0.7070827 0.1246777 -0.6960528
vn -0.7179908 -3.138437e-8 -0.6960526
vn -0.1357236 0.7697268 -0.6237786
vn -0.2673233 0.7344648 -0.6237785
vn -0.3908006 0.6768864 -0.6237786
vn -0.5024035 0.5987412 -0.6237786
vn -0.5987412 0.5024035 -0.6237786
vn -0.6768864 0.3908005 -0.6237786
vn -0.7344649 0.2673233 -0.6237784
vn -0.7697268 0.1357235 -0.6237786
vn -0.7816012 -3.416487e-8 -0.6237785
vn -0.1417011 0.8036268 -0.578018
vn -0.2790968 0.766812 -0.5780177
vn -0.408012 0.7066976 -0.578018
vn -0.5245302 0.6251106 -0.578018
vn -0.6251107 0.5245302 -0.578018
vn -0.7066976 0.408012 -0.578018
vn -0.766812 0.2790966 -0.5780177
vn -0.8036268 0.141701 -0.578018
vn -0.8160241 -3.566955e-8 -0.5780179
vn -0.1451917 0.8234231 -0.548538
vn -0.285972 0.7857014 -0.5485374
vn -0.4180629 0.7241061 -0.5485379
vn -0.5374512 0.6405094 -0.5485379
vn -0.6405095 0.5374512 -0.5485379
vn -0.7241061 0.4180628 -0.5485379
vn -0.7857013 0.2859718 -0.5485376
vn -0.8234231 0.1451916 -0.5485379
vn -0.8361257 -3.654822e-8 -0.5485378
vn -0.1472533 0.8351147 -0.53
vn -0.2900325 0.7968577 -0.5299992
vn -0.4239988 0.7343875 -0.5299999
vn -0.5450824 0.6496039 -0.53
vn -0.649604 0.5450824 -0.53
vn -0.7343875 0.4239988 -0.5299999
vn -0.7968574 0.2900323 -0.5299997
vn -0.8351147 0.1472532 -0.5299999
vn -0.8479977 -3.706716e-8 -0.5299999
vn 0 0.8649831 -0.5018011
vn 0.1502028 0.8518423 -0.5018006
vn 0.2958418 0.8128185 -0.5018005
vn 0.4324914 0.749097 -0.5018016
vn 0.5560005 0.6626157 -0.5018007
vn 0.6626157 0.5560004 -0.5018007
vn 0.7490975 0.4324915 -0.501801
vn 0.8128179 0.2958414 -0.5018016
vn 0.8518415 0.1502026 -0.5018021
vn 0 0.4197974 -0.9076178
vn 0.07289712 0.41342 -0.9076177
vn 0.1435792 0.3944807 -0.9076177
vn 0.2098985 0.363555 -0.9076179
vn 0.2698407 0.3215837 -0.9076177
vn 0.3215837 0.2698407 -0.9076177
vn 0.3635553 0.2098987 -0.9076177
vn 0.3944804 0.1435791 -0.9076179
vn 0.4134192 0.07289693 -0.907618
vn 0 -0.249878 -0.9682773
vn -0.04339088 -0.2460819 -0.9682773
vn -0.08546332 -0.2348085 -0.9682773
vn -0.1249389 -0.2164006 -0.9682773
vn -0.1606185 -0.1914177 -0.9682773
vn -0.1914177 -0.1606185 -0.9682773
vn -0.2164007 -0.124939 -0.9682773
vn -0.2348085 -0.08546327 -0.9682774
vn -0.2460815 -0.04339078 -0.9682773
vn 0 -0.5832931 -0.8122618
vn -0.1012878 -0.5744316 -0.8122618
vn -0.199498 -0.5481161 -0.8122618
vn -0.2916465 -0.5051465 -0.8122619
vn -0.3749336 -0.4468285 -0.8122618
vn -0.4468285 -0.3749336 -0.8122618
vn -0.5051467 -0.2916465 -0.8122618
vn -0.5481163 -0.1994979 -0.8122618
vn -0.5744312 -0.1012877 -0.812262
vn 0 -0.7179908 -0.6960526
vn -0.1246778 -0.7070829 -0.6960527
vn -0.2455673 -0.6746905 -0.6960527
vn -0.3589953 -0.6217982 -0.6960527
vn -0.4615156 -0.5500128 -0.6960527
vn -0.5500129 -0.4615155 -0.6960526
vn -0.6217983 -0.3589954 -0.6960526
vn -0.6746908 -0.2455673 -0.6960526
vn -0.7070827 -0.1246777 -0.6960528
vn 0 -0.7816012 -0.6237785
vn -0.1357236 -0.7697268 -0.6237786
vn -0.2673233 -0.7344648 -0.6237785
vn -0.3908006 -0.6768864 -0.6237786
vn -0.5024035 -0.5987412 -0.6237786
vn -0.5987412 -0.5024035 -0.6237786
vn -0.6768864 -0.3908005 -0.6237786
vn -0.7344649 -0.2673233 -0.6237784
vn -0.7697268 -0.1357235 -0.6237786
vn 0 -0.8160241 -0.5780179
vn -0.1417011 -0.8036268 -0.578018
vn -0.2790968 -0.766812 -0.5780177
vn -0.408012 -0.7066976 -0.578018
vn -0.5245302 -0.6251106 -0.578018
vn -0.6251107 -0.5245302 -0.578018
vn -0.7066976 -0.408012 -0.578018
vn -0.766812 -0.2790966 -0.5780177
vn -0.8036268 -0.141701 -0.578018
vn 0 -0.8361257 -0.5485378
vn -0.1451917 -0.8234231 -0.548538
vn -0.285972 -0.7857014 -0.5485374
vn -0.4180629 -0.7241061 -0.5485379
vn -0.5374512 -0.6405094 -0.5485379
vn -0.6405095 -0.5374512 -0.5485379
vn -0.7241061 -0.4180628 -0.5485379
vn -0.7857013 -0.2859718 -0.5485376
vn -0.8234231 -0.1451916 -0.5485379
vn 0 -0.8479977 -0.5299999
vn -0.1472533 -0.8351147 -0.53
vn -0.2900325 -0.7968577 -0.5299992
vn -0.4239988 -0.7343875 -0.5299999
vn -0.5450824 -0.6496039 -0.53
vn -0.649604 -0.5450824 -0.53
vn -0.7343875 -0.4239988 -0.5299999
vn -0.7968574 -0.2900323 -0.5299997
vn -0.8351147 -0.1472532 -0.5299999
vn -0.8518423 0.1502028 -0.5018006
vn -0.8128185 0.2958418 -0.5018005
vn -0.749097 0.4324914 -0.5018016
vn -0.6626157 0.5560005 -0.5018007
vn -0.5560004 0.6626157 -0.5018007
vn -0.4324915 0.7490975 -0.501801
vn -0.2958414 0.8128179 -0.5018016
vn -0.1502026 0.8518415 -0.5018021
vn -0.41342 0.07289712 -0.9076177
vn -0.3944807 0.1435792 -0.9076177
vn -0.363555 0.2098985 -0.9076179
vn -0.3215837 0.2698407 -0.9076177
vn -0.2698407 0.3215837 -0.9076177
vn -0.2098987 0.3635553 -0.9076177
vn -0.1435791 0.3944804 -0.9076179
vn -0.07289693 0.4134192 -0.907618
vn 0.2460819 -0.04339088 -0.9682773
vn 0.2348085 -0.08546332 -0.9682773
vn 0.2164006 -0.1249389 -0.9682773
vn 0.1914177 -0.1606185 -0.9682773
vn 0.1606185 -0.1914177 -0.9682773
vn 0.124939 -0.2164007 -0.9682773
vn 0.08546327 -0.2348085 -0.9682774
vn 0.04339078 -0.2460815 -0.9682773
vn 0.5744316 -0.1012878 -0.8122618
vn 0.5481161 -0.199498 -0.8122618
vn 0.5051465 -0.2916465 -0.8122619
vn 0.4468285 -0.3749336 -0.8122618
vn 0.3749336 -0.4468285 -0.8122618
vn 0.2916465 -0.5051467 -0.8122618
vn 0.1994979 -0.5481163 -0.8122618
vn 0.1012877 -0.5744312 -0.812262
vn 0.7070829 -0.1246778 -0.6960527
vn 0.6746905 -0.2455673 -0.6960527
vn 0.6217982 -0.3589953 -0.6960527
vn 0.5500128 -0.4615156 -0.6960527
vn 0.4615155 -0.5500129 -0.6960526
vn 0.3589954 -0.6217983 -0.6960526
vn 0.2455673 -0.6746908 -0.6960526
vn 0.1246777 -0.7070827 -0.6960528
vn 0.7697268 -0.1357236 -0.6237786
vn 0.7344648 -0.2673233 -0.6237785
vn 0.6768864 -0.3908006 -0.6237786
vn 0.5987412 -0.5024035 -0.6237786
vn 0.5024035 -0.5987412 -0.6237786
vn 0.3908005 -0.6768864 -0.6237786
vn 0.2673233 -0.7344649 -0.6237784
vn 0.1357235 -0.7697268 -0.6237786
vn 0.8036268 -0.1417011 -0.578018
vn 0.766812 -0.2790968 -0.5780177
vn 0.7066976 -0.408012 -0.578018
vn 0.6251106 -0.5245302 -0.578018
vn 0.5245302 -0.6251107 -0.578018
vn 0.408012 -0.7066976 -0.578018
vn 0.2790966 -0.766812 -0.5780177
vn 0.141701 -0.8036268 -0.578018
vn 0.8234231 -0.1451917 -0.548538
vn 0.7857014 -0.285972 -0.5485374
vn 0.7241061 -0.4180629 -0.5485379
vn 0.6405094 -0.5374512 -0.5485379
vn 0.5374512 -0.6405095 -0.5485379
vn 0.4180628 -0.7241061 -0.5485379
vn 0.2859718 -0.7857013 -0.5485376
vn 0.1451916 -0.8234231 -0.5485379
vn 0.8351147 -0.1472533 -0.53
vn 0.7968577 -0.2900325 -0.5299992
vn 0.7343875 -0.4239988 -0.5299999
vn 0.6496039 -0.5450824 -0.53
vn 0.5450824 -0.649604 -0.53
vn 0.4239988 -0.7343875 -0.5299999
vn 0.2900323 -0.7968574 -0.5299997
vn 0.1472532 -0.8351147 -0.5299999
vn 0.459374 0 -0.8882429
vn 0.4523951 0.07976945 -0.8882429
vn 0.4316703 0.1571152 -0.888243
vn 0.3978295 0.229687 -0.8882429
vn 0.3519009 0.2952799 -0.8882429
vn 0.2952799 0.3519009 -0.8882429
vn 0.229687 0.3978295 -0.8882429
vn 0.1571151 0.4316703 -0.8882429
vn 0.07976944 0.4523952 -0.8882429
vn -2.007988e-8 0.459374 -0.8882429
vn 0.3144516 0 -0.9492735
vn 0.3096744 0.05460397 -0.9492736
vn 0.2954879 0.1075488 -0.9492735
vn 0.2723231 0.1572258 -0.9492735
vn 0.2408839 0.2021256 -0.9492735
vn 0.2021256 0.2408839 -0.9492735
vn 0.1572258 0.2723231 -0.9492735
vn 0.1075487 0.2954879 -0.9492735
vn 0.05460395 0.3096744 -0.9492736
vn -1.374512e-8 0.3144516 -0.9492735
vn 0.2415207 0 -0.9703957
vn 0.2378515 0.04193965 -0.9703957
vn 0.2269552 0.08260494 -0.9703957
vn 0.2091631 0.1207604 -0.9703957
vn 0.1850156 0.1552466 -0.9703957
vn 0.1552465 0.1850157 -0.9703957
vn 0.1207604 0.2091631 -0.9703957
vn 0.08260494 0.2269553 -0.9703957
vn 0.04193962 0.2378515 -0.9703957
vn -1.055721e-8 0.2415207 -0.9703957
vn 0.1942284 0 -0.9809563
vn 0.1912777 0.03372743 -0.9809563
vn 0.182515 0.06643003 -0.9809563
vn 0.1682068 0.09711424 -0.9809563
vn 0.1487876 0.1248476 -0.9809563
vn 0.1248476 0.1487876 -0.9809563
vn 0.09711421 0.1682068 -0.9809563
vn 0.06643002 0.182515 -0.9809563
vn 0.0337274 0.1912777 -0.9809563
vn -8.489995e-9 0.1942284 -0.9809563
vn 0.1574003 0 -0.9875349
vn 0.155009 0.02733228 -0.9875349
vn 0.1479079 0.05383408 -0.9875349
vn 0.1363127 0.07870016 -0.9875348
vn 0.1205756 0.101175 -0.9875348
vn 0.101175 0.1205756 -0.9875349
vn 0.07870015 0.1363127 -0.9875348
vn 0.05383406 0.1479079 -0.9875349
vn 0.02733226 0.155009 -0.9875349
vn -6.880187e-9 0.1574003 -0.9875349
vn 0.1241353 0 -0.9922653
vn 0.1222495 0.02155588 -0.9922653
vn 0.1166491 0.04245679 -0.9922653
vn 0.1075044 0.06206768 -0.9922653
vn 0.09509321 0.07979268 -0.9922653
vn 0.07979267 0.09509321 -0.9922653
vn 0.06206767 0.1075044 -0.9922653
vn 0.04245678 0.1166491 -0.9922653
vn 0.02155587 0.1222494 -0.9922653
vn -5.426129e-9 0.1241353 -0.9922653
vn 0.0899797 0 -0.9959436
vn 0.08861271 0.01562481 -0.9959436
vn 0.08455327 0.03077487 -0.9959437
vn 0.07792471 0.04498985 -0.9959436
vn 0.06892845 0.05783784 -0.9959437
vn 0.05783783 0.06892845 -0.9959437
vn 0.04498985 0.07792471 -0.9959437
vn 0.03077486 0.08455326 -0.9959437
vn 0.01562481 0.08861272 -0.9959437
vn -3.933138e-9 0.0899797 -0.9959436
vn 0.05062065 0 -0.9987179
vn 0.04985161 0.008790184 -0.9987179
vn 0.04756786 0.01731328 -0.9987179
vn 0.04383877 0.02531032 -0.9987179
vn 0.03877767 0.03253833 -0.9987179
vn 0.03253832 0.03877767 -0.9987179
vn 0.02531032 0.04383877 -0.9987179
vn 0.01731328 0.04756785 -0.9987179
vn 0.00879018 0.04985161 -0.9987179
vn -2.212699e-9 0.05062065 -0.9987179
vn 0 0 -1
vn -0.07976945 0.4523951 -0.8882429
vn -0.1571152 0.4316703 -0.888243
vn -0.229687 0.3978295 -0.8882429
vn -0.2952799 0.3519009 -0.8882429
vn -0.3519009 0.2952799 -0.8882429
vn -0.3978295 0.229687 -0.8882429
vn -0.4316703 0.1571151 -0.8882429
vn -0.4523952 0.07976944 -0.8882429
vn -0.459374 -2.007988e-8 -0.8882429
vn -0.05460397 0.3096744 -0.9492736
vn -0.1075488 0.2954879 -0.9492735
vn -0.1572258 0.2723231 -0.9492735
vn -0.2021256 0.2408839 -0.9492735
vn -0.2408839 0.2021256 -0.9492735
vn -0.2723231 0.1572258 -0.9492735
vn -0.2954879 0.1075487 -0.9492735
vn -0.3096744 0.05460395 -0.9492736
vn -0.3144516 -1.374512e-8 -0.9492735
vn -0.04193965 0.2378515 -0.9703957
vn -0.08260494 0.2269552 -0.9703957
vn -0.1207604 0.2091631 -0.9703957
vn -0.1552466 0.1850156 -0.9703957
vn -0.1850157 0.1552465 -0.9703957
vn -0.2091631 0.1207604 -0.9703957
vn -0.2269553 0.08260494 -0.9703957
vn -0.2378515 0.04193962 -0.9703957
vn -0.2415207 -1.055721e-8 -0.9703957
vn -0.03372743 0.1912777 -0.9809563
vn -0.06643003 0.182515 -0.9809563
vn -0.09711424 0.1682068 -0.9809563
vn -0.1248476 0.1487876 -0.9809563
vn -0.1487876 0.1248476 -0.9809563
vn -0.1682068 0.09711421 -0.9809563
vn -0.182515 0.06643002 -0.9809563
vn -0.1912777 0.0337274 -0.9809563
vn -0.1942284 -8.489995e-9 -0.9809563
vn -0.02733228 0.155009 -0.9875349
vn -0.05383408 0.1479079 -0.9875349
vn -0.07870016 0.1363127 -0.9875348
vn -0.101175 0.1205756 -0.9875348
vn -0.1205756 0.101175 -0.9875349
vn -0.1363127 0.07870015 -0.9875348
vn -0.1479079 0.05383406 -0.9875349
vn -0.155009 0.02733226 -0.9875349
vn -0.1574003 -6.880187e-9 -0.9875349
vn -0.02155588 0.1222495 -0.9922653
vn -0.04245679 0.1166491 -0.9922653
vn -0.06206768 0.1075044 -0.9922653
vn -0.07979268 0.09509321 -0.9922653
vn -0.09509321 0.07979267 -0.9922653
vn -0.1075044 0.06206767 -0.9922653
vn -0.1166491 0.04245678 -0.9922653
vn -0.1222494 0.02155587 -0.9922653
vn -0.1241353 -5.426129e-9 -0.9922653
vn -0.01562481 0.08861271 -0.9959436
vn -0.03077487 0.08455327 -0.9959437
vn -0.04498985 0.07792471 -0.9959436
vn -0.05783784 0.06892845 -0.9959437
vn -0.06892845 0.05783783 -0.9959437
vn -0.07792471 0.04498985 -0.9959437
vn -0.08455326 0.03077486 -0.9959437
vn -0.08861272 0.01562481 -0.9959437
vn -0.0899797 -3.933138e-9 -0.9959436
vn -0.008790184 0.04985161 -0.9987179
vn -0.01731328 0.04756786 -0.9987179
vn -0.02531032 0.04383877 -0.9987179
vn -0.03253833 0.03877767 -0.9987179
vn -0.03877767 0.03253832 -0.9987179
vn -0.04383877 0.02531032 -0.9987179
vn -0.04756785 0.01731328 -0.9987179
vn -0.04985161 0.00879018 -0.9987179
vn -0.05062065 -2.212699e-9 -0.9987179
vn 0 -0.459374 -0.8882429
vn -0.07976945 -0.4523951 -0.8882429
vn -0.1571152 -0.4316703 -0.888243
vn -0.229687 -0.3978295 -0.8882429
vn -0.2952799 -0.3519009 -0.8882429
vn -0.3519009 -0.2952799 -0.8882429
vn -0.3978295 -0.229687 -0.8882429
vn -0.4316703 -0.1571151 -0.8882429
vn -0.4523952 -0.07976944 -0.8882429
vn 0 -0.3144516 -0.9492735
vn -0.05460397 -0.3096744 -0.9492736
vn -0.1075488 -0.2954879 -0.9492735
vn -0.1572258 -0.2723231 -0.9492735
vn -0.2021256 -0.2408839 -0.9492735
vn -0.2408839 -0.2021256 -0.9492735
vn -0.2723231 -0.1572258 -0.9492735
vn -0.2954879 -0.1075487 -0.9492735
vn -0.3096744 -0.05460395 -0.9492736
vn 0 -0.2415207 -0.9703957
vn -0.04193965 -0.2378515 -0.9703957
vn -0.08260494 -0.2269552 -0.9703957
vn -0.1207604 -0.2091631 -0.9703957
vn -0.1552466 -0.1850156 -0.9703957
vn -0.1850157 -0.1552465 -0.9703957
vn -0.2091631 -0.1207604 -0.9703957
vn -0.2269553 -0.08260494 -0.9703957
vn -0.2378515 -0.04193962 -0.9703957
vn 0 -0.1942284 -0.9809563
vn -0.03372743 -0.1912777 -0.9809563
vn -0.06643003 -0.182515 -0.9809563
vn -0.09711424 -0.1682068 -0.9809563
vn -0.1248476 -0.1487876 -0.9809563
vn -0.1487876 -0.1248476 -0.9809563
vn -0.1682068 -0.09711421 -0.9809563
vn -0.182515 -0.06643002 -0.9809563
vn -0.1912777 -0.0337274 -0.9809563
vn 0 -0.1574003 -0.9875349
vn -0.02733228 -0.155009 -0.9875349
vn -0.05383408 -0.1479079 -0.9875349
vn -0.07870016 -0.1363127 -0.9875348
vn -0.101175 -0.1205756 -0.9875348
vn -0.1205756 -0.101175 -0.9875349
vn -0.1363127 -0.07870015 -0.9875348
vn -0.1479079 -0.05383406 -0.9875349
vn -0.155009 -0.02733226 -0.9875349
vn 0 -0.1241353 -0.9922653
vn -0.02155588 -0.1222495 -0.9922653
vn -0.04245679 -0.1166491 -0.9922653
vn -0.06206768 -0.1075044 -0.9922653
vn -0.07979268 -0.09509321 -0.9922653
vn -0.09509321 -0.07979267 -0.9922653
vn -0.1075044 -0.06206767 -0.9922653
vn -0.1166491 -0.04245678 -0.9922653
vn -0.1222494 -0.02155587 -0.9922653
vn 0 -0.0899797 -0.9959436
vn -0.01562481 -0.08861271 -0.9959436
vn -0.03077487 -0.08455327 -0.9959437
vn -0.04498985 -0.07792471 -0.9959436
vn -0.05783784 -0.06892845 -0.9959437
vn -0.06892845 -0.05783783 -0.9959437
vn -0.07792471 -0.04498985 -0.9959437
vn -0.08455326 -0.03077486 -0.9959437
vn -0.08861272 -0.01562481 -0.9959437
vn 0 -0.05062065 -0.9987179
vn -0.008790184 -0.04985161 -0.9987179
vn -0.01731328 -0.04756786 -0.9987179
vn -0.02531032 -0.04383877 -0.9987179
vn -0.03253833 -0.03877767 -0.9987179
vn -0.03877767 -0.03253832 -0.9987179
vn -0.04383877 -0.02531032 -0.9987179
vn -0.04756785 -0.01731328 -0.9987179
vn -0.04985161 -0.00879018 -0.9987179
vn 0.4523951 -0.07976945 -0.8882429
vn 0.4316703 -0.1571152 -0.888243
vn 0.3978295 -0.229687 -0.8882429
vn 0.3519009 -0.2952799 -0.8882429
vn 0.2952799 -0.3519009 -0.8882429
vn 0.229687 -0.3978295 -0.8882429
vn 0.1571151 -0.4316703 -0.8882429
vn 0.07976944 -0.4523952 -0.8882429
vn 0.3096744 -0.05460397 -0.9492736
vn 0.2954879 -0.1075488 -0.9492735
vn 0.2723231 -0.1572258 -0.9492735
vn 0.2408839 -0.2021256 -0.9492735
vn 0.2021256 -0.2408839 -0.9492735
vn 0.1572258 -0.2723231 -0.9492735
vn 0.1075487 -0.2954879 -0.9492735
vn 0.05460395 -0.3096744 -0.9492736
vn 0.2378515 -0.04193965 -0.9703957
vn 0.2269552 -0.08260494 -0.9703957
vn 0.2091631 -0.1207604 -0.9703957
vn 0.1850156 -0.1552466 -0.9703957
vn 0.1552465 -0.1850157 -0.9703957
vn 0.1207604 -0.2091631 -0.9703957
vn 0.08260494 -0.2269553 -0.9703957
vn 0.04193962 -0.2378515 -0.9703957
vn 0.1912777 -0.03372743 -0.9809563
vn 0.182515 -0.06643003 -0.9809563
vn 0.1682068 -0.09711424 -0.9809563
vn 0.1487876 -0.1248476 -0.9809563
vn 0.1248476 -0.1487876 -0.9809563
vn 0.09711421 -0.1682068 -0.9809563
vn 0.06643002 -0.182515 -0.9809563
vn 0.0337274 -0.1912777 -0.9809563
vn 0.155009 -0.02733228 -0.9875349
vn 0.1479079 -0.05383408 -0.9875349
vn 0.1363127 -0.07870016 -0.9875348
vn 0.1205756 -0.101175 -0.9875348
vn 0.101175 -0.1205756 -0.9875349
vn 0.07870015 -0.1363127 -0.9875348
vn 0.05383406 -0.1479079 -0.9875349
vn 0.02733226 -0.155009 -0.9875349
vn 0.1222495 -0.02155588 -0.9922653
vn 0.1166491 -0.04245679 -0.9922653
vn 0.1075044 -0.06206768 -0.9922653
vn 0.09509321 -0.07979268 -0.9922653
vn 0.07979267 -0.09509321 -0.9922653
vn 0.06206767 -0.1075044 -0.9922653
vn 0.04245678 -0.1166491 -0.9922653
vn 0.02155587 -0.1222494 -0.9922653
vn 0.08861271 -0.01562481 -0.9959436
vn 0.08455327 -0.03077487 -0.9959437
vn 0.07792471 -0.04498985 -0.9959436
vn 0.06892845 -0.05783784 -0.9959437
vn 0.05783783 -0.06892845 -0.9959437
vn 0.04498985 -0.07792471 -0.9959437
vn 0.03077486 -0.08455326 -0.9959437
vn 0.01562481 -0.08861272 -0.9959437
vn 0.04985161 -0.008790184 -0.9987179
vn 0.04756786 -0.01731328 -0.9987179
vn 0.04383877 -0.02531032 -0.9987179
vn 0.03877767 -0.03253833 -0.9987179
vn 0.03253832 -0.03877767 -0.9987179
vn 0.02531032 -0.04383877 -0.9987179
vn 0.01731328 -0.04756785 -0.9987179
vn 0.00879018 -0.04985161 -0.9987179

vt 0.125 0.731212
vt 0.1380208 0.7311871
vt 0.1510417 0.7311174
vt 0.1640625 0.7310081
vt 0.1770833 0.730864
vt 0.1901042 0.7306921
vt 0.203125 0.7305053
vt 0.2161458 0.7303262
vt 0.2291667 0.7301887
vt 0.2421875 0.7301342
vt 0.125 0.7143347
vt 0.1380208 0.7142831
vt 0.1510417 0.714139
vt 0.1640625 0.713913
vt 0.1770833 0.7136149
vt 0.1901042 0.7132594
vt 0.203125 0.712873
vt 0.2161458 0.7125025
vt 0.2291667 0.7122183
vt 0.2421875 0.7121056
vt 0.125 0.6990741
vt 0.1380208 0.6989976
vt 0.1510417 0.6987836
vt 0.1640625 0.6984484
vt 0.1770833 0.6980063
vt 0.1901042 0.6974788
vt 0.203125 0.6969056
vt 0.2161458 0.6963561
vt 0.2291667 0.6959344
vt 0.2421875 0.6957672
vt 0.125 0.6851362
vt 0.1380208 0.6850399
vt 0.1510417 0.6847705
vt 0.1640625 0.6843483
vt 0.1770833 0.6837916
vt 0.1901042 0.6831274
vt 0.203125 0.6824055
vt 0.2161458 0.6817135
vt 0.2291667 0.6811826
vt 0.2421875 0.680972
vt 0.125 0.6722271
vt 0.1380208 0.6721195
vt 0.1510417 0.6718184
vt 0.1640625 0.6713466
vt 0.1770833 0.6707243
vt 0.1901042 0.669982
vt 0.203125 0.6691752
vt 0.2161458 0.6684017
vt 0.2291667 0.6678084
vt 0.2421875 0.667573
vt 0.125 0.6600529
vt 0.1380208 0.6599458
vt 0.1510417 0.6596463
vt 0.1640625 0.659177
vt 0.1770833 0.658558
vt 0.1901042 0.6578196
vt 0.203125 0.6570171
vt 0.2161458 0.6562476
vt 0.2291667 0.6556574
vt 0.2421875 0.6554233
vt 0.125 0.6483196
vt 0.1380208 0.6482284
vt 0.1510417 0.6479732
vt 0.1640625 0.6475735
vt 0.1770833 0.6470462
vt 0.1901042 0.6464171
vt 0.203125 0.6457335
vt 0.2161458 0.6450781
vt 0.2291667 0.6445753
vt 0.2421875 0.6443759
vt 0.125 0.6367333
vt 0.1380208 0.6366767
vt 0.1510417 0.6365182
vt 0.1640625 0.6362699
vt 0.1770833 0.6359423
vt 0.1901042 0.6355516
vt 0.203125 0.6351271
vt 0.2161458 0.63472
vt 0.2291667 0.6344076
vt 0.2421875 0.6342838
vt 0.125 0.625
vt 0.1380208 0.625
vt 0.1510417 0.625
vt 0.1640625 0.625
vt 0.1770833 0.625
vt 0.1901042 0.625
vt 0.203125 0.625
vt 0.2161458 0.625
vt 0.2291667 0.625
vt 0.2421875 0.625
vt 0.125 0.7438849
vt 0.1380208 0.7442904
vt 0.1510417 0.7443315
vt 0.1578538 0.7441279
vt 0.1640625 0.7439335
vt 0.1770833 0.7430883
vt 0.1901042 0.7418005
vt 0.1998271 0.7406456
vt 0.203125 0.7402868
vt 0.2161458 0.7387866
vt 0.2291667 0.7374246
vt 0.2421875 0.7363554
vt 0.125 0.7448795
vt 0.125 0.7458742
vt 0.125 0.7468689
vt 0.1380208 0.745285
vt 0.1380208 0.7462797
vt 0.1380208 0.7472744
vt 0.1510417 0.7453261
vt 0.1510417 0.7463208
vt 0.1510417 0.7473155
vt 0.1578538 0.7451226
vt 0.1578538 0.7461172
vt 0.1578538 0.7471119
vt 0.1640625 0.7449281
vt 0.1640625 0.7459228
vt 0.1640625 0.7469175
vt 0.1770833 0.7440829
vt 0.1770833 0.7450776
vt 0.1770833 0.7460723
vt 0.1901042 0.7427952
vt 0.1901042 0.7437899
vt 0.1901042 0.7447845
vt 0.1998271 0.7416403
vt 0.1998272 0.742635
vt 0.1998271 0.7436296
vt 0.203125 0.7412814
vt 0.203125 0.7422761
vt 0.203125 0.7432708
vt 0.2161458 0.7397813
vt 0.2161458 0.7407759
vt 0.2161458 0.7417706
vt 0.2291667 0.7384192
vt 0.2291667 0.7394139
vt 0.2291667 0.7404085
vt 0.2421875 0.73735
vt 0.2421875 0.7383447
vt 0.2421875 0.7393394
vt 0.1119792 0.7311871
vt 0.09895833 0.7311174
vt 0.0859375 0.7310081
vt 0.07291667 0.730864
vt 0.05989583 0.7306921
vt 0.046875 0.7305053
vt 0.03385416 0.7303262
vt 0.02083334 0.7301887
vt 0.0078125 0.7301342
vt 0.1119792 0.7142831
vt 0.09895833 0.714139
vt 0.0859375 0.713913
vt 0.07291667 0.7136149
vt 0.05989583 0.7132594
vt 0.046875 0.712873
vt 0.03385416 0.7125025
vt 0.02083334 0.7122183
vt 0.0078125 0.7121056
vt 0.1119792 0.6989976
vt 0.09895833 0.6987836
vt 0.0859375 0.6984484
vt 0.07291667 0.6980063
vt 0.05989583 0.6974788
vt 0.046875 0.6969056
vt 0.03385416 0.6963561
vt 0.02083334 0.6959344
vt 0.0078125 0.6957672
vt 0.1119792 0.6850399
vt 0.09895833 0.6847705
vt 0.0859375 0.6843483
vt 0.07291667 0.6837916
vt 0.05989583 0.6831274
vt 0.046875 0.6824055
vt 0.03385416 0.6817135
vt 0.02083334 0.6811826
vt 0.0078125 0.680972
vt 0.1119792 0.6721195
vt 0.09895833 0.6718184
vt 0.0859375 0.6713466
vt 0.07291667 0.6707243
vt 0.05989583 0.669982
vt 0.046875 0.6691752
vt 0.03385416 0.6684017
vt 0.02083334 0.6678084
vt 0.0078125 0.667573
vt 0.1119792 0.6599458
vt 0.09895833 0.6596463
vt 0.0859375 0.659177
vt 0.07291667 0.658558
vt 0.05989583 0.6578196
vt 0.046875 0.6570171
vt 0.03385416 0.6562476
vt 0.02083334 0.6556574
vt 0.0078125 0.6554233
vt 0.1119792 0.6482284
vt 0.09895833 0.6479732
vt 0.0859375 0.6475735
vt 0.07291667 0.6470462
vt 0.05989583 0.6464171
vt 0.046875 0.6457335
vt 0.03385416 0.6450781
vt 0.02083334 0.6445753
vt 0.0078125 0.6443759
vt 0.1119792 0.6366767
vt 0.09895833 0.6365182
vt 0.0859375 0.6362699
vt 0.07291667 0.6359423
vt 0.05989583 0.6355516
vt 0.046875 0.6351271
vt 0.03385416 0.63472
vt 0.02083334 0.6344076
vt 0.0078125 0.6342838
vt 0.1119792 0.625
vt 0.09895833 0.625
vt 0.0859375 0.625
vt 0.07291667 0.625
vt 0.05989583 0.625
vt 0.046875 0.625
vt 0.03385416 0.625
vt 0.02083334 0.625
vt 0.0078125 0.625
vt 0.1119792 0.7442904
vt 0.09895833 0.7443315
vt 0.09214616 0.7441279
vt 0.0859375 0.7439335
vt 0.07291667 0.7430883
vt 0.05989583 0.7418005
vt 0.05017285 0.7406456
vt 0.046875 0.7402868
vt 0.03385416 0.7387866
vt 0.02083334 0.7374246
vt 0.0078125 0.7363554
vt 0.1119792 0.745285
vt 0.1119792 0.7462797
vt 0.1119792 0.7472744
vt 0.09895834 0.7453261
vt 0.09895833 0.7463208
vt 0.09895833 0.7473155
vt 0.09214616 0.7451226
vt 0.09214616 0.7461172
vt 0.09214616 0.7471119
vt 0.0859375 0.7449281
vt 0.0859375 0.7459228
vt 0.0859375 0.7469175
vt 0.07291669 0.7440829
vt 0.07291667 0.7450776
vt 0.07291667 0.7460723
vt 0.05989584 0.7427952
vt 0.05989583 0.7437899
vt 0.05989583 0.7447845
vt 0.05017285 0.7416403
vt 0.05017284 0.742635
vt 0.05017285 0.7436296
vt 0.046875 0.7412814
vt 0.046875 0.7422761
vt 0.046875 0.7432708
vt 0.03385416 0.7397813
vt 0.03385416 0.7407759
vt 0.03385416 0.7417706
vt 0.02083334 0.7384192
vt 0.02083334 0.7394139
vt 0.02083334 0.7404085
vt 0.0078125 0.73735
vt 0.0078125 0.7383447
vt 0.0078125 0.7393394
vt 0.125 0.6139489
vt 0.1380208 0.6140079
vt 0.1510417 0.6141731
vt 0.1640625 0.614431
vt 0.1770833 0.6147695
vt 0.1901042 0.6151693
vt 0.203125 0.6155976
vt 0.2161458 0.6160012
vt 0.2291667 0.6163057
vt 0.2421875 0.6164252
vt 0.125 0.6026108
vt 0.1380208 0.6026971
vt 0.1510417 0.6029384
vt 0.1640625 0.6033148
vt 0.1770833 0.6038073
vt 0.1901042 0.6043876
vt 0.203125 0.6050077
vt 0.2161458 0.6055909
vt 0.2291667 0.6060302
vt 0.2421875 0.6062025
vt 0.125 0.5909087
vt 0.1380208 0.590998
vt 0.1510417 0.591247
vt 0.1640625 0.5916342
vt 0.1770833 0.5921391
vt 0.1901042 0.5927318
vt 0.203125 0.5933627
vt 0.2161458 0.5939543
vt 0.2291667 0.5943989
vt 0.2421875 0.594573
vt 0.125 0.5787658
vt 0.1380208 0.5788409
vt 0.1510417 0.5790495
vt 0.1640625 0.5793724
vt 0.1770833 0.5797908
vt 0.1901042 0.5802789
vt 0.203125 0.5807951
vt 0.2161458 0.5812764
vt 0.2291667 0.5816368
vt 0.2421875 0.5817776
vt 0.125 0.5661053
vt 0.1380208 0.5661561
vt 0.1510417 0.5662968
vt 0.1640625 0.5665123
vt 0.1770833 0.5667883
vt 0.1901042 0.5671058
vt 0.203125 0.5674372
vt 0.2161458 0.5677426
vt 0.2291667 0.5679693
vt 0.2421875 0.5680574
vt 0.125 0.5528503
vt 0.1380208 0.5528743
vt 0.1510417 0.5529397
vt 0.1640625 0.553037
vt 0.1770833 0.5531571
vt 0.1901042 0.5532894
vt 0.203125 0.5534213
vt 0.2161458 0.5535378
vt 0.2291667 0.5536216
vt 0.2421875 0.5536535
vt 0.125 0.538924
vt 0.1380208 0.5389258
vt 0.1510417 0.5389289
vt 0.1640625 0.5389295
vt 0.1770833 0.5389231
vt 0.1901042 0.5389066
vt 0.203125 0.5388799
vt 0.2161458 0.5388474
vt 0.2291667 0.538819
vt 0.2421875 0.538807
vt 0.125 0.5242496
vt 0.1380208 0.5242409
vt 0.1510417 0.5242155
vt 0.1640625 0.5241728
vt 0.1770833 0.5241122
vt 0.1901042 0.5240345
vt 0.203125 0.5239453
vt 0.2161458 0.5238564
vt 0.2291667 0.5237867
vt 0.2421875 0.5237588
vt 0.2421875 0.5158831
vt 0.2291667 0.5163887
vt 0.2161458 0.5161092
vt 0.2069595 0.5160322
vt 0.203125 0.5157634
vt 0.1901042 0.5148516
vt 0.1777494 0.5141363
vt 0.1770833 0.5140284
vt 0.1640625 0.5124428
vt 0.1510417 0.5116608
vt 0.1500873 0.5116504
vt 0.1380208 0.5109156
vt 0.125 0.5111024
vt 0.2421875 0.5148584
vt 0.2421875 0.5138337
vt 0.2421875 0.512809
vt 0.2291667 0.5153639
vt 0.2291667 0.5143393
vt 0.2291667 0.5133145
vt 0.2161458 0.5150845
vt 0.2161458 0.5140598
vt 0.2161458 0.5130351
vt 0.2069595 0.5150074
vt 0.2069595 0.5139827
vt 0.2069595 0.512958
vt 0.203125 0.5147387
vt 0.203125 0.513714
vt 0.203125 0.5126892
vt 0.1901042 0.5138268
vt 0.1901042 0.5128021
vt 0.1901042 0.5117774
vt 0.1777494 0.5131116
vt 0.1777494 0.5120869
vt 0.1777494 0.5110621
vt 0.1770833 0.5130036
vt 0.1770833 0.5119789
vt 0.1770833 0.5109542
vt 0.1640625 0.5114181
vt 0.1640625 0.5103934
vt 0.1640625 0.5093687
vt 0.1510417 0.510636
vt 0.1510417 0.5096113
vt 0.1510417 0.5085866
vt 0.1500873 0.5106257
vt 0.1500873 0.509601
vt 0.1500873 0.5085763
vt 0.1380208 0.5098909
vt 0.1380208 0.5088662
vt 0.1380208 0.5078415
vt 0.125 0.5100777
vt 0.125 0.5090529
vt 0.125 0.5080282
vt 0.1119792 0.6140079
vt 0.09895833 0.6141731
vt 0.0859375 0.614431
vt 0.07291667 0.6147695
vt 0.05989583 0.6151693
vt 0.046875 0.6155976
vt 0.03385416 0.6160012
vt 0.02083334 0.6163057
vt 0.0078125 0.6164252
vt 0.1119792 0.6026971
vt 0.09895833 0.6029384
vt 0.0859375 0.6033148
vt 0.07291667 0.6038073
vt 0.05989583 0.6043876
vt 0.046875 0.6050077
vt 0.03385416 0.6055909
vt 0.02083334 0.6060302
vt 0.0078125 0.6062025
vt 0.1119792 0.590998
vt 0.09895833 0.591247
vt 0.0859375 0.5916342
vt 0.07291667 0.5921391
vt 0.05989583 0.5927318
vt 0.046875 0.5933627
vt 0.03385416 0.5939543
vt 0.02083334 0.5943989
vt 0.0078125 0.594573
vt 0.1119792 0.5788409
vt 0.09895833 0.5790495
vt 0.0859375 0.5793724
vt 0.07291667 0.5797908
vt 0.05989583 0.5802789
vt 0.046875 0.5807951
vt 0.03385416 0.5812764
vt 0.02083334 0.5816368
vt 0.0078125 0.5817776
vt 0.1119792 0.5661561
vt 0.09895833 0.5662968
vt 0.0859375 0.5665123
vt 0.07291667 0.5667883
vt 0.05989583 0.5671058
vt 0.046875 0.5674372
vt 0.03385416 0.5677426
vt 0.02083334 0.5679693
vt 0.0078125 0.5680574
vt 0.1119792 0.5528743
vt 0.09895833 0.5529397
vt 0.0859375 0.553037
vt 0.07291667 0.5531571
vt 0.05989583 0.5532894
vt 0.046875 0.5534213
vt 0.03385416 0.5535378
vt 0.02083334 0.5536216
vt 0.0078125 0.5536535
vt 0.1119792 0.5389258
vt 0.09895833 0.5389289
vt 0.0859375 0.5389295
vt 0.07291667 0.5389231
vt 0.05989583 0.5389066
vt 0.046875 0.5388799
vt 0.03385416 0.5388474
vt 0.02083334 0.538819
vt 0.0078125 0.538807
vt 0.1119792 0.5242409
vt 0.09895833 0.5242155
vt 0.0859375 0.5241728
vt 0.07291667 0.5241122
vt 0.05989583 0.5240345
vt 0.046875 0.5239453
vt 0.03385416 0.5238564
vt 0.02083334 0.5237867
vt 0.0078125 0.5237588
vt 0.0078125 0.5158831
vt 0.02083334 0.5163887
vt 0.03385416 0.5161092
vt 0.04304047 0.5160322
vt 0.046875 0.5157634
vt 0.05989583 0.5148516
vt 0.07225062 0.5141363
vt 0.07291667 0.5140284
vt 0.0859375 0.5124428
vt 0.09895833 0.5116608
vt 0.09991267 0.5116504
vt 0.1119792 0.5109156
vt 0.0078125 0.5148584
vt 0.0078125 0.5138337
vt 0.0078125 0.512809
vt 0.02083334 0.5153639
vt 0.02083334 0.5143393
vt 0.02083334 0.5133145
vt 0.03385416 0.5150845
vt 0.03385416 0.5140598
vt 0.03385416 0.5130351
vt 0.04304048 0.5150074
vt 0.04304047 0.5139827
vt 0.04304047 0.512958
vt 0.046875 0.5147387
vt 0.046875 0.513714
vt 0.046875 0.5126892
vt 0.05989584 0.5138268
vt 0.05989583 0.5128021
vt 0.05989583 0.5117774
vt 0.07225063 0.5131116
vt 0.07225062 0.5120869
vt 0.07225062 0.5110621
vt 0.07291669 0.5130036
vt 0.07291667 0.5119789
vt 0.07291667 0.5109542
vt 0.0859375 0.5114181
vt 0.0859375 0.5103934
vt 0.0859375 0.5093687
vt 0.09895834 0.510636
vt 0.09895833 0.5096113
vt 0.09895833 0.5085866
vt 0.09991267 0.5106257
vt 0.09991267 0.509601
vt 0.09991267 0.5085763
vt 0.1119792 0.5098909
vt 0.1119792 0.5088662
vt 0.1119792 0.5078415
vt 0.75 0.75
vt 0.7638889 0.75
vt 0.7777778 0.75
vt 0.7916667 0.75
vt 0.8055556 0.75
vt 0.8194444 0.75
vt 0.8333333 0.75
vt 0.8472222 0.75
vt 0.8611111 0.75
vt 0.875 0.75
vt 0.75 0.7455217
vt 0.7638889 0.7454679
vt 0.7777778 0.7453236
vt 0.7916667 0.7451345
vt 0.8055556 0.7449518
vt 0.8194444 0.744812
vt 0.8333333 0.7447244
vt 0.8472222 0.7446756
vt 0.8611111 0.7446475
vt 0.875 0.7446348
vt 0.75 0.7412771
vt 0.7638889 0.7412013
vt 0.7777778 0.7409992
vt 0.7916667 0.740735
vt 0.8055556 0.7404788
vt 0.8194444 0.7402799
vt 0.8333333 0.7401521
vt 0.8472222 0.7400787
vt 0.8611111 0.740036
vt 0.875 0.7400174
vt 0.75 0.7371994
vt 0.7638889 0.7371254
vt 0.7777778 0.7369305
vt 0.7916667 0.7366766
vt 0.8055556 0.7364286
vt 0.8194444 0.736232
vt 0.8333333 0.7361007
vt 0.8472222 0.7360215
vt 0.8611111 0.735975
vt 0.875 0.7359558
vt 0.75 0.733222
vt 0.7638889 0.7331658
vt 0.7777778 0.7330214
vt 0.7916667 0.7328345
vt 0.8055556 0.7326494
vt 0.8194444 0.7324967
vt 0.8333333 0.7323873
vt 0.8472222 0.7323164
vt 0.8611111 0.732274
vt 0.875 0.7322578
vt 0.75 0.729278
vt 0.7638889 0.7292478
vt 0.7777778 0.7291755
vt 0.7916667 0.7290839
vt 0.8055556 0.7289894
vt 0.8194444 0.7289023
vt 0.8333333 0.7288294
vt 0.8472222 0.7287754
vt 0.8611111 0.7287425
vt 0.875 0.7287314
vt 0.75 0.7253006
vt 0.7638889 0.7252968
vt 0.7777778 0.7252967
vt 0.7916667 0.7253
vt 0.8055556 0.7252963
vt 0.8194444 0.7252771
vt 0.8333333 0.7252444
vt 0.8472222 0.7252111
vt 0.8611111 0.7251898
vt 0.875 0.7251845
vt 0.75 0.7212229
vt 0.7638889 0.7212383
vt 0.7777778 0.7212887
vt 0.7916667 0.7213579
vt 0.8055556 0.7214184
vt 0.8194444 0.7214494
vt 0.8333333 0.7214496
vt 0.8472222 0.7214355
vt 0.8611111 0.7214255
vt 0.875 0.721425
vt 0.75 0.7169783
vt 0.7638889 0.7169975
vt 0.7777778 0.7170552
vt 0.7916667 0.7171328
vt 0.8055556 0.7172036
vt 0.8194444 0.7172476
vt 0.8333333 0.7172623
vt 0.8472222 0.7172611
vt 0.8611111 0.7172591
vt 0.875 0.7172608
vt 0.75 0.7125
vt 0.7638889 0.7125
vt 0.7777778 0.7125
vt 0.7916667 0.7125
vt 0.8055556 0.7125
vt 0.8194444 0.7125
vt 0.8333333 0.7125
vt 0.8472222 0.7125
vt 0.8611111 0.7125
vt 0.875 0.7125
vt 1 0.75
vt 0.9861111 0.75
vt 0.9722222 0.75
vt 0.9583333 0.75
vt 0.9444444 0.75
vt 0.9305556 0.75
vt 0.9166667 0.75
vt 0.9027778 0.75
vt 0.8888889 0.75
vt 1 0.7455217
vt 0.9861111 0.7454679
vt 0.9722222 0.7453236
vt 0.9583333 0.7451345
vt 0.9444444 0.7449518
vt 0.9305556 0.744812
vt 0.9166667 0.7447244
vt 0.9027778 0.7446756
vt 0.8888889 0.7446475
vt 1 0.7412771
vt 0.9861111 0.7412013
vt 0.9722222 0.7409992
vt 0.9583333 0.740735
vt 0.9444444 0.7404788
vt 0.9305556 0.7402799
vt 0.9166667 0.7401521
vt 0.9027778 0.7400787
vt 0.8888889 0.740036
vt 1 0.7371994
vt 0.9861111 0.7371254
vt 0.9722222 0.7369305
vt 0.9583333 0.7366766
vt 0.9444444 0.7364286
vt 0.9305556 0.736232
vt 0.9166667 0.7361007
vt 0.9027778 0.7360215
vt 0.8888889 0.735975
vt 1 0.733222
vt 0.9861111 0.7331658
vt 0.9722222 0.7330214
vt 0.9583333 0.7328345
vt 0.9444444 0.7326494
vt 0.9305556 0.7324967
vt 0.9166667 0.7323873
vt 0.9027778 0.7323164
vt 0.8888889 0.732274
vt 1 0.729278
vt 0.9861111 0.7292478
vt 0.9722222 0.7291755
vt 0.9583333 0.7290839
vt 0.9444444 0.7289894
vt 0.9305556 0.7289023
vt 0.9166667 0.7288294
vt 0.9027778 0.7287754
vt 0.8888889 0.7287425
vt 1 0.7253006
vt 0.9861111 0.7252968
vt 0.9722222 0.7252967
vt 0.9583333 0.7253
vt 0.9444444 0.7252963
vt 0.9305556 0.7252771
vt 0.9166667 0.7252444
vt 0.9027778 0.7252111
vt 0.8888889 0.7251898
vt 1 0.7212229
vt 0.9861111 0.7212383
vt 0.9722222 0.7212887
vt 0.9583333 0.7213579
vt 0.9444444 0.7214184
vt 0.9305556 0.7214494
vt 0.9166667 0.7214496
vt 0.9027778 0.7214355
vt 0.8888889 0.7214255
vt 1 0.7169783
vt 0.9861111 0.7169975
vt 0.9722222 0.7170552
vt 0.9583333 0.7171328
vt 0.9444444 0.7172036
vt 0.9305556 0.7172476
vt 0.9166667 0.7172623
vt 0.9027778 0.7172611
vt 0.8888889 0.7172591
vt 1 0.7125
vt 0.9861111 0.7125
vt 0.9722222 0.7125
vt 0.9583333 0.7125
vt 0.9444444 0.7125
vt 0.9305556 0.7125
vt 0.9166667 0.7125
vt 0.9027778 0.7125
vt 0.8888889 0.7125
vt 0.75 0.6952634
vt 0.7638889 0.6952634
vt 0.7777778 0.6952308
vt 0.7916667 0.6951415
vt 0.8055556 0.6950079
vt 0.8194444 0.6948569
vt 0.8333333 0.6947131
vt 0.8472222 0.6945938
vt 0.8611111 0.6945117
vt 0.875 0.6944803
vt 0.75 0.6759108
vt 0.7638889 0.6758701
vt 0.7777778 0.6757326
vt 0.7916667 0.6755036
vt 0.8055556 0.6752219
vt 0.8194444 0.6749337
vt 0.8333333 0.6746745
vt 0.8472222 0.6744677
vt 0.8611111 0.6743296
vt 0.875 0.674278
vt 0.75 0.6547451
vt 0.7638889 0.6546403
vt 0.7777778 0.6543603
vt 0.7916667 0.6539723
vt 0.8055556 0.6535486
vt 0.8194444 0.653147
vt 0.8333333 0.6528042
vt 0.8472222 0.6525409
vt 0.8611111 0.6523705
vt 0.875 0.6523086
vt 0.75 0.6320693
vt 0.7638889 0.6318945
vt 0.7777778 0.6314687
vt 0.7916667 0.6309336
vt 0.8055556 0.6303945
vt 0.8194444 0.6299138
vt 0.8333333 0.6295223
vt 0.8472222 0.6292326
vt 0.8611111 0.6290513
vt 0.875 0.6289873
vt 0.75 0.6081862
vt 0.7638889 0.6079532
vt 0.7777778 0.6074126
vt 0.7916667 0.6067736
vt 0.8055556 0.6061661
vt 0.8194444 0.605651
vt 0.8333333 0.6052488
vt 0.8472222 0.6049621
vt 0.8611111 0.6047887
vt 0.875 0.6047296
vt 0.75 0.5833989
vt 0.7638889 0.5831367
vt 0.7777778 0.5825469
vt 0.7916667 0.5818783
vt 0.8055556 0.58127
vt 0.8194444 0.5807754
vt 0.8333333 0.5804038
vt 0.8472222 0.5801485
vt 0.8611111 0.5799996
vt 0.875 0.5799507
vt 0.75 0.5580102
vt 0.7638889 0.5577655
vt 0.7777778 0.5572264
vt 0.7916667 0.5566337
vt 0.8055556 0.5561128
vt 0.8194444 0.5557039
vt 0.8333333 0.5554074
vt 0.8472222 0.5552108
vt 0.8611111 0.5551006
vt 0.875 0.555066
vt 0.75 0.5323232
vt 0.7638889 0.53216
vt 0.7777778 0.5318061
vt 0.7916667 0.5314258
vt 0.8055556 0.5311007
vt 0.8194444 0.5308533
vt 0.8333333 0.5306797
vt 0.8472222 0.5305685
vt 0.8611111 0.5305088
vt 0.875 0.5304909
vt 0.75 0.5317386
vt 0.7638889 0.5301226
vt 0.7753028 0.5295912
vt 0.7777778 0.5290313
vt 0.7783287 0.5289789
vt 0.7916667 0.5270597
vt 0.7972381 0.5268709
vt 0.8055556 0.5260725
vt 0.813526 0.5259638
vt 0.8194444 0.5254561
vt 0.829482 0.5253585
vt 0.8333333 0.5248826
vt 0.8469625 0.5245204
vt 0.8472222 0.5244952
vt 0.8488876 0.5244949
vt 0.8611111 0.5228837
vt 0.875 0.5231172
vt 0.75 0.5295541
vt 0.75 0.5273696
vt 0.75 0.525185
vt 0.7638888 0.5279381
vt 0.7638889 0.5257535
vt 0.7638889 0.523569
vt 0.7753028 0.5274066
vt 0.7753028 0.5252221
vt 0.7753028 0.5230376
vt 0.7777778 0.5268468
vt 0.7777778 0.5246623
vt 0.7777778 0.5224777
vt 0.7783287 0.5267944
vt 0.7783288 0.5246098
vt 0.7783287 0.5224253
vt 0.7916666 0.5248752
vt 0.7916666 0.5226907
vt 0.7916667 0.5205061
vt 0.797238 0.5246863
vt 0.7972381 0.5225018
vt 0.7972381 0.5203173
vt 0.8055556 0.5238879
vt 0.8055556 0.5217034
vt 0.8055556 0.5195189
vt 0.8135259 0.5237792
vt 0.8135259 0.5215946
vt 0.813526 0.5194101
vt 0.8194444 0.5232716
vt 0.8194444 0.5210871
vt 0.8194444 0.5189025
vt 0.829482 0.5231739
vt 0.829482 0.5209894
vt 0.829482 0.5188048
vt 0.8333333 0.522698
vt 0.8333334 0.5205135
vt 0.8333333 0.5183289
vt 0.8469625 0.5223358
vt 0.8469625 0.5201513
vt 0.8469625 0.5179667
vt 0.8472221 0.5223107
vt 0.8472222 0.5201262
vt 0.8472222 0.5179416
vt 0.8488876 0.5223103
vt 0.8488876 0.5201258
vt 0.8488876 0.5179412
vt 0.861111 0.5206991
vt 0.8611111 0.5185146
vt 0.8611111 0.51633
vt 0.875 0.5209326
vt 0.875 0.5187481
vt 0.875 0.5165635
vt 1 0.6952634
vt 0.9861111 0.6952634
vt 0.9722222 0.6952308
vt 0.9583333 0.6951415
vt 0.9444444 0.6950079
vt 0.9305556 0.6948569
vt 0.9166667 0.6947131
vt 0.9027778 0.6945938
vt 0.8888889 0.6945117
vt 1 0.6759108
vt 0.9861111 0.6758701
vt 0.9722222 0.6757326
vt 0.9583333 0.6755036
vt 0.9444444 0.6752219
vt 0.9305556 0.6749337
vt 0.9166667 0.6746745
vt 0.9027778 0.6744677
vt 0.8888889 0.6743296
vt 1 0.6547451
vt 0.9861111 0.6546403
vt 0.9722222 0.6543603
vt 0.9583333 0.6539723
vt 0.9444444 0.6535486
vt 0.9305556 0.653147
vt 0.9166667 0.6528042
vt 0.9027778 0.6525409
vt 0.8888889 0.6523705
vt 1 0.6320693
vt 0.9861111 0.6318945
vt 0.9722222 0.6314687
vt 0.9583333 0.6309336
vt 0.9444444 0.6303945
vt 0.9305556 0.6299138
vt 0.9166667 0.6295223
vt 0.9027778 0.6292326
vt 0.8888889 0.6290513
vt 1 0.6081862
vt 0.9861111 0.6079532
vt 0.9722222 0.6074126
vt 0.9583333 0.6067736
vt 0.9444444 0.6061661
vt 0.9305556 0.605651
vt 0.9166667 0.6052488
vt 0.9027778 0.6049621
vt 0.8888889 0.6047887
vt 1 0.5833989
vt 0.9861111 0.5831367
vt 0.9722222 0.5825469
vt 0.9583333 0.5818783
vt 0.9444444 0.58127
vt 0.9305556 0.5807754
vt 0.9166667 0.5804038
vt 0.9027778 0.5801485
vt 0.8888889 0.5799996
vt 1 0.5580102
vt 0.9861111 0.5577655
vt 0.9722222 0.5572264
vt 0.9583333 0.5566337
vt 0.9444444 0.5561128
vt 0.9305556 0.5557039
vt 0.9166667 0.5554074
vt 0.9027778 0.5552108
vt 0.8888889 0.5551006
vt 1 0.5323232
vt 0.9861111 0.53216
vt 0.9722222 0.5318061
vt 0.9583333 0.5314258
vt 0.9444444 0.5311007
vt 0.9305556 0.5308533
vt 0.9166667 0.5306797
vt 0.9027778 0.5305685
vt 0.8888889 0.5305088
vt 1 0.5317386
vt 0.9861111 0.5301226
vt 0.9746972 0.5295912
vt 0.9722222 0.5290313
vt 0.9716713 0.5289789
vt 0.9583333 0.5270597
vt 0.9527619 0.5268709
vt 0.9444444 0.5260725
vt 0.936474 0.5259638
vt 0.9305556 0.5254561
vt 0.920518 0.5253585
vt 0.9166667 0.5248826
vt 0.9030375 0.5245204
vt 0.9027778 0.5244952
vt 0.9011124 0.5244949
vt 0.8888889 0.5228837
vt 1 0.5295541
vt 1 0.5273696
vt 1 0.525185
vt 0.9861112 0.5279381
vt 0.9861111 0.5257535
vt 0.9861111 0.523569
vt 0.9746972 0.5274066
vt 0.9746972 0.5252221
vt 0.9746972 0.5230376
vt 0.9722222 0.5268468
vt 0.9722222 0.5246623
vt 0.9722222 0.5224777
vt 0.9716713 0.5267944
vt 0.9716712 0.5246098
vt 0.9716713 0.5224253
vt 0.9583334 0.5248752
vt 0.9583334 0.5226907
vt 0.9583333 0.5205061
vt 0.952762 0.5246863
vt 0.9527619 0.5225018
vt 0.9527619 0.5203173
vt 0.9444444 0.5238879
vt 0.9444444 0.5217034
vt 0.9444444 0.5195189
vt 0.9364741 0.5237792
vt 0.9364741 0.5215946
vt 0.936474 0.5194101
vt 0.9305556 0.5232716
vt 0.9305556 0.5210871
vt 0.9305556 0.5189025
vt 0.920518 0.5231739
vt 0.920518 0.5209894
vt 0.920518 0.5188048
vt 0.9166667 0.522698
vt 0.9166666 0.5205135
vt 0.9166667 0.5183289
vt 0.9030375 0.5223358
vt 0.9030375 0.5201513
vt 0.9030375 0.5179667
vt 0.9027779 0.5223107
vt 0.9027778 0.5201262
vt 0.9027778 0.5179416
vt 0.9011124 0.5223103
vt 0.9011124 0.5201258
vt 0.9011124 0.5179412
vt 0.888889 0.5206991
vt 0.8888889 0.5185146
vt 0.8888889 0.51633
vt 0.375 0.625
vt 0.375 0.6090455
vt 0.3777705 0.6092879
vt 0.3804567 0.6100076
vt 0.3829772 0.611183
vt 0.3852554 0.6127782
vt 0.3872218 0.6147447
vt 0.388817 0.6170228
vt 0.3899923 0.6195433
vt 0.3907121 0.6222295
vt 0.3909545 0.625
vt 0.375 0.5930209
vt 0.3805531 0.5935067
vt 0.3859375 0.5949494
vt 0.3909896 0.5973052
vt 0.3955558 0.6005026
vt 0.3994974 0.6044442
vt 0.4026948 0.6090105
vt 0.4050506 0.6140625
vt 0.4064933 0.6194469
vt 0.4069791 0.625
vt 0.375 0.5772704
vt 0.3832882 0.5779955
vt 0.3913245 0.5801489
vt 0.3988648 0.583665
vt 0.40568 0.588437
vt 0.411563 0.5943201
vt 0.416335 0.6011353
vt 0.4198512 0.6086755
vt 0.4220045 0.6167119
vt 0.4227296 0.625
vt 0.375 0.5621386
vt 0.3859158 0.5630936
vt 0.3964999 0.5659296
vt 0.4064307 0.5705605
vt 0.4154065 0.5768454
vt 0.4231547 0.5845935
vt 0.4294396 0.5935693
vt 0.4340704 0.6035001
vt 0.4369064 0.6140842
vt 0.4378614 0.625
vt 0.375 0.5479698
vt 0.3883762 0.5491401
vt 0.4013459 0.5526153
vt 0.4135151 0.5582899
vt 0.4245141 0.5659915
vt 0.4340086 0.5754859
vt 0.4417101 0.5864849
vt 0.4473847 0.5986542
vt 0.4508599 0.6116238
vt 0.4520302 0.625
vt 0.375 0.5351084
vt 0.3906095 0.536474
vt 0.4057447 0.5405295
vt 0.4199458 0.5471516
vt 0.4327812 0.5561391
vt 0.443861 0.5672188
vt 0.4528484 0.5800542
vt 0.4594705 0.5942553
vt 0.463526 0.6093905
vt 0.4648916 0.625
vt 0.375 0.5238988
vt 0.392556 0.5254347
vt 0.4095787 0.5299959
vt 0.4255506 0.5374438
vt 0.4399866 0.547552
vt 0.452448 0.5600134
vt 0.4625562 0.5744494
vt 0.4700041 0.5904214
vt 0.4745653 0.6074439
vt 0.4761012 0.625
vt 0.375 0.5146854
vt 0.3941559 0.5163613
vt 0.4127298 0.5213382
vt 0.4301573 0.5294647
vt 0.4459089 0.5404941
vt 0.4595059 0.5540911
vt 0.4705353 0.5698427
vt 0.4786619 0.5872702
vt 0.4836387 0.605844
vt 0.4853146 0.625
vt 0.375 0.5078125
vt 0.3953494 0.5095928
vt 0.4150805 0.5148798
vt 0.4335938 0.5235127
vt 0.4503267 0.5352292
vt 0.4647709 0.5496733
vt 0.4764874 0.5664063
vt 0.4851202 0.5849196
vt 0.4904072 0.6046506
vt 0.4921875 0.625
vt 0.3907121 0.6277705
vt 0.3899923 0.6304568
vt 0.388817 0.6329772
vt 0.3872218 0.6352553
vt 0.3852553 0.6372218
vt 0.3829772 0.638817
vt 0.3804567 0.6399924
vt 0.3777705 0.6407121
vt 0.375 0.6409545
vt 0.4064933 0.6305531
vt 0.4050506 0.6359375
vt 0.4026948 0.6409895
vt 0.3994974 0.6455558
vt 0.3955558 0.6494974
vt 0.3909896 0.6526948
vt 0.3859375 0.6550506
vt 0.3805531 0.6564933
vt 0.375 0.6569791
vt 0.4220045 0.6332881
vt 0.4198511 0.6413245
vt 0.416335 0.6488648
vt 0.411563 0.6556799
vt 0.40568 0.661563
vt 0.3988648 0.666335
vt 0.3913245 0.6698512
vt 0.3832881 0.6720045
vt 0.375 0.6727296
vt 0.4369064 0.6359158
vt 0.4340704 0.6464999
vt 0.4294396 0.6564307
vt 0.4231546 0.6654065
vt 0.4154065 0.6731547
vt 0.4064307 0.6794395
vt 0.3964999 0.6840704
vt 0.3859158 0.6869064
vt 0.375 0.6878614
vt 0.4508599 0.6383762
vt 0.4473847 0.6513459
vt 0.4417101 0.6635151
vt 0.4340086 0.6745141
vt 0.4245141 0.6840086
vt 0.4135151 0.6917101
vt 0.4013459 0.6973847
vt 0.3883761 0.7008599
vt 0.375 0.7020302
vt 0.463526 0.6406095
vt 0.4594705 0.6557448
vt 0.4528484 0.6699458
vt 0.4438609 0.6827812
vt 0.4327812 0.693861
vt 0.4199458 0.7028484
vt 0.4057447 0.7094705
vt 0.3906095 0.713526
vt 0.375 0.7148916
vt 0.4745653 0.6425561
vt 0.4700041 0.6595787
vt 0.4625562 0.6755506
vt 0.452448 0.6899866
vt 0.4399866 0.702448
vt 0.4255506 0.7125562
vt 0.4095787 0.7200041
vt 0.392556 0.7245653
vt 0.375 0.7261012
vt 0.4836387 0.644156
vt 0.4786618 0.6627299
vt 0.4705353 0.6801573
vt 0.4595059 0.6959089
vt 0.4459089 0.7095059
vt 0.4301573 0.7205353
vt 0.4127298 0.7286619
vt 0.3941559 0.7336387
vt 0.375 0.7353146
vt 0.4904072 0.6453494
vt 0.4851202 0.6650805
vt 0.4764873 0.6835938
vt 0.4647709 0.7003267
vt 0.4503267 0.7147709
vt 0.4335938 0.7264873
vt 0.4150805 0.7351202
vt 0.3953494 0.7404072
vt 0.375 0.7421875
vt 0.3590455 0.625
vt 0.3592879 0.6277705
vt 0.3600077 0.6304568
vt 0.361183 0.6329772
vt 0.3627782 0.6352553
vt 0.3647447 0.6372218
vt 0.3670228 0.638817
vt 0.3695433 0.6399924
vt 0.3722295 0.6407121
vt 0.3430209 0.625
vt 0.3435067 0.6305531
vt 0.3449494 0.6359375
vt 0.3473052 0.6409895
vt 0.3505026 0.6455558
vt 0.3544442 0.6494974
vt 0.3590104 0.6526948
vt 0.3640625 0.6550506
vt 0.3694469 0.6564933
vt 0.3272704 0.625
vt 0.3279955 0.6332881
vt 0.3301489 0.6413245
vt 0.333665 0.6488648
vt 0.338437 0.6556799
vt 0.34432 0.661563
vt 0.3511352 0.666335
vt 0.3586755 0.6698512
vt 0.3667119 0.6720045
vt 0.3121386 0.625
vt 0.3130936 0.6359158
vt 0.3159296 0.6464999
vt 0.3205604 0.6564307
vt 0.3268454 0.6654065
vt 0.3345935 0.6731547
vt 0.3435693 0.6794395
vt 0.3535001 0.6840704
vt 0.3640842 0.6869064
vt 0.2979698 0.625
vt 0.2991401 0.6383762
vt 0.3026153 0.6513459
vt 0.3082899 0.6635151
vt 0.3159914 0.6745141
vt 0.3254859 0.6840086
vt 0.3364849 0.6917101
vt 0.3486541 0.6973847
vt 0.3616239 0.7008599
vt 0.2851084 0.625
vt 0.286474 0.6406095
vt 0.2905295 0.6557448
vt 0.2971516 0.6699458
vt 0.3061391 0.6827812
vt 0.3172188 0.693861
vt 0.3300542 0.7028484
vt 0.3442553 0.7094705
vt 0.3593905 0.713526
vt 0.2738988 0.625
vt 0.2754347 0.6425561
vt 0.2799959 0.6595787
vt 0.2874438 0.6755506
vt 0.297552 0.6899866
vt 0.3100134 0.702448
vt 0.3244494 0.7125562
vt 0.3404213 0.7200041
vt 0.357444 0.7245653
vt 0.2646854 0.625
vt 0.2663613 0.644156
vt 0.2713382 0.6627299
vt 0.2794647 0.6801573
vt 0.2904941 0.6959089
vt 0.3040911 0.7095059
vt 0.3198427 0.7205353
vt 0.3372702 0.7286619
vt 0.3558441 0.7336387
vt 0.2578125 0.625
vt 0.2595928 0.6453494
vt 0.2648798 0.6650805
vt 0.2735127 0.6835938
vt 0.2852291 0.7003267
vt 0.2996733 0.7147709
vt 0.3164063 0.7264873
vt 0.3349195 0.7351202
vt 0.3546506 0.7404072
vt 0.3722295 0.6092879
vt 0.3695433 0.6100076
vt 0.3670228 0.611183
vt 0.3647446 0.6127782
vt 0.3627782 0.6147447
vt 0.361183 0.6170228
vt 0.3600077 0.6195433
vt 0.3592879 0.6222295
vt 0.3694469 0.5935067
vt 0.3640625 0.5949494
vt 0.3590104 0.5973052
vt 0.3544442 0.6005026
vt 0.3505026 0.6044442
vt 0.3473052 0.6090105
vt 0.3449494 0.6140625
vt 0.3435067 0.6194469
vt 0.3667118 0.5779955
vt 0.3586755 0.5801489
vt 0.3511352 0.583665
vt 0.34432 0.588437
vt 0.338437 0.5943201
vt 0.333665 0.6011353
vt 0.3301488 0.6086755
vt 0.3279955 0.6167119
vt 0.3640842 0.5630936
vt 0.3535001 0.5659296
vt 0.3435693 0.5705605
vt 0.3345935 0.5768454
vt 0.3268453 0.5845935
vt 0.3205604 0.5935693
vt 0.3159296 0.6035001
vt 0.3130936 0.6140842
vt 0.3616238 0.5491401
vt 0.3486541 0.5526153
vt 0.3364849 0.5582899
vt 0.3254859 0.5659915
vt 0.3159914 0.5754859
vt 0.3082899 0.5864849
vt 0.3026153 0.5986542
vt 0.2991401 0.6116238
vt 0.3593905 0.536474
vt 0.3442553 0.5405295
vt 0.3300542 0.5471516
vt 0.3172188 0.5561391
vt 0.306139 0.5672188
vt 0.2971516 0.5800542
vt 0.2905295 0.5942553
vt 0.286474 0.6093905
vt 0.357444 0.5254347
vt 0.3404213 0.5299959
vt 0.3244494 0.5374438
vt 0.3100134 0.547552
vt 0.297552 0.5600134
vt 0.2874438 0.5744494
vt 0.2799959 0.5904214
vt 0.2754347 0.6074439
vt 0.3558441 0.5163613
vt 0.3372702 0.5213382
vt 0.3198427 0.5294647
vt 0.3040911 0.5404941
vt 0.2904941 0.5540911
vt 0.2794647 0.5698427
vt 0.2713381 0.5872702
vt 0.2663613 0.605844
vt 0.3546506 0.5095928
vt 0.3349195 0.5148798
vt 0.3164063 0.5235127
vt 0.2996733 0.5352292
vt 0.2852291 0.5496733
vt 0.2735126 0.5664063
vt 0.2648798 0.5849196
vt 0.2595928 0.6046506
vt 0.625 0.6069711
vt 0.6281307 0.6072451
vt 0.6311662 0.6080585
vt 0.6340144 0.6093866
vt 0.6365887 0.6111891
vt 0.6388109 0.6134113
vt 0.6406134 0.6159856
vt 0.6419415 0.6188338
vt 0.642755 0.6218693
vt 0.6430289 0.625
vt 0.625 0.5987011
vt 0.6295667 0.5991007
vt 0.6339948 0.6002871
vt 0.6381494 0.6022245
vt 0.6419046 0.6048539
vt 0.6451461 0.6080954
vt 0.6477755 0.6118506
vt 0.6497129 0.6160053
vt 0.6508994 0.6204332
vt 0.6512989 0.625
vt 0.625 0.5879304
vt 0.6314371 0.5884936
vt 0.6376786 0.590166
vt 0.6435348 0.5928968
vt 0.6488279 0.596603
vt 0.653397 0.6011721
vt 0.6571032 0.6064652
vt 0.659834 0.6123214
vt 0.6615065 0.6185629
vt 0.6620696 0.625
vt 0.625 0.5754362
vt 0.6336067 0.5761892
vt 0.6419518 0.5784253
vt 0.6497819 0.5820765
vt 0.656859 0.587032
vt 0.662968 0.5931411
vt 0.6679235 0.6002182
vt 0.6715747 0.6080482
vt 0.6738108 0.6163933
vt 0.6745638 0.625
vt 0.625 0.5619961
vt 0.6359405 0.5629532
vt 0.6465486 0.5657957
vt 0.6565019 0.570437
vt 0.6654981 0.5767362
vt 0.6732638 0.5845019
vt 0.679563 0.5934981
vt 0.6842043 0.6034514
vt 0.6870467 0.6140594
vt 0.6880039 0.625
vt 0.625 0.5483873
vt 0.6383036 0.5495512
vt 0.6512031 0.5530076
vt 0.6633064 0.5586514
vt 0.6742457 0.5663112
vt 0.6836888 0.5757543
vt 0.6913486 0.5866936
vt 0.6969924 0.598797
vt 0.7004488 0.6116964
vt 0.7016127 0.625
vt 0.625 0.5353872
vt 0.6405611 0.5367486
vt 0.6556494 0.5407915
vt 0.6698064 0.547393
vt 0.682602 0.5563526
vt 0.6936474 0.567398
vt 0.702607 0.5801936
vt 0.7092085 0.5943506
vt 0.7132514 0.6094389
vt 0.7146128 0.625
vt 0.625 0.5237731
vt 0.6425779 0.525311
vt 0.6596217 0.5298778
vt 0.6756135 0.5373349
vt 0.6900674 0.5474557
vt 0.7025443 0.5599326
vt 0.7126651 0.5743866
vt 0.7201222 0.5903784
vt 0.724689 0.6074221
vt 0.7262269 0.625
vt 0.625 0.5143224
vt 0.644219 0.5160038
vt 0.662854 0.5209971
vt 0.6803388 0.5291504
vt 0.6961422 0.5402161
vt 0.709784 0.5538579
vt 0.7208496 0.5696613
vt 0.7290029 0.587146
vt 0.7339962 0.605781
vt 0.7356776 0.625
vt 0.625 0.5078125
vt 0.6453494 0.5095928
vt 0.6650805 0.5148798
vt 0.6835938 0.5235127
vt 0.7003267 0.5352292
vt 0.7147709 0.5496733
vt 0.7264873 0.5664063
vt 0.7351202 0.5849196
vt 0.7404072 0.6046506
vt 0.7421875 0.625
vt 0.642755 0.6281307
vt 0.6419415 0.6311662
vt 0.6406134 0.6340144
vt 0.6388109 0.6365887
vt 0.6365887 0.6388109
vt 0.6340144 0.6406134
vt 0.6311662 0.6419415
vt 0.6281307 0.6427549
vt 0.625 0.6430289
vt 0.6508994 0.6295668
vt 0.6497129 0.6339948
vt 0.6477755 0.6381494
vt 0.6451461 0.6419046
vt 0.6419046 0.6451461
vt 0.6381494 0.6477755
vt 0.6339948 0.6497129
vt 0.6295667 0.6508993
vt 0.625 0.6512989
vt 0.6615065 0.6314371
vt 0.659834 0.6376786
vt 0.6571032 0.6435348
vt 0.653397 0.6488279
vt 0.6488279 0.653397
vt 0.6435348 0.6571032
vt 0.6376786 0.659834
vt 0.6314371 0.6615064
vt 0.625 0.6620696
vt 0.6738108 0.6336067
vt 0.6715747 0.6419518
vt 0.6679235 0.6497819
vt 0.662968 0.6568589
vt 0.656859 0.662968
vt 0.6497819 0.6679235
vt 0.6419518 0.6715747
vt 0.6336067 0.6738108
vt 0.625 0.6745638
vt 0.6870467 0.6359406
vt 0.6842043 0.6465486
vt 0.679563 0.6565019
vt 0.6732638 0.6654981
vt 0.6654981 0.6732638
vt 0.6565019 0.679563
vt 0.6465486 0.6842043
vt 0.6359405 0.6870468
vt 0.625 0.6880039
vt 0.7004488 0.6383036
vt 0.6969924 0.6512031
vt 0.6913486 0.6633064
vt 0.6836888 0.6742457
vt 0.6742457 0.6836888
vt 0.6633064 0.6913486
vt 0.6512031 0.6969924
vt 0.6383036 0.7004488
vt 0.625 0.7016127
vt 0.7132514 0.6405611
vt 0.7092085 0.6556494
vt 0.702607 0.6698064
vt 0.6936474 0.682602
vt 0.682602 0.6936474
vt 0.6698064 0.702607
vt 0.6556494 0.7092085
vt 0.6405611 0.7132514
vt 0.625 0.7146128
vt 0.724689 0.6425779
vt 0.7201222 0.6596217
vt 0.7126651 0.6756135
vt 0.7025443 0.6900674
vt 0.6900674 0.7025443
vt 0.6756135 0.7126651
vt 0.6596217 0.7201222
vt 0.6425779 0.724689
vt 0.625 0.7262269
vt 0.7339962 0.644219
vt 0.7290029 0.662854
vt 0.7208496 0.6803388
vt 0.709784 0.6961422
vt 0.6961421 0.709784
vt 0.6803388 0.7208496
vt 0.662854 0.7290029
vt 0.644219 0.7339962
vt 0.625 0.7356776
vt 0.7404072 0.6453494
vt 0.7351202 0.6650805
vt 0.7264873 0.6835938
vt 0.7147709 0.7003267
vt 0.7003267 0.7147709
vt 0.6835938 0.7264873
vt 0.6650805 0.7351202
vt 0.6453494 0.7404072
vt 0.625 0.7421875
vt 0.6069711 0.625
vt 0.607245 0.6281307
vt 0.6080585 0.6311662
vt 0.6093866 0.6340144
vt 0.6111891 0.6365887
vt 0.6134113 0.6388109
vt 0.6159856 0.6406134
vt 0.6188338 0.6419415
vt 0.6218693 0.6427549
vt 0.5987011 0.625
vt 0.5991006 0.6295668
vt 0.6002871 0.6339948
vt 0.6022245 0.6381494
vt 0.6048539 0.6419046
vt 0.6080954 0.6451461
vt 0.6118506 0.6477755
vt 0.6160052 0.6497129
vt 0.6204333 0.6508993
vt 0.5879304 0.625
vt 0.5884935 0.6314371
vt 0.590166 0.6376786
vt 0.5928968 0.6435348
vt 0.596603 0.6488279
vt 0.6011721 0.653397
vt 0.6064652 0.6571032
vt 0.6123214 0.659834
vt 0.6185629 0.6615064
vt 0.5754362 0.625
vt 0.5761892 0.6336067
vt 0.5784253 0.6419518
vt 0.5820765 0.6497819
vt 0.587032 0.6568589
vt 0.593141 0.662968
vt 0.6002181 0.6679235
vt 0.6080482 0.6715747
vt 0.6163933 0.6738108
vt 0.5619961 0.625
vt 0.5629533 0.6359406
vt 0.5657957 0.6465486
vt 0.570437 0.6565019
vt 0.5767362 0.6654981
vt 0.5845019 0.6732638
vt 0.5934981 0.679563
vt 0.6034514 0.6842043
vt 0.6140595 0.6870468
vt 0.5483873 0.625
vt 0.5495512 0.6383036
vt 0.5530076 0.6512031
vt 0.5586514 0.6633064
vt 0.5663112 0.6742457
vt 0.5757543 0.6836888
vt 0.5866936 0.6913486
vt 0.5987969 0.6969924
vt 0.6116964 0.7004488
vt 0.5353872 0.625
vt 0.5367486 0.6405611
vt 0.5407915 0.6556494
vt 0.547393 0.6698064
vt 0.5563526 0.682602
vt 0.567398 0.6936474
vt 0.5801936 0.702607
vt 0.5943506 0.7092085
vt 0.6094389 0.7132514
vt 0.5237731 0.625
vt 0.525311 0.6425779
vt 0.5298778 0.6596217
vt 0.5373349 0.6756135
vt 0.5474557 0.6900674
vt 0.5599326 0.7025443
vt 0.5743865 0.7126651
vt 0.5903783 0.7201222
vt 0.6074221 0.724689
vt 0.5143224 0.625
vt 0.5160038 0.644219
vt 0.5209971 0.662854
vt 0.5291504 0.6803388
vt 0.540216 0.6961422
vt 0.5538579 0.709784
vt 0.5696612 0.7208496
vt 0.587146 0.7290029
vt 0.605781 0.7339962
vt 0.5078125 0.625
vt 0.5095928 0.6453494
vt 0.5148798 0.6650805
vt 0.5235127 0.6835938
vt 0.5352291 0.7003267
vt 0.5496733 0.7147709
vt 0.5664063 0.7264873
vt 0.5849195 0.7351202
vt 0.6046506 0.7404072
vt 0.6218693 0.6072451
vt 0.6188338 0.6080585
vt 0.6159856 0.6093866
vt 0.6134113 0.6111891
vt 0.6111891 0.6134113
vt 0.6093866 0.6159856
vt 0.6080585 0.6188338
vt 0.607245 0.6218693
vt 0.6204333 0.5991007
vt 0.6160052 0.6002871
vt 0.6118506 0.6022245
vt 0.6080954 0.6048539
vt 0.6048539 0.6080954
vt 0.6022245 0.6118506
vt 0.6002871 0.6160053
vt 0.5991006 0.6204332
vt 0.6185629 0.5884936
vt 0.6123214 0.590166
vt 0.6064652 0.5928968
vt 0.6011721 0.596603
vt 0.596603 0.6011721
vt 0.5928968 0.6064652
vt 0.590166 0.6123214
vt 0.5884935 0.6185629
vt 0.6163933 0.5761892
vt 0.6080482 0.5784253
vt 0.6002181 0.5820765
vt 0.593141 0.587032
vt 0.587032 0.5931411
vt 0.5820765 0.6002182
vt 0.5784253 0.6080482
vt 0.5761892 0.6163933
vt 0.6140595 0.5629532
vt 0.6034514 0.5657957
vt 0.5934981 0.570437
vt 0.5845019 0.5767362
vt 0.5767362 0.5845019
vt 0.570437 0.5934981
vt 0.5657957 0.6034514
vt 0.5629533 0.6140594
vt 0.6116964 0.5495512
vt 0.5987969 0.5530076
vt 0.5866936 0.5586514
vt 0.5757543 0.5663112
vt 0.5663112 0.5757543
vt 0.5586514 0.5866936
vt 0.5530076 0.598797
vt 0.5495512 0.6116964
vt 0.6094389 0.5367486
vt 0.5943506 0.5407915
vt 0.5801936 0.547393
vt 0.567398 0.5563526
vt 0.5563526 0.567398
vt 0.547393 0.5801936
vt 0.5407915 0.5943506
vt 0.5367486 0.6094389
vt 0.6074221 0.525311
vt 0.5903783 0.5298778
vt 0.5743865 0.5373349
vt 0.5599326 0.5474557
vt 0.5474557 0.5599326
vt 0.5373349 0.5743866
vt 0.5298778 0.5903784
vt 0.525311 0.6074221
vt 0.605781 0.5160038
vt 0.587146 0.5209971
vt 0.5696612 0.5291504
vt 0.5538578 0.5402161
vt 0.540216 0.5538579
vt 0.5291504 0.5696613
vt 0.5209971 0.587146
vt 0.5160038 0.605781
vt 0.6046506 0.5095928
vt 0.5849195 0.5148798
vt 0.5664063 0.5235127
vt 0.5496733 0.5352292
vt 0.5352291 0.5496733
vt 0.5235127 0.5664063
vt 0.5148798 0.5849196
vt 0.5095928 0.6046506
vt 0 0.25
vt 0.02777778 0.25
vt 0.05555556 0.25
vt 0.08333334 0.25
vt 0.1111111 0.25
vt 0.1388889 0.25
vt 0.1666667 0.25
vt 0.1944444 0.25
vt 0.2222222 0.25
vt 0.25 0.25
vt 0 0.2462473
vt 0.02777778 0.2462473
vt 0.05555556 0.2462473
vt 0.08333334 0.2462473
vt 0.1111111 0.2462473
vt 0.1388889 0.2462473
vt 0.1666667 0.2462473
vt 0.1944444 0.2462473
vt 0.2222222 0.2462473
vt 0.25 0.2462473
vt 0 0.2428092
vt 0.02777778 0.2428092
vt 0.05555556 0.2428092
vt 0.08333334 0.2428092
vt 0.1111111 0.2428092
vt 0.1388889 0.2428092
vt 0.1666667 0.2428092
vt 0.1944444 0.2428092
vt 0.2222222 0.2428092
vt 0.25 0.2428092
vt 0 0.2395957
vt 0.02777778 0.2395957
vt 0.05555556 0.2395957
vt 0.08333334 0.2395957
vt 0.1111111 0.2395957
vt 0.1388889 0.2395957
vt 0.1666667 0.2395957
vt 0.1944444 0.2395957
vt 0.2222222 0.2395957
vt 0.25 0.2395957
vt 0 0.2365169
vt 0.02777778 0.2365169
vt 0.05555556 0.2365169
vt 0.08333334 0.2365169
vt 0.1111111 0.2365169
vt 0.1388889 0.2365169
vt 0.1666667 0.2365169
vt 0.1944444 0.2365169
vt 0.2222222 0.2365169
vt 0.25 0.2365169
vt 0 0.2334831
vt 0.02777778 0.2334831
vt 0.05555556 0.2334831
vt 0.08333334 0.2334831
vt 0.1111111 0.2334831
vt 0.1388889 0.2334831
vt 0.1666667 0.2334831
vt 0.1944444 0.2334831
vt 0.2222222 0.2334831
vt 0.25 0.2334831
vt 0 0.2304044
vt 0.02777778 0.2304044
vt 0.05555556 0.2304044
vt 0.08333334 0.2304044
vt 0.1111111 0.2304044
vt 0.1388889 0.2304044
vt 0.1666667 0.2304044
vt 0.1944444 0.2304044
vt 0.2222222 0.2304044
vt 0.25 0.2304044
vt 0 0.2271909
vt 0.02777778 0.2271909
vt 0.05555556 0.2271909
vt 0.08333334 0.2271909
vt 0.1111111 0.2271909
vt 0.1388889 0.2271909
vt 0.1666667 0.2271909
vt 0.1944444 0.2271909
vt 0.2222222 0.2271909
vt 0.25 0.2271909
vt 0 0.2237527
vt 0.02777778 0.2237527
vt 0.05555556 0.2237527
vt 0.08333334 0.2237527
vt 0.1111111 0.2237527
vt 0.1388889 0.2237527
vt 0.1666667 0.2237527
vt 0.1944444 0.2237527
vt 0.2222222 0.2237527
vt 0.25 0.2237527
vt 0 0.22
vt 0.02777778 0.22
vt 0.05555556 0.22
vt 0.08333334 0.22
vt 0.1111111 0.22
vt 0.1388889 0.22
vt 0.1666667 0.22
vt 0.1944444 0.22
vt 0.2222222 0.22
vt 0.25 0.22
vt 0.2777778 0.25
vt 0.3055556 0.25
vt 0.3333333 0.25
vt 0.3611111 0.25
vt 0.3888889 0.25
vt 0.4166667 0.25
vt 0.4444444 0.25
vt 0.4722222 0.25
vt 0.5 0.25
vt 0.2777778 0.2462473
vt 0.3055556 0.2462473
vt 0.3333333 0.2462473
vt 0.3611111 0.2462473
vt 0.3888889 0.2462473
vt 0.4166667 0.2462473
vt 0.4444444 0.2462473
vt 0.4722222 0.2462473
vt 0.5 0.2462473
vt 0.2777778 0.2428092
vt 0.3055556 0.2428092
vt 0.3333333 0.2428092
vt 0.3611111 0.2428092
vt 0.3888889 0.2428092
vt 0.4166667 0.2428092
vt 0.4444444 0.2428092
vt 0.4722222 0.2428092
vt 0.5 0.2428092
vt 0.2777778 0.2395957
vt 0.3055556 0.2395957
vt 0.3333333 0.2395957
vt 0.3611111 0.2395957
vt 0.3888889 0.2395957
vt 0.4166667 0.2395957
vt 0.4444444 0.2395957
vt 0.4722222 0.2395957
vt 0.5 0.2395957
vt 0.2777778 0.2365169
vt 0.3055556 0.2365169
vt 0.3333333 0.2365169
vt 0.3611111 0.2365169
vt 0.3888889 0.2365169
vt 0.4166667 0.2365169
vt 0.4444444 0.2365169
vt 0.4722222 0.2365169
vt 0.5 0.2365169
vt 0.2777778 0.2334831
vt 0.3055556 0.2334831
vt 0.3333333 0.2334831
vt 0.3611111 0.2334831
vt 0.3888889 0.2334831
vt 0.4166667 0.2334831
vt 0.4444444 0.2334831
vt 0.4722222 0.2334831
vt 0.5 0.2334831
vt 0.2777778 0.2304044
vt 0.3055556 0.2304044
vt 0.3333333 0.2304044
vt 0.3611111 0.2304044
vt 0.3888889 0.2304044
vt 0.4166667 0.2304044
vt 0.4444444 0.2304044
vt 0.4722222 0.2304044
vt 0.5 0.2304044
vt 0.2777778 0.2271909
vt 0.3055556 0.2271909
vt 0.3333333 0.2271909
vt 0.3611111 0.2271909
vt 0.3888889 0.2271909
vt 0.4166667 0.2271909
vt 0.4444444 0.2271909
vt 0.4722222 0.2271909
vt 0.5 0.2271909
vt 0.2777778 0.2237527
vt 0.3055556 0.2237527
vt 0.3333333 0.2237527
vt 0.3611111 0.2237527
vt 0.3888889 0.2237527
vt 0.4166667 0.2237527
vt 0.4444444 0.2237527
vt 0.4722222 0.2237527
vt 0.5 0.2237527
vt 0.2777778 0.22
vt 0.3055556 0.22
vt 0.3333333 0.22
vt 0.3611111 0.22
vt 0.3888889 0.22
vt 0.4166667 0.22
vt 0.4444444 0.22
vt 0.4722222 0.22
vt 0.5 0.22
vt 0.75 0.25
vt 0.7222222 0.25
vt 0.6944444 0.25
vt 0.6666666 0.25
vt 0.6388889 0.25
vt 0.6111111 0.25
vt 0.5833333 0.25
vt 0.5555556 0.25
vt 0.5277778 0.25
vt 0.75 0.2462473
vt 0.7222222 0.2462473
vt 0.6944444 0.2462473
vt 0.6666666 0.2462473
vt 0.6388889 0.2462473
vt 0.6111111 0.2462473
vt 0.5833333 0.2462473
vt 0.5555556 0.2462473
vt 0.5277778 0.2462473
vt 0.75 0.2428092
vt 0.7222222 0.2428092
vt 0.6944444 0.2428092
vt 0.6666666 0.2428092
vt 0.6388889 0.2428092
vt 0.6111111 0.2428092
vt 0.5833333 0.2428092
vt 0.5555556 0.2428092
vt 0.5277778 0.2428092
vt 0.75 0.2395957
vt 0.7222222 0.2395957
vt 0.6944444 0.2395957
vt 0.6666666 0.2395957
vt 0.6388889 0.2395957
vt 0.6111111 0.2395957
vt 0.5833333 0.2395957
vt 0.5555556 0.2395957
vt 0.5277778 0.2395957
vt 0.75 0.2365169
vt 0.7222222 0.2365169
vt 0.6944444 0.2365169
vt 0.6666666 0.2365169
vt 0.6388889 0.2365169
vt 0.6111111 0.2365169
vt 0.5833333 0.2365169
vt 0.5555556 0.2365169
vt 0.5277778 0.2365169
vt 0.75 0.2334831
vt 0.7222222 0.2334831
vt 0.6944444 0.2334831
vt 0.6666666 0.2334831
vt 0.6388889 0.2334831
vt 0.6111111 0.2334831
vt 0.5833333 0.2334831
vt 0.5555556 0.2334831
vt 0.5277778 0.2334831
vt 0.75 0.2304044
vt 0.7222222 0.2304044
vt 0.6944444 0.2304044
vt 0.6666666 0.2304044
vt 0.6388889 0.2304044
vt 0.6111111 0.2304044
vt 0.5833333 0.2304044
vt 0.5555556 0.2304044
vt 0.5277778 0.2304044
vt 0.75 0.2271909
vt 0.7222222 0.2271909
vt 0.6944444 0.2271909
vt 0.6666666 0.2271909
vt 0.6388889 0.2271909
vt 0.6111111 0.2271909
vt 0.5833333 0.2271909
vt 0.5555556 0.2271909
vt 0.5277778 0.2271909
vt 0.75 0.2237527
vt 0.7222222 0.2237527
vt 0.6944444 0.2237527
vt 0.6666666 0.2237527
vt 0.6388889 0.2237527
vt 0.6111111 0.2237527
vt 0.5833333 0.2237527
vt 0.5555556 0.2237527
vt 0.5277778 0.2237527
vt 0.75 0.22
vt 0.7222222 0.22
vt 0.6944444 0.22
vt 0.6666666 0.22
vt 0.6388889 0.22
vt 0.6111111 0.22
vt 0.5833333 0.22
vt 0.5555556 0.22
vt 0.5277778 0.22
vt 1 0.25
vt 0.9722222 0.25
vt 0.9444444 0.25
vt 0.9166667 0.25
vt 0.8888889 0.25
vt 0.8611111 0.25
vt 0.8333333 0.25
vt 0.8055556 0.25
vt 0.7777778 0.25
vt 1 0.2462473
vt 0.9722222 0.2462473
vt 0.9444444 0.2462473
vt 0.9166667 0.2462473
vt 0.8888889 0.2462473
vt 0.8611111 0.2462473
vt 0.8333333 0.2462473
vt 0.8055556 0.2462473
vt 0.7777778 0.2462473
vt 1 0.2428092
vt 0.9722222 0.2428092
vt 0.9444444 0.2428092
vt 0.9166667 0.2428092
vt 0.8888889 0.2428092
vt 0.8611111 0.2428092
vt 0.8333333 0.2428092
vt 0.8055556 0.2428092
vt 0.7777778 0.2428092
vt 1 0.2395957
vt 0.9722222 0.2395957
vt 0.9444444 0.2395957
vt 0.9166667 0.2395957
vt 0.8888889 0.2395957
vt 0.8611111 0.2395957
vt 0.8333333 0.2395957
vt 0.8055556 0.2395957
vt 0.7777778 0.2395957
vt 1 0.2365169
vt 0.9722222 0.2365169
vt 0.9444444 0.2365169
vt 0.9166667 0.2365169
vt 0.8888889 0.2365169
vt 0.8611111 0.2365169
vt 0.8333333 0.2365169
vt 0.8055556 0.2365169
vt 0.7777778 0.2365169
vt 1 0.2334831
vt 0.9722222 0.2334831
vt 0.9444444 0.2334831
vt 0.9166667 0.2334831
vt 0.8888889 0.2334831
vt 0.8611111 0.2334831
vt 0.8333333 0.2334831
vt 0.8055556 0.2334831
vt 0.7777778 0.2334831
vt 1 0.2304044
vt 0.9722222 0.2304044
vt 0.9444444 0.2304044
vt 0.9166667 0.2304044
vt 0.8888889 0.2304044
vt 0.8611111 0.2304044
vt 0.8333333 0.2304044
vt 0.8055556 0.2304044
vt 0.7777778 0.2304044
vt 1 0.2271909
vt 0.9722222 0.2271909
vt 0.9444444 0.2271909
vt 0.9166667 0.2271909
vt 0.8888889 0.2271909
vt 0.8611111 0.2271909
vt 0.8333333 0.2271909
vt 0.8055556 0.2271909
vt 0.7777778 0.2271909
vt 1 0.2237527
vt 0.9722222 0.2237527
vt 0.9444444 0.2237527
vt 0.9166667 0.2237527
vt 0.8888889 0.2237527
vt 0.8611111 0.2237527
vt 0.8333333 0.2237527
vt 0.8055556 0.2237527
vt 0.7777778 0.2237527
vt 1 0.22
vt 0.9722222 0.22
vt 0.9444444 0.22
vt 0.9166667 0.22
vt 0.8888889 0.22
vt 0.8611111 0.22
vt 0.8333333 0.22
vt 0.8055556 0.22
vt 0.7777778 0.22
vt 0.02777778 0.2039826
vt 0.05555556 0.2039826
vt 0.08333334 0.2039826
vt 0.1111111 0.2039826
vt 0.1388889 0.2039826
vt 0.1666667 0.2039826
vt 0.1944444 0.2039826
vt 0.2222222 0.2039826
vt 0.25 0.2039826
vt 0.02777778 0.1880414
vt 0.05555556 0.1880414
vt 0.08333334 0.1880414
vt 0.1111111 0.1880414
vt 0.1388889 0.1880414
vt 0.1666667 0.1880414
vt 0.1944444 0.1880414
vt 0.2222222 0.1880414
vt 0.25 0.1880414
vt 0 0.1722529
vt 0.02777778 0.1722529
vt 0.05555556 0.1722529
vt 0.08333334 0.1722529
vt 0.1111111 0.1722529
vt 0.1388889 0.1722529
vt 0.1666667 0.1722529
vt 0.1944444 0.1722529
vt 0.2222222 0.1722529
vt 0.25 0.1722529
vt 0 0.1566933
vt 0.02777778 0.1566933
vt 0.05555556 0.1566933
vt 0.08333334 0.1566933
vt 0.1111111 0.1566933
vt 0.1388889 0.1566933
vt 0.1666667 0.1566933
vt 0.1944444 0.1566933
vt 0.2222222 0.1566933
vt 0.25 0.1566933
vt 0 0.141439
vt 0.02777778 0.141439
vt 0.05555556 0.141439
vt 0.08333334 0.141439
vt 0.1111111 0.141439
vt 0.1388889 0.141439
vt 0.1666667 0.141439
vt 0.1944444 0.1414389
vt 0.2222222 0.1414389
vt 0.25 0.141439
vt 0 0.1265661
vt 0.02777778 0.1265661
vt 0.05555556 0.1265661
vt 0.08333334 0.1265661
vt 0.1111111 0.1265661
vt 0.1388889 0.1265661
vt 0.1666667 0.1265661
vt 0.1944444 0.1265661
vt 0.2222222 0.1265661
vt 0.25 0.1265661
vt 0 0.1121511
vt 0.02777778 0.1121511
vt 0.05555556 0.1121511
vt 0.08333334 0.1121511
vt 0.1111111 0.1121511
vt 0.1388889 0.1121511
vt 0.1666667 0.1121511
vt 0.1944444 0.1121511
vt 0.2222222 0.1121511
vt 0.25 0.1121511
vt 0 0.0982703
vt 0.02777778 0.0982703
vt 0.05555556 0.0982703
vt 0.08333334 0.0982703
vt 0.1111111 0.0982703
vt 0.1388889 0.0982703
vt 0.1666667 0.0982703
vt 0.1944444 0.0982703
vt 0.2222222 0.0982703
vt 0.25 0.0982703
vt 0.02777778 0.08499998
vt 0.05555556 0.08499998
vt 0.08333334 0.08499998
vt 0.1111111 0.08499998
vt 0.1388889 0.08499998
vt 0.1666667 0.08499998
vt 0.1944444 0.08499998
vt 0.2222222 0.08499998
vt 0.25 0.08499998
vt 0 0.2092929
vt 0.01002453 0.2084476
vt 0.01789978 0.206009
vt 0.02083998 0.2039826
vt 0.02339435 0.2021413
vt 0.02600698 0.1971675
vt 0.02561015 0.1917565
vt 0.02317312 0.1880414
vt 0.02239435 0.186792
vt 0.01696021 0.1829418
vt 0.009435201 0.180519
vt 0 0.1796819
vt 0 0.09177747
vt 0.00783467 0.09056658
vt 0.01409238 0.08786917
vt 0.01730286 0.08499998
vt 0.2777778 0.2039826
vt 0.3055556 0.2039826
vt 0.3333333 0.2039826
vt 0.3611111 0.2039826
vt 0.3888889 0.2039826
vt 0.4166667 0.2039826
vt 0.4444444 0.2039826
vt 0.4722222 0.2039826
vt 0.5 0.2039826
vt 0.2777778 0.1880414
vt 0.3055556 0.1880414
vt 0.3333333 0.1880414
vt 0.3611111 0.1880414
vt 0.3888889 0.1880414
vt 0.4166667 0.1880414
vt 0.4444444 0.1880414
vt 0.4722222 0.1880414
vt 0.5 0.1880414
vt 0.2777778 0.1722529
vt 0.3055556 0.1722529
vt 0.3333333 0.1722529
vt 0.3611111 0.1722529
vt 0.3888889 0.1722529
vt 0.4166667 0.1722529
vt 0.4444444 0.1722529
vt 0.4722222 0.1722529
vt 0.5 0.1722529
vt 0.2777778 0.1566933
vt 0.3055556 0.1566933
vt 0.3333333 0.1566933
vt 0.3611111 0.1566933
vt 0.3888889 0.1566933
vt 0.4166667 0.1566933
vt 0.4444444 0.1566933
vt 0.4722222 0.1566933
vt 0.5 0.1566933
vt 0.2777778 0.141439
vt 0.3055556 0.141439
vt 0.3333333 0.141439
vt 0.3611111 0.141439
vt 0.3888889 0.141439
vt 0.4166667 0.141439
vt 0.4444444 0.1414389
vt 0.4722222 0.1414389
vt 0.5 0.141439
vt 0.2777778 0.1265661
vt 0.3055556 0.1265661
vt 0.3333333 0.1265661
vt 0.3611111 0.1265661
vt 0.3888889 0.1265661
vt 0.4166667 0.1265661
vt 0.4444444 0.1265661
vt 0.2777778 0.1121511
vt 0.3055556 0.1121511
vt 0.3333333 0.1121511
vt 0.3611111 0.1121511
vt 0.3888889 0.1121511
vt 0.4166667 0.1121511
vt 0.4444444 0.1121511
vt 0.2777778 0.0982703
vt 0.3055556 0.0982703
vt 0.3333333 0.0982703
vt 0.3611111 0.0982703
vt 0.3888889 0.0982703
vt 0.4166667 0.0982703
vt 0.4444444 0.0982703
vt 0.2777778 0.08499998
vt 0.3055556 0.08499998
vt 0.3333333 0.08499998
vt 0.3611111 0.08499998
vt 0.3888889 0.08499998
vt 0.4166667 0.08499998
vt 0.4444444 0.08499998
vt 0.5 0.1366407
vt 0.482816 0.133982
vt 0.4722222 0.128252
vt 0.4698953 0.1269685
vt 0.4695595 0.1265661
vt 0.4615139 0.1168337
vt 0.4599665 0.1121511
vt 0.4576278 0.1051641
vt 0.4578837 0.0982703
vt 0.4579423 0.09313859
vt 0.4611616 0.08499998
vt 0.75 0.2039826
vt 0.7222222 0.2039826
vt 0.6944444 0.2039826
vt 0.6666666 0.2039826
vt 0.6388889 0.2039826
vt 0.6111111 0.2039826
vt 0.5833333 0.2039826
vt 0.5555556 0.2039826
vt 0.5277778 0.2039826
vt 0.75 0.1880414
vt 0.7222222 0.1880414
vt 0.6944444 0.1880414
vt 0.6666666 0.1880414
vt 0.6388889 0.1880414
vt 0.6111111 0.1880414
vt 0.5833333 0.1880414
vt 0.5555556 0.1880414
vt 0.5277778 0.1880414
vt 0.75 0.1722529
vt 0.7222222 0.1722529
vt 0.6944444 0.1722529
vt 0.6666666 0.1722529
vt 0.6388889 0.1722529
vt 0.6111111 0.1722529
vt 0.5833333 0.1722529
vt 0.5555556 0.1722529
vt 0.5277778 0.1722529
vt 0.75 0.1566933
vt 0.7222222 0.1566933
vt 0.6944444 0.1566933
vt 0.6666666 0.1566933
vt 0.6388889 0.1566933
vt 0.6111111 0.1566933
vt 0.5833333 0.1566933
vt 0.5555556 0.1566933
vt 0.5277778 0.1566933
vt 0.75 0.141439
vt 0.7222222 0.141439
vt 0.6944444 0.141439
vt 0.6666666 0.141439
vt 0.6388889 0.141439
vt 0.6111111 0.141439
vt 0.5833333 0.141439
vt 0.5555556 0.1414389
vt 0.5277778 0.1414389
vt 0.75 0.1265661
vt 0.7222222 0.1265661
vt 0.6944444 0.1265661
vt 0.6666666 0.1265661
vt 0.6388889 0.1265661
vt 0.6111111 0.1265661
vt 0.5833333 0.1265661
vt 0.5555556 0.1265661
vt 0.75 0.1121511
vt 0.7222222 0.1121511
vt 0.6944444 0.1121511
vt 0.6666666 0.1121511
vt 0.6388889 0.1121511
vt 0.6111111 0.1121511
vt 0.5833333 0.1121511
vt 0.5555556 0.1121511
vt 0.75 0.0982703
vt 0.7222222 0.0982703
vt 0.6944444 0.0982703
vt 0.6666666 0.0982703
vt 0.6388889 0.0982703
vt 0.6111111 0.0982703
vt 0.5833333 0.0982703
vt 0.5555556 0.0982703
vt 0.75 0.08499998
vt 0.7222222 0.08499998
vt 0.6944444 0.08499998
vt 0.6666666 0.08499998
vt 0.6388889 0.08499998
vt 0.6111111 0.08499998
vt 0.5833333 0.08499998
vt 0.5555556 0.08499998
vt 0.517184 0.133982
vt 0.5277778 0.128252
vt 0.5301046 0.1269685
vt 0.5304404 0.1265661
vt 0.5384861 0.1168337
vt 0.5400336 0.1121511
vt 0.5423722 0.1051641
vt 0.5421163 0.0982703
vt 0.5420576 0.09313859
vt 0.5388384 0.08499998
vt 0.9722222 0.2039826
vt 0.9444444 0.2039826
vt 0.9166667 0.2039826
vt 0.8888889 0.2039826
vt 0.8611111 0.2039826
vt 0.8333333 0.2039826
vt 0.8055556 0.2039826
vt 0.7777778 0.2039826
vt 0.9722222 0.1880414
vt 0.9444444 0.1880414
vt 0.9166667 0.1880414
vt 0.8888889 0.1880414
vt 0.8611111 0.1880414
vt 0.8333333 0.1880414
vt 0.8055556 0.1880414
vt 0.7777778 0.1880414
vt 1 0.1722529
vt 0.9722222 0.1722529
vt 0.9444444 0.1722529
vt 0.9166667 0.1722529
vt 0.8888889 0.1722529
vt 0.8611111 0.1722529
vt 0.8333333 0.1722529
vt 0.8055556 0.1722529
vt 0.7777778 0.1722529
vt 1 0.1566933
vt 0.9722222 0.1566933
vt 0.9444444 0.1566933
vt 0.9166667 0.1566933
vt 0.8888889 0.1566933
vt 0.8611111 0.1566933
vt 0.8333333 0.1566933
vt 0.8055556 0.1566933
vt 0.7777778 0.1566933
vt 1 0.141439
vt 0.9722222 0.141439
vt 0.9444444 0.141439
vt 0.9166667 0.141439
vt 0.8888889 0.141439
vt 0.8611111 0.141439
vt 0.8333333 0.141439
vt 0.8055556 0.1414389
vt 0.7777778 0.1414389
vt 1 0.1265661
vt 0.9722222 0.1265661
vt 0.9444444 0.1265661
vt 0.9166667 0.1265661
vt 0.8888889 0.1265661
vt 0.8611111 0.1265661
vt 0.8333333 0.1265661
vt 0.8055556 0.1265661
vt 0.7777778 0.1265661
vt 1 0.1121511
vt 0.9722222 0.1121511
vt 0.9444444 0.1121511
vt 0.9166667 0.1121511
vt 0.8888889 0.1121511
vt 0.8611111 0.1121511
vt 0.8333333 0.1121511
vt 0.8055556 0.1121511
vt 0.7777778 0.1121511
vt 1 0.0982703
vt 0.9722222 0.0982703
vt 0.9444444 0.0982703
vt 0.9166667 0.0982703
vt 0.8888889 0.0982703
vt 0.8611111 0.0982703
vt 0.8333333 0.0982703
vt 0.8055556 0.0982703
vt 0.7777778 0.0982703
vt 0.9722222 0.08499998
vt 0.9444444 0.08499998
vt 0.9166667 0.08499998
vt 0.8888889 0.08499998
vt 0.8611111 0.08499998
vt 0.8333333 0.08499998
vt 0.8055556 0.08499998
vt 0.7777778 0.08499998
vt 1 0.2092929
vt 0.9899755 0.2084476
vt 0.9821002 0.206009
vt 0.97916 0.2039826
vt 0.9766057 0.2021413
vt 0.973993 0.1971675
vt 0.9743899 0.1917565
vt 0.9768269 0.1880414
vt 0.9776056 0.186792
vt 0.9830398 0.1829418
vt 0.9905648 0.180519
vt 1 0.1796819
vt 1 0.09177747
vt 0.9921653 0.09056658
vt 0.9859076 0.08786917
vt 0.9826971 0.08499998
vt 0.02777778 0.07183462
vt 0.05555556 0.07183462
vt 0.08333334 0.07183462
vt 0.1111111 0.07183462
vt 0.1388889 0.07183462
vt 0.1666667 0.07183462
vt 0.1944444 0.07183462
vt 0.2222222 0.07183462
vt 0.25 0.07183462
vt 0.02777778 0.05900639
vt 0.05555556 0.05900639
vt 0.08333334 0.05900639
vt 0.1111111 0.05900639
vt 0.1388889 0.05900639
vt 0.1666667 0.05900639
vt 0.1944444 0.05900639
vt 0.2222222 0.05900639
vt 0.25 0.05900639
vt 0 0.0467695
vt 0.02777778 0.0467695
vt 0.05555556 0.0467695
vt 0.08333334 0.0467695
vt 0.1111111 0.0467695
vt 0.1388889 0.0467695
vt 0.1666667 0.0467695
vt 0.1944444 0.0467695
vt 0.2222222 0.0467695
vt 0.25 0.0467695
vt 0 0.03537804
vt 0.02777778 0.03537804
vt 0.05555556 0.03537804
vt 0.08333334 0.03537804
vt 0.1111111 0.03537804
vt 0.1388889 0.03537804
vt 0.1666667 0.03537804
vt 0.1944444 0.03537804
vt 0.2222222 0.03537804
vt 0.25 0.03537804
vt 0 0.02508634
vt 0.02777778 0.02508634
vt 0.05555556 0.02508634
vt 0.08333334 0.02508634
vt 0.1111111 0.02508634
vt 0.1388889 0.02508634
vt 0.1666667 0.02508634
vt 0.1944444 0.02508634
vt 0.2222222 0.02508634
vt 0.25 0.02508634
vt 0 0.01614851
vt 0.02777778 0.01614851
vt 0.05555556 0.01614851
vt 0.08333334 0.01614851
vt 0.1111111 0.01614851
vt 0.1388889 0.01614851
vt 0.1666667 0.01614851
vt 0.1944444 0.01614851
vt 0.2222222 0.01614851
vt 0.25 0.01614851
vt 0 0.008818686
vt 0.02777778 0.008818686
vt 0.05555556 0.008818686
vt 0.08333334 0.008818686
vt 0.1111111 0.008818686
vt 0.1388889 0.008818686
vt 0.1666667 0.008818686
vt 0.1944444 0.008818686
vt 0.2222222 0.008818686
vt 0.25 0.008818686
vt 0 0.003351152
vt 0.02777778 0.003351152
vt 0.05555556 0.003351152
vt 0.08333334 0.003351152
vt 0.1111111 0.003351152
vt 0.1388889 0.003351152
vt 0.1666667 0.003351152
vt 0.1944444 0.003351152
vt 0.2222222 0.003351152
vt 0.25 0.003351152
vt 0 0
vt 0.02777778 0
vt 0.05555556 0
vt 0.08333334 0
vt 0.1111111 0
vt 0.1388889 0
vt 0.1666667 0
vt 0.1944444 0
vt 0.2222222 0
vt 0.25 0
vt 0.01867275 0.08364291
vt 0.02125436 0.07778437
vt 0.02133146 0.07183462
vt 0.02134768 0.07143974
vt 0.01909572 0.06444921
vt 0.01464261 0.05924495
vt 0.01418262 0.05900639
vt 0.008189723 0.05541155
vt 0 0.05449129
vt 0.2777778 0.07183462
vt 0.3055556 0.07183462
vt 0.3333333 0.07183462
vt 0.3611111 0.07183462
vt 0.3888889 0.07183462
vt 0.4166667 0.07183462
vt 0.4444444 0.07183462
vt 0.2777778 0.05900639
vt 0.3055556 0.05900639
vt 0.3333333 0.05900639
vt 0.3611111 0.05900639
vt 0.3888889 0.05900639
vt 0.4166667 0.05900639
vt 0.4444444 0.05900639
vt 0.4722222 0.05900639
vt 0.5 0.05900639
vt 0.2777778 0.0467695
vt 0.3055556 0.0467695
vt 0.3333333 0.0467695
vt 0.3611111 0.0467695
vt 0.3888889 0.0467695
vt 0.4166667 0.0467695
vt 0.4444444 0.0467695
vt 0.4722222 0.0467695
vt 0.5 0.0467695
vt 0.2777778 0.03537804
vt 0.3055556 0.03537804
vt 0.3333333 0.03537804
vt 0.3611111 0.03537804
vt 0.3888889 0.03537804
vt 0.4166667 0.03537804
vt 0.4444444 0.03537804
vt 0.4722222 0.03537804
vt 0.5 0.03537804
vt 0.2777778 0.02508634
vt 0.3055556 0.02508634
vt 0.3333333 0.02508634
vt 0.3611111 0.02508634
vt 0.3888889 0.02508634
vt 0.4166667 0.02508634
vt 0.4444444 0.02508634
vt 0.4722222 0.02508634
vt 0.5 0.02508634
vt 0.2777778 0.01614851
vt 0.3055556 0.01614851
vt 0.3333333 0.01614851
vt 0.3611111 0.01614851
vt 0.3888889 0.01614851
vt 0.4166667 0.01614851
vt 0.4444444 0.01614851
vt 0.4722222 0.01614851
vt 0.5 0.01614851
vt 0.2777778 0.008818686
vt 0.3055556 0.008818686
vt 0.3333333 0.008818686
vt 0.3611111 0.008818686
vt 0.3888889 0.008818686
vt 0.4166667 0.008818686
vt 0.4444444 0.008818686
vt 0.4722222 0.008818686
vt 0.5 0.008818686
vt 0.2777778 0.003351152
vt 0.3055556 0.003351152
vt 0.3333333 0.003351152
vt 0.3611111 0.003351152
vt 0.3888889 0.003351152
vt 0.4166667 0.003351152
vt 0.4444444 0.003351152
vt 0.4722222 0.003351152
vt 0.5 0.003351152
vt 0.2777778 0
vt 0.3055556 0
vt 0.3333333 0
vt 0.3611111 0
vt 0.3888889 0
vt 0.4166667 0
vt 0.4444444 0
vt 0.4722222 0
vt 0.5 0
vt 0.4622588 0.08163997
vt 0.4705561 0.07183462
vt 0.4707026 0.07162144
vt 0.4722222 0.0707231
vt 0.4832538 0.06344384
vt 0.5 0.06077118
vt 0.75 0.07183462
vt 0.7222222 0.07183462
vt 0.6944444 0.07183462
vt 0.6666666 0.07183462
vt 0.6388889 0.07183462
vt 0.6111111 0.07183462
vt 0.5833333 0.07183462
vt 0.5555556 0.07183462
vt 0.75 0.05900639
vt 0.7222222 0.05900639
vt 0.6944444 0.05900639
vt 0.6666666 0.05900639
vt 0.6388889 0.05900639
vt 0.6111111 0.05900639
vt 0.5833333 0.05900639
vt 0.5555556 0.05900639
vt 0.5277778 0.05900639
vt 0.75 0.0467695
vt 0.7222222 0.0467695
vt 0.6944444 0.0467695
vt 0.6666666 0.0467695
vt 0.6388889 0.0467695
vt 0.6111111 0.0467695
vt 0.5833333 0.0467695
vt 0.5555556 0.0467695
vt 0.5277778 0.0467695
vt 0.75 0.03537804
vt 0.7222222 0.03537804
vt 0.6944444 0.03537804
vt 0.6666666 0.03537804
vt 0.6388889 0.03537804
vt 0.6111111 0.03537804
vt 0.5833333 0.03537804
vt 0.5555556 0.03537804
vt 0.5277778 0.03537804
vt 0.75 0.02508634
vt 0.7222222 0.02508634
vt 0.6944444 0.02508634
vt 0.6666666 0.02508634
vt 0.6388889 0.02508634
vt 0.6111111 0.02508634
vt 0.5833333 0.02508634
vt 0.5555556 0.02508634
vt 0.5277778 0.02508634
vt 0.75 0.01614851
vt 0.7222222 0.01614851
vt 0.6944444 0.01614851
vt 0.6666666 0.01614851
vt 0.6388889 0.01614851
vt 0.6111111 0.01614851
vt 0.5833333 0.01614851
vt 0.5555556 0.01614851
vt 0.5277778 0.01614851
vt 0.75 0.008818686
vt 0.7222222 0.008818686
vt 0.6944444 0.008818686
vt 0.6666666 0.008818686
vt 0.6388889 0.008818686
vt 0.6111111 0.008818686
vt 0.5833333 0.008818686
vt 0.5555556 0.008818686
vt 0.5277778 0.008818686
vt 0.75 0.003351152
vt 0.7222222 0.003351152
vt 0.6944444 0.003351152
vt 0.6666666 0.003351152
vt 0.6388889 0.003351152
vt 0.6111111 0.003351152
vt 0.5833333 0.003351152
vt 0.5555556 0.003351152
vt 0.5277778 0.003351152
vt 0.75 0
vt 0.7222222 0
vt 0.6944444 0
vt 0.6666666 0
vt 0.6388889 0
vt 0.6111111 0
vt 0.5833333 0
vt 0.5555556 0
vt 0.5277778 0
vt 0.5377412 0.08163997
vt 0.5294439 0.07183462
vt 0.5292974 0.07162144
vt 0.5277778 0.0707231
vt 0.5167462 0.06344384
vt 0.9722222 0.07183462
vt 0.9444444 0.07183462
vt 0.9166667 0.07183462
vt 0.8888889 0.07183462
vt 0.8611111 0.07183462
vt 0.8333333 0.07183462
vt 0.8055556 0.07183462
vt 0.7777778 0.07183462
vt 0.9722222 0.05900639
vt 0.9444444 0.05900639
vt 0.9166667 0.05900639
vt 0.8888889 0.05900639
vt 0.8611111 0.05900639
vt 0.8333333 0.05900639
vt 0.8055556 0.05900639
vt 0.7777778 0.05900639
vt 1 0.0467695
vt 0.9722222 0.0467695
vt 0.9444444 0.0467695
vt 0.9166667 0.0467695
vt 0.8888889 0.0467695
vt 0.8611111 0.0467695
vt 0.8333333 0.0467695
vt 0.8055556 0.0467695
vt 0.7777778 0.0467695
vt 1 0.03537804
vt 0.9722222 0.03537804
vt 0.9444444 0.03537804
vt 0.9166667 0.03537804
vt 0.8888889 0.03537804
vt 0.8611111 0.03537804
vt 0.8333333 0.03537804
vt 0.8055556 0.03537804
vt 0.7777778 0.03537804
vt 1 0.02508634
vt 0.9722222 0.02508634
vt 0.9444444 0.02508634
vt 0.9166667 0.02508634
vt 0.8888889 0.02508634
vt 0.8611111 0.02508634
vt 0.8333333 0.02508634
vt 0.8055556 0.02508634
vt 0.7777778 0.02508634
vt 1 0.01614851
vt 0.9722222 0.01614851
vt 0.9444444 0.01614851
vt 0.9166667 0.01614851
vt 0.8888889 0.01614851
vt 0.8611111 0.01614851
vt 0.8333333 0.01614851
vt 0.8055556 0.01614851
vt 0.7777778 0.01614851
vt 1 0.008818686
vt 0.9722222 0.008818686
vt 0.9444444 0.008818686
vt 0.9166667 0.008818686
vt 0.8888889 0.008818686
vt 0.8611111 0.008818686
vt 0.8333333 0.008818686
vt 0.8055556 0.008818686
vt 0.7777778 0.008818686
vt 1 0.003351152
vt 0.9722222 0.003351152
vt 0.9444444 0.003351152
vt 0.9166667 0.003351152
vt 0.8888889 0.003351152
vt 0.8611111 0.003351152
vt 0.8333333 0.003351152
vt 0.8055556 0.003351152
vt 0.7777778 0.003351152
vt 1 0
vt 0.9722222 0
vt 0.9444444 0
vt 0.9166667 0
vt 0.8888889 0
vt 0.8611111 0
vt 0.8333333 0
vt 0.8055556 0
vt 0.7777778 0
vt 0.9813272 0.08364291
vt 0.9787456 0.07778437
vt 0.9786685 0.07183462
vt 0.9786523 0.07143974
vt 0.9809043 0.06444921
vt 0.9853574 0.05924495
vt 0.9858174 0.05900639
vt 0.9918103 0.05541155
vt 1 0.05449129
vt 0.125 0.9921875
vt 0.1453494 0.9904072
vt 0.1650805 0.9851202
vt 0.1835938 0.9764873
vt 0.2003267 0.9647709
vt 0.2147709 0.9503267
vt 0.2264874 0.9335938
vt 0.2351202 0.9150805
vt 0.2404072 0.8953494
vt 0.2421875 0.875
vt 0.125 0.9896301
vt 0.1449053 0.9878886
vt 0.1642058 0.982717
vt 0.1823151 0.9742726
vt 0.1986828 0.9628118
vt 0.2128118 0.9486828
vt 0.2242726 0.932315
vt 0.2327171 0.9142058
vt 0.2378886 0.8949053
vt 0.2396301 0.875
vt 0.125 0.9861959
vt 0.144309 0.9845065
vt 0.1630312 0.9794899
vt 0.1805979 0.9712985
vt 0.1964753 0.960181
vt 0.210181 0.9464753
vt 0.2212985 0.9305979
vt 0.22949 0.9130312
vt 0.2345065 0.894309
vt 0.2361959 0.875
vt 0.125 0.9811395
vt 0.1434309 0.979527
vt 0.1613019 0.9747385
vt 0.1780698 0.9669195
vt 0.1932252 0.9563076
vt 0.2063076 0.9432251
vt 0.2169195 0.9280697
vt 0.2247385 0.9113019
vt 0.229527 0.8934309
vt 0.2311395 0.875
vt 0.125 0.9737157
vt 0.1421418 0.972216
vt 0.1587628 0.9677625
vt 0.1743579 0.9604903
vt 0.1884533 0.9506207
vt 0.2006207 0.9384533
vt 0.2104903 0.9243578
vt 0.2177625 0.9087628
vt 0.222216 0.8921418
vt 0.2237157 0.875
vt 0.125 0.9631792
vt 0.1403122 0.9618396
vt 0.1551591 0.9578614
vt 0.1690896 0.9513655
vt 0.1816805 0.9425492
vt 0.1925492 0.9316805
vt 0.2013655 0.9190896
vt 0.2078614 0.9051591
vt 0.2118396 0.8903122
vt 0.2131792 0.875
vt 0.125 0.9487847
vt 0.1378126 0.9476638
vt 0.1502359 0.944335
vt 0.1618924 0.9388995
vt 0.1724279 0.9315224
vt 0.1815224 0.9224279
vt 0.1888995 0.9118924
vt 0.194335 0.9002358
vt 0.1976638 0.8878126
vt 0.1987847 0.875
vt 0.125 0.9297869
vt 0.1345136 0.9289545
vt 0.1437382 0.9264828
vt 0.1523934 0.9224468
vt 0.1602163 0.9169692
vt 0.1669692 0.9102163
vt 0.1724468 0.9023934
vt 0.1764828 0.8937382
vt 0.1789545 0.8845136
vt 0.1797869 0.875
vt 0.125 0.9054404
vt 0.1302859 0.9049779
vt 0.1354112 0.9036046
vt 0.1402202 0.9013622
vt 0.1445667 0.8983187
vt 0.1483187 0.8945667
vt 0.1513622 0.8902202
vt 0.1536046 0.8854112
vt 0.1549779 0.8802859
vt 0.1554404 0.875
vt 0.125 0.875
vt 0.2404072 0.8546506
vt 0.2351202 0.8349195
vt 0.2264874 0.8164063
vt 0.2147708 0.7996733
vt 0.2003267 0.7852291
vt 0.1835937 0.7735127
vt 0.1650805 0.7648798
vt 0.1453494 0.7595928
vt 0.125 0.7578125
vt 0.2378886 0.8550947
vt 0.2327171 0.8357942
vt 0.2242726 0.8176849
vt 0.2128118 0.8013172
vt 0.1986828 0.7871882
vt 0.182315 0.7757274
vt 0.1642058 0.767283
vt 0.1449053 0.7621114
vt 0.125 0.7603699
vt 0.2345065 0.855691
vt 0.2294899 0.8369688
vt 0.2212985 0.8194021
vt 0.210181 0.8035247
vt 0.1964753 0.789819
vt 0.1805979 0.7787015
vt 0.1630312 0.7705101
vt 0.144309 0.7654935
vt 0.125 0.7638041
vt 0.229527 0.8565691
vt 0.2247385 0.8386981
vt 0.2169195 0.8219302
vt 0.2063076 0.8067749
vt 0.1932252 0.7936924
vt 0.1780698 0.7830805
vt 0.1613019 0.7752615
vt 0.1434309 0.770473
vt 0.125 0.7688605
vt 0.222216 0.8578582
vt 0.2177624 0.8412372
vt 0.2104903 0.8256421
vt 0.2006207 0.8115467
vt 0.1884533 0.7993793
vt 0.1743579 0.7895097
vt 0.1587628 0.7822375
vt 0.1421418 0.777784
vt 0.125 0.7762843
vt 0.2118396 0.8596878
vt 0.2078614 0.8448409
vt 0.2013655 0.8309104
vt 0.1925492 0.8183195
vt 0.1816805 0.8074508
vt 0.1690896 0.7986345
vt 0.1551591 0.7921386
vt 0.1403122 0.7881604
vt 0.125 0.7868208
vt 0.1976638 0.8621874
vt 0.194335 0.8497641
vt 0.1888994 0.8381076
vt 0.1815224 0.8275721
vt 0.1724279 0.8184776
vt 0.1618924 0.8111005
vt 0.1502359 0.805665
vt 0.1378126 0.8023362
vt 0.125 0.8012153
vt 0.1789545 0.8654863
vt 0.1764828 0.8562618
vt 0.1724468 0.8476065
vt 0.1669692 0.8397837
vt 0.1602163 0.8330308
vt 0.1523934 0.8275532
vt 0.1437382 0.8235172
vt 0.1345136 0.8210455
vt 0.125 0.8202131
vt 0.1549779 0.8697141
vt 0.1536046 0.8645887
vt 0.1513622 0.8597798
vt 0.1483187 0.8554333
vt 0.1445667 0.8516813
vt 0.1402202 0.8486378
vt 0.1354112 0.8463954
vt 0.1302859 0.8450221
vt 0.125 0.8445596
vt 0.0078125 0.875
vt 0.009592846 0.8546506
vt 0.01487978 0.8349195
vt 0.02351265 0.8164063
vt 0.03522916 0.7996733
vt 0.04967335 0.7852291
vt 0.06640626 0.7735127
vt 0.08491953 0.7648798
vt 0.1046506 0.7595928
vt 0.0103699 0.875
vt 0.0121114 0.8550947
vt 0.01728295 0.8357942
vt 0.02572742 0.8176849
vt 0.03718825 0.8013172
vt 0.05131721 0.7871882
vt 0.06768496 0.7757274
vt 0.08579421 0.767283
vt 0.1050947 0.7621114
vt 0.01380414 0.875
vt 0.01549345 0.855691
vt 0.02051008 0.8369688
vt 0.02870154 0.8194021
vt 0.03981902 0.8035247
vt 0.05352469 0.789819
vt 0.06940207 0.7787015
vt 0.08696878 0.7705101
vt 0.105691 0.7654935
vt 0.01886047 0.875
vt 0.02047297 0.8565691
vt 0.02526148 0.8386981
vt 0.03308047 0.8219302
vt 0.04369241 0.8067749
vt 0.05677484 0.7936924
vt 0.07193024 0.7830805
vt 0.08869815 0.7752615
vt 0.1065691 0.770473
vt 0.02628426 0.875
vt 0.02778398 0.8578582
vt 0.03223756 0.8412372
vt 0.03950965 0.8256421
vt 0.04937935 0.8115467
vt 0.06154674 0.7993793
vt 0.07564214 0.7895097
vt 0.09123723 0.7822375
vt 0.1078582 0.777784
vt 0.03682075 0.875
vt 0.03816041 0.8596878
vt 0.04213862 0.8448409
vt 0.04863453 0.8309104
vt 0.05745077 0.8183195
vt 0.06831948 0.8074508
vt 0.08091038 0.7986345
vt 0.09484093 0.7921386
vt 0.1096878 0.7881604
vt 0.05121528 0.875
vt 0.05233625 0.8621874
vt 0.05566505 0.8497641
vt 0.06110056 0.8381076
vt 0.06847763 0.8275721
vt 0.07757211 0.8184776
vt 0.08810765 0.8111005
vt 0.09976414 0.805665
vt 0.1121874 0.8023362
vt 0.07021312 0.875
vt 0.07104546 0.8654863
vt 0.07351719 0.8562618
vt 0.07755318 0.8476065
vt 0.08303082 0.8397837
vt 0.08978368 0.8330308
vt 0.09760657 0.8275532
vt 0.1062618 0.8235172
vt 0.1154864 0.8210455
vt 0.09455961 0.875
vt 0.09502207 0.8697141
vt 0.09639539 0.8645887
vt 0.09863785 0.8597798
vt 0.1016813 0.8554333
vt 0.1054333 0.8516813
vt 0.1097798 0.8486378
vt 0.1145888 0.8463954
vt 0.1197141 0.8450221
vt 0.1046506 0.9904072
vt 0.08491951 0.9851202
vt 0.06640625 0.9764873
vt 0.04967332 0.9647709
vt 0.03522915 0.9503267
vt 0.02351263 0.9335938
vt 0.01487976 0.9150805
vt 0.009592846 0.8953494
vt 0.1050947 0.9878886
vt 0.0857942 0.982717
vt 0.06768495 0.9742726
vt 0.05131719 0.9628118
vt 0.03718823 0.9486828
vt 0.02572742 0.932315
vt 0.01728293 0.9142058
vt 0.0121114 0.8949053
vt 0.105691 0.9845065
vt 0.08696878 0.9794899
vt 0.06940205 0.9712985
vt 0.05352467 0.960181
vt 0.039819 0.9464753
vt 0.02870154 0.9305979
vt 0.02051005 0.9130312
vt 0.01549345 0.894309
vt 0.1065691 0.979527
vt 0.08869815 0.9747385
vt 0.07193023 0.9669195
vt 0.05677482 0.9563076
vt 0.04369238 0.9432251
vt 0.03308046 0.9280697
vt 0.02526146 0.9113019
vt 0.02047297 0.8934309
vt 0.1078582 0.972216
vt 0.09123723 0.9677625
vt 0.07564212 0.9604903
vt 0.06154674 0.9506207
vt 0.04937933 0.9384533
vt 0.03950965 0.9243578
vt 0.03223753 0.9087628
vt 0.02778398 0.8921418
vt 0.1096878 0.9618396
vt 0.09484093 0.9578614
vt 0.08091037 0.9513655
vt 0.06831947 0.9425492
vt 0.05745077 0.9316805
vt 0.04863453 0.9190896
vt 0.04213861 0.9051591
vt 0.03816041 0.8903122
vt 0.1121874 0.9476638
vt 0.09976414 0.944335
vt 0.08810763 0.9388995
vt 0.07757209 0.9315224
vt 0.06847762 0.9224279
vt 0.06110054 0.9118924
vt 0.05566505 0.9002358
vt 0.05233625 0.8878126
vt 0.1154864 0.9289545
vt 0.1062618 0.9264828
vt 0.09760655 0.9224468
vt 0.08978367 0.9169692
vt 0.08303082 0.9102163
vt 0.07755318 0.9023934
vt 0.07351717 0.8937382
vt 0.07104546 0.8845136
vt 0.1197141 0.9049779
vt 0.1145888 0.9036046
vt 0.1097798 0.9013622
vt 0.1054333 0.8983187
vt 0.1016813 0.8945667
vt 0.09863783 0.8902202
vt 0.09639537 0.8854112
vt 0.09502207 0.8802859
vt 0.75 0.9693884
vt 0.7638889 0.9694746
vt 0.7777778 0.9696795
vt 0.7916667 0.9699308
vt 0.8055556 0.9701796
vt 0.8194444 0.9703987
vt 0.8333333 0.9705752
vt 0.8472222 0.9707039
vt 0.8611111 0.9707824
vt 0.875 0.970809
vt 0.75 0.9388266
vt 0.7638889 0.9389433
vt 0.7777778 0.9392226
vt 0.7916667 0.9395697
vt 0.8055556 0.9399191
vt 0.8194444 0.9402325
vt 0.8333333 0.9404895
vt 0.8472222 0.94068
vt 0.8611111 0.9407977
vt 0.875 0.9408381
vt 0.75 0.9085969
vt 0.7638889 0.908703
vt 0.7777778 0.9089602
vt 0.7916667 0.9092873
vt 0.8055556 0.909626
vt 0.8194444 0.9099389
vt 0.8333333 0.9102026
vt 0.8472222 0.9104027
vt 0.8611111 0.910529
vt 0.875 0.9105729
vt 0.75 0.8789816
vt 0.7638889 0.8790507
vt 0.7777778 0.8792232
vt 0.7916667 0.8794541
vt 0.8055556 0.8797077
vt 0.8194444 0.8799553
vt 0.8333333 0.8801743
vt 0.8472222 0.8803468
vt 0.8611111 0.8804591
vt 0.875 0.8804991
vt 0.75 0.8502631
vt 0.7638889 0.8502832
vt 0.7777778 0.8503425
vt 0.7916667 0.8504409
vt 0.8055556 0.8505717
vt 0.8194444 0.8507193
vt 0.8333333 0.8508641
vt 0.8472222 0.850987
vt 0.8611111 0.8510713
vt 0.875 0.8511024
vt 0.75 0.8227233
vt 0.7638889 0.8226975
vt 0.7777778 0.8226489
vt 0.7916667 0.8226182
vt 0.8055556 0.8226255
vt 0.8194444 0.8226683
vt 0.8333333 0.8227319
vt 0.8472222 0.8227978
vt 0.8611111 0.8228484
vt 0.875 0.8228685
vt 0.75 0.7966447
vt 0.7638889 0.7965904
vt 0.7777778 0.7964734
vt 0.7916667 0.7963568
vt 0.8055556 0.7962765
vt 0.8194444 0.7962398
vt 0.8333333 0.7962373
vt 0.8472222 0.7962537
vt 0.8611111 0.7962736
vt 0.875 0.796283
vt 0.75 0.7723095
vt 0.7638889 0.772259
vt 0.7777778 0.7721468
vt 0.7916667 0.7720272
vt 0.8055556 0.7719322
vt 0.8194444 0.7718712
vt 0.8333333 0.7718401
vt 0.8472222 0.7718296
vt 0.8611111 0.7718298
vt 0.875 0.7718316
vt 0.875 0.75
vt 0.75 0.9812939
vt 0.7638889 0.9823782
vt 0.7777778 0.9828867
vt 0.7916667 0.9829233
vt 0.8033564 0.9826893
vt 0.8055556 0.9827102
vt 0.8056269 0.9827075
vt 0.8194444 0.9841273
vt 0.8217495 0.9842217
vt 0.8333333 0.9850712
vt 0.8401874 0.9853687
vt 0.8472222 0.9865881
vt 0.8611111 0.9878993
vt 0.875 0.9876884
vt 0.75 0.9829798
vt 0.75 0.9846659
vt 0.75 0.986352
vt 0.7638888 0.9840642
vt 0.7638889 0.9857503
vt 0.7638889 0.9874364
vt 0.7777778 0.9845727
vt 0.7777778 0.9862587
vt 0.7777778 0.9879448
vt 0.7916666 0.9846094
vt 0.7916666 0.9862955
vt 0.7916667 0.9879814
vt 0.8033564 0.9843753
vt 0.8033564 0.9860613
vt 0.8033564 0.9877474
vt 0.8055556 0.9843962
vt 0.8055556 0.9860823
vt 0.8055556 0.9877683
vt 0.8056269 0.9843935
vt 0.8056269 0.9860796
vt 0.8056269 0.9877656
vt 0.8194444 0.9858133
vt 0.8194444 0.9874994
vt 0.8194444 0.9891855
vt 0.8217494 0.9859077
vt 0.8217495 0.9875938
vt 0.8217495 0.9892798
vt 0.8333333 0.9867573
vt 0.8333334 0.9884434
vt 0.8333333 0.9901294
vt 0.8401873 0.9870547
vt 0.8401874 0.9887408
vt 0.8401874 0.9904268
vt 0.8472221 0.9882741
vt 0.8472222 0.9899601
vt 0.8472222 0.9916462
vt 0.861111 0.9895853
vt 0.8611111 0.9912714
vt 0.8611111 0.9929574
vt 0.875 0.9893744
vt 0.875 0.9910605
vt 0.875 0.9927465
vt 1 0.9693884
vt 0.9861111 0.9694746
vt 0.9722222 0.9696795
vt 0.9583333 0.9699308
vt 0.9444444 0.9701796
vt 0.9305556 0.9703987
vt 0.9166667 0.9705752
vt 0.9027778 0.9707039
vt 0.8888889 0.9707824
vt 1 0.9388266
vt 0.9861111 0.9389433
vt 0.9722222 0.9392226
vt 0.9583333 0.9395697
vt 0.9444444 0.9399191
vt 0.9305556 0.9402325
vt 0.9166667 0.9404895
vt 0.9027778 0.94068
vt 0.8888889 0.9407977
vt 1 0.9085969
vt 0.9861111 0.908703
vt 0.9722222 0.9089602
vt 0.9583333 0.9092873
vt 0.9444444 0.909626
vt 0.9305556 0.9099389
vt 0.9166667 0.9102026
vt 0.9027778 0.9104027
vt 0.8888889 0.910529
vt 1 0.8789816
vt 0.9861111 0.8790507
vt 0.9722222 0.8792232
vt 0.9583333 0.8794541
vt 0.9444444 0.8797077
vt 0.9305556 0.8799553
vt 0.9166667 0.8801743
vt 0.9027778 0.8803468
vt 0.8888889 0.8804591
vt 1 0.8502631
vt 0.9861111 0.8502832
vt 0.9722222 0.8503425
vt 0.9583333 0.8504409
vt 0.9444444 0.8505717
vt 0.9305556 0.8507193
vt 0.9166667 0.8508641
vt 0.9027778 0.850987
vt 0.8888889 0.8510713
vt 1 0.8227233
vt 0.9861111 0.8226975
vt 0.9722222 0.8226489
vt 0.9583333 0.8226182
vt 0.9444444 0.8226255
vt 0.9305556 0.8226683
vt 0.9166667 0.8227319
vt 0.9027778 0.8227978
vt 0.8888889 0.8228484
vt 1 0.7966447
vt 0.9861111 0.7965904
vt 0.9722222 0.7964734
vt 0.9583333 0.7963568
vt 0.9444444 0.7962765
vt 0.9305556 0.7962398
vt 0.9166667 0.7962373
vt 0.9027778 0.7962537
vt 0.8888889 0.7962736
vt 1 0.7723095
vt 0.9861111 0.772259
vt 0.9722222 0.7721468
vt 0.9583333 0.7720272
vt 0.9444444 0.7719322
vt 0.9305556 0.7718712
vt 0.9166667 0.7718401
vt 0.9027778 0.7718296
vt 0.8888889 0.7718298
vt 1 0.75
vt 0.9861111 0.75
vt 0.9722222 0.75
vt 0.9583333 0.75
vt 0.9444444 0.75
vt 0.9305556 0.75
vt 0.9166667 0.75
vt 0.9027778 0.75
vt 0.8888889 0.75
vt 1 0.9812939
vt 0.9861111 0.9823782
vt 0.9722222 0.9828867
vt 0.9583333 0.9829233
vt 0.9466436 0.9826893
vt 0.9444444 0.9827102
vt 0.9443731 0.9827075
vt 0.9305556 0.9841273
vt 0.9282505 0.9842217
vt 0.9166667 0.9850712
vt 0.9098126 0.9853687
vt 0.9027778 0.9865881
vt 0.8888889 0.9878993
vt 1 0.9829798
vt 1 0.9846659
vt 1 0.986352
vt 0.9861112 0.9840642
vt 0.9861111 0.9857503
vt 0.9861111 0.9874364
vt 0.9722222 0.9845727
vt 0.9722222 0.9862587
vt 0.9722222 0.9879448
vt 0.9583334 0.9846094
vt 0.9583334 0.9862955
vt 0.9583333 0.9879814
vt 0.9466436 0.9843753
vt 0.9466436 0.9860613
vt 0.9466436 0.9877474
vt 0.9444444 0.9843962
vt 0.9444444 0.9860823
vt 0.9444444 0.9877683
vt 0.9443731 0.9843935
vt 0.9443731 0.9860796
vt 0.9443731 0.9877656
vt 0.9305556 0.9858133
vt 0.9305556 0.9874994
vt 0.9305556 0.9891855
vt 0.9282506 0.9859077
vt 0.9282505 0.9875938
vt 0.9282505 0.9892798
vt 0.9166667 0.9867573
vt 0.9166666 0.9884434
vt 0.9166667 0.9901294
vt 0.9098127 0.9870547
vt 0.9098126 0.9887408
vt 0.9098126 0.9904268
vt 0.9027779 0.9882741
vt 0.9027778 0.9899601
vt 0.9027778 0.9916462
vt 0.888889 0.9895853
vt 0.8888889 0.9912714
vt 0.8888889 0.9929574
vt 0.375 0.875
vt 0.375 0.8661563
vt 0.3765357 0.8662907
vt 0.3780247 0.8666897
vt 0.3794218 0.8673412
vt 0.3806846 0.8682253
vt 0.3817746 0.8693154
vt 0.3826588 0.8705782
vt 0.3833103 0.8719753
vt 0.3837093 0.8734643
vt 0.3838437 0.875
vt 0.375 0.8538435
vt 0.3786738 0.8541649
vt 0.3822359 0.8551193
vt 0.3855783 0.8566779
vt 0.3885992 0.8587931
vt 0.3912068 0.8614008
vt 0.3933221 0.8644217
vt 0.3948806 0.8677641
vt 0.3958351 0.8713262
vt 0.3961565 0.875
vt 0.375 0.8391007
vt 0.3812339 0.839646
vt 0.3872783 0.8412657
vt 0.3929497 0.8439103
vt 0.3980756 0.8474995
vt 0.4025005 0.8519244
vt 0.4060897 0.8570504
vt 0.4087344 0.8627217
vt 0.4103539 0.8687661
vt 0.4108993 0.875
vt 0.375 0.8229672
vt 0.3840354 0.8237576
vt 0.3927963 0.8261051
vt 0.4010164 0.8299382
vt 0.4084461 0.8351405
vt 0.4148595 0.8415539
vt 0.4200618 0.8489836
vt 0.4238949 0.8572037
vt 0.4262424 0.8659646
vt 0.4270328 0.875
vt 0.375 0.8064822
vt 0.386898 0.8075231
vt 0.3984345 0.8106143
vt 0.4092589 0.8156618
vt 0.4190424 0.8225123
vt 0.4274877 0.8309576
vt 0.4343382 0.8407411
vt 0.4393857 0.8515655
vt 0.4424769 0.863102
vt 0.4435178 0.875
vt 0.375 0.790685
vt 0.3896412 0.791966
vt 0.4038374 0.7957698
vt 0.4171575 0.8019811
vt 0.4291967 0.810411
vt 0.4395891 0.8208034
vt 0.448019 0.8328425
vt 0.4542302 0.8461626
vt 0.4580341 0.8603588
vt 0.459315 0.875
vt 0.375 0.7766148
vt 0.3920844 0.7781095
vt 0.4086497 0.7825482
vt 0.4241926 0.7897959
vt 0.4382408 0.7996325
vt 0.4503675 0.8117592
vt 0.4602041 0.8258075
vt 0.4674518 0.8413503
vt 0.4718905 0.8579156
vt 0.4733852 0.875
vt 0.375 0.7653109
vt 0.3940473 0.7669773
vt 0.4125159 0.7719259
vt 0.4298446 0.7800064
vt 0.4455068 0.7909733
vt 0.4590268 0.8044932
vt 0.4699936 0.8201555
vt 0.478074 0.8374841
vt 0.4830227 0.8559527
vt 0.4846891 0.875
vt 0.375 0.7578125
vt 0.3953494 0.7595928
vt 0.4150805 0.7648798
vt 0.4335938 0.7735127
vt 0.4503267 0.7852292
vt 0.4647709 0.7996733
vt 0.4764874 0.8164063
vt 0.4851202 0.8349195
vt 0.4904072 0.8546506
vt 0.4921875 0.875
vt 0.3837093 0.8765357
vt 0.3833103 0.8780247
vt 0.3826588 0.8794218
vt 0.3817746 0.8806846
vt 0.3806846 0.8817747
vt 0.3794218 0.8826588
vt 0.3780247 0.8833103
vt 0.3765357 0.8837093
vt 0.375 0.8838437
vt 0.3958351 0.8786738
vt 0.3948806 0.8822359
vt 0.3933221 0.8855783
vt 0.3912068 0.8885992
vt 0.3885992 0.8912069
vt 0.3855783 0.8933221
vt 0.3822359 0.8948807
vt 0.3786738 0.8958351
vt 0.375 0.8961565
vt 0.4103539 0.8812339
vt 0.4087343 0.8872783
vt 0.4060897 0.8929496
vt 0.4025005 0.8980756
vt 0.3980756 0.9025005
vt 0.3929497 0.9060897
vt 0.3872783 0.9087343
vt 0.3812338 0.910354
vt 0.375 0.9108993
vt 0.4262424 0.8840354
vt 0.4238949 0.8927963
vt 0.4200618 0.9010164
vt 0.4148595 0.9084461
vt 0.4084461 0.9148595
vt 0.4010164 0.9200618
vt 0.3927963 0.9238949
vt 0.3840354 0.9262424
vt 0.375 0.9270328
vt 0.4424769 0.886898
vt 0.4393857 0.8984345
vt 0.4343382 0.9092589
vt 0.4274877 0.9190424
vt 0.4190424 0.9274877
vt 0.4092589 0.9343382
vt 0.3984345 0.9393857
vt 0.386898 0.9424769
vt 0.375 0.9435178
vt 0.4580341 0.8896412
vt 0.4542302 0.9038374
vt 0.4480189 0.9171575
vt 0.4395891 0.9291967
vt 0.4291966 0.9395891
vt 0.4171575 0.948019
vt 0.4038374 0.9542302
vt 0.3896411 0.9580341
vt 0.375 0.959315
vt 0.4718905 0.8920844
vt 0.4674518 0.9086497
vt 0.4602041 0.9241926
vt 0.4503675 0.9382408
vt 0.4382408 0.9503675
vt 0.4241926 0.9602041
vt 0.4086497 0.9674519
vt 0.3920844 0.9718905
vt 0.375 0.9733852
vt 0.4830227 0.8940474
vt 0.478074 0.9125159
vt 0.4699936 0.9298446
vt 0.4590267 0.9455068
vt 0.4455068 0.9590268
vt 0.4298446 0.9699935
vt 0.4125159 0.9780741
vt 0.3940473 0.9830227
vt 0.375 0.9846891
vt 0.4904072 0.8953494
vt 0.4851202 0.9150805
vt 0.4764873 0.9335938
vt 0.4647709 0.9503267
vt 0.4503267 0.9647709
vt 0.4335938 0.9764873
vt 0.4150805 0.9851202
vt 0.3953494 0.9904072
vt 0.375 0.9921875
vt 0.3661563 0.875
vt 0.3662907 0.8765357
vt 0.3666897 0.8780247
vt 0.3673412 0.8794218
vt 0.3682254 0.8806846
vt 0.3693154 0.8817747
vt 0.3705782 0.8826588
vt 0.3719753 0.8833103
vt 0.3734643 0.8837093
vt 0.3538435 0.875
vt 0.3541649 0.8786738
vt 0.3551194 0.8822359
vt 0.3566779 0.8855783
vt 0.3587932 0.8885992
vt 0.3614008 0.8912069
vt 0.3644217 0.8933221
vt 0.3677641 0.8948807
vt 0.3713262 0.8958351
vt 0.3391007 0.875
vt 0.3396461 0.8812339
vt 0.3412657 0.8872783
vt 0.3439103 0.8929496
vt 0.3474995 0.8980756
vt 0.3519244 0.9025005
vt 0.3570503 0.9060897
vt 0.3627217 0.9087343
vt 0.3687662 0.910354
vt 0.3229672 0.875
vt 0.3237576 0.8840354
vt 0.3261051 0.8927963
vt 0.3299382 0.9010164
vt 0.3351405 0.9084461
vt 0.3415539 0.9148595
vt 0.3489836 0.9200618
vt 0.3572037 0.9238949
vt 0.3659646 0.9262424
vt 0.3064822 0.875
vt 0.3075231 0.886898
vt 0.3106143 0.8984345
vt 0.3156618 0.9092589
vt 0.3225123 0.9190424
vt 0.3309576 0.9274877
vt 0.3407411 0.9343382
vt 0.3515655 0.9393857
vt 0.363102 0.9424769
vt 0.290685 0.875
vt 0.2919659 0.8896412
vt 0.2957698 0.9038374
vt 0.3019811 0.9171575
vt 0.3104109 0.9291967
vt 0.3208034 0.9395891
vt 0.3328425 0.948019
vt 0.3461626 0.9542302
vt 0.3603589 0.9580341
vt 0.2766148 0.875
vt 0.2781095 0.8920844
vt 0.2825482 0.9086497
vt 0.2897959 0.9241926
vt 0.2996325 0.9382408
vt 0.3117592 0.9503675
vt 0.3258074 0.9602041
vt 0.3413503 0.9674519
vt 0.3579156 0.9718905
vt 0.2653109 0.875
vt 0.2669773 0.8940474
vt 0.271926 0.9125159
vt 0.2800064 0.9298446
vt 0.2909733 0.9455068
vt 0.3044932 0.9590268
vt 0.3201554 0.9699935
vt 0.3374841 0.9780741
vt 0.3559527 0.9830227
vt 0.2578125 0.875
vt 0.2595928 0.8953494
vt 0.2648798 0.9150805
vt 0.2735127 0.9335938
vt 0.2852291 0.9503267
vt 0.2996733 0.9647709
vt 0.3164063 0.9764873
vt 0.3349195 0.9851202
vt 0.3546506 0.9904072
vt 0.3734643 0.8662907
vt 0.3719753 0.8666897
vt 0.3705782 0.8673412
vt 0.3693154 0.8682253
vt 0.3682254 0.8693154
vt 0.3673412 0.8705782
vt 0.3666897 0.8719753
vt 0.3662907 0.8734643
vt 0.3713262 0.8541649
vt 0.3677641 0.8551193
vt 0.3644217 0.8566779
vt 0.3614008 0.8587931
vt 0.3587932 0.8614008
vt 0.3566779 0.8644217
vt 0.3551194 0.8677641
vt 0.3541649 0.8713262
vt 0.3687661 0.839646
vt 0.3627217 0.8412657
vt 0.3570503 0.8439103
vt 0.3519244 0.8474995
vt 0.3474995 0.8519244
vt 0.3439103 0.8570504
vt 0.3412656 0.8627217
vt 0.3396461 0.8687661
vt 0.3659646 0.8237576
vt 0.3572037 0.8261051
vt 0.3489836 0.8299382
vt 0.3415539 0.8351405
vt 0.3351405 0.8415539
vt 0.3299382 0.8489836
vt 0.3261051 0.8572037
vt 0.3237576 0.8659646
vt 0.363102 0.8075231
vt 0.3515655 0.8106143
vt 0.3407411 0.8156618
vt 0.3309576 0.8225123
vt 0.3225123 0.8309576
vt 0.3156618 0.8407411
vt 0.3106143 0.8515655
vt 0.3075231 0.863102
vt 0.3603588 0.791966
vt 0.3461626 0.7957698
vt 0.3328425 0.8019811
vt 0.3208033 0.810411
vt 0.3104109 0.8208034
vt 0.301981 0.8328425
vt 0.2957698 0.8461626
vt 0.2919659 0.8603588
vt 0.3579156 0.7781095
vt 0.3413503 0.7825482
vt 0.3258074 0.7897959
vt 0.3117592 0.7996325
vt 0.2996325 0.8117592
vt 0.2897959 0.8258075
vt 0.2825482 0.8413503
vt 0.2781095 0.8579156
vt 0.3559527 0.7669773
vt 0.3374841 0.7719259
vt 0.3201554 0.7800064
vt 0.3044932 0.7909733
vt 0.2909732 0.8044932
vt 0.2800064 0.8201555
vt 0.271926 0.8374841
vt 0.2669773 0.8559527
vt 0.3546506 0.7595928
vt 0.3349195 0.7648798
vt 0.3164063 0.7735127
vt 0.2996733 0.7852292
vt 0.2852291 0.7996733
vt 0.2735126 0.8164063
vt 0.2648798 0.8349195
vt 0.2595928 0.8546506
vt 0 0.5
vt 0.02777778 0.5
vt 0.05555556 0.5
vt 0.08333334 0.5
vt 0.1111111 0.5
vt 0.1388889 0.5
vt 0.1666667 0.5
vt 0.1944444 0.5
vt 0.2222222 0.5
vt 0.25 0.5
vt 0 0.4955905
vt 0.02777778 0.4955905
vt 0.05555556 0.4955905
vt 0.08333334 0.4955905
vt 0.1111111 0.4955905
vt 0.1388889 0.4955905
vt 0.1666667 0.4955905
vt 0.1944444 0.4955905
vt 0.2222222 0.4955905
vt 0.25 0.4955905
vt 0 0.4885594
vt 0.02777778 0.4885594
vt 0.05555556 0.4885594
vt 0.08333334 0.4885594
vt 0.1111111 0.4885594
vt 0.1388889 0.4885594
vt 0.1666667 0.4885594
vt 0.1944444 0.4885594
vt 0.2222222 0.4885594
vt 0.25 0.4885594
vt 0 0.4790072
vt 0.02777778 0.4790072
vt 0.05555556 0.4790072
vt 0.08333334 0.4790072
vt 0.1111111 0.4790072
vt 0.1388889 0.4790072
vt 0.1666667 0.4790072
vt 0.1944444 0.4790072
vt 0.2222222 0.4790072
vt 0.25 0.4790072
vt 0 0.4670343
vt 0.02777778 0.4670343
vt 0.05555556 0.4670343
vt 0.08333334 0.4670343
vt 0.1111111 0.4670343
vt 0.1388889 0.4670343
vt 0.1666667 0.4670343
vt 0.1944444 0.4670343
vt 0.2222222 0.4670343
vt 0.25 0.4670343
vt 0 0.4527411
vt 0.02777778 0.4527411
vt 0.05555556 0.4527411
vt 0.08333334 0.4527411
vt 0.1111111 0.4527411
vt 0.1388889 0.4527411
vt 0.1666667 0.4527411
vt 0.1944444 0.4527411
vt 0.2222222 0.4527411
vt 0.25 0.4527411
vt 0 0.4362282
vt 0.02777778 0.4362282
vt 0.05555556 0.4362282
vt 0.08333334 0.4362282
vt 0.1111111 0.4362282
vt 0.1388889 0.4362282
vt 0.1666667 0.4362282
vt 0.1944444 0.4362282
vt 0.2222222 0.4362282
vt 0.25 0.4362282
vt 0 0.4175959
vt 0.02777778 0.4175959
vt 0.05555556 0.4175959
vt 0.08333334 0.4175959
vt 0.1111111 0.4175959
vt 0.1388889 0.4175959
vt 0.1666667 0.4175959
vt 0.1944444 0.4175959
vt 0.2222222 0.4175959
vt 0.25 0.4175959
vt 0 0.3969446
vt 0.02777778 0.3969447
vt 0.05555556 0.3969447
vt 0.08333334 0.3969446
vt 0.1111111 0.3969447
vt 0.1388889 0.3969446
vt 0.1666667 0.3969446
vt 0.1944444 0.3969446
vt 0.2222222 0.3969447
vt 0.25 0.3969446
vt 0 0.374375
vt 0.02777778 0.374375
vt 0.05555556 0.374375
vt 0.08333334 0.374375
vt 0.1111111 0.374375
vt 0.1388889 0.374375
vt 0.1666667 0.374375
vt 0.1944444 0.374375
vt 0.2222222 0.374375
vt 0.25 0.374375
vt 0.2777778 0.5
vt 0.3055556 0.5
vt 0.3333333 0.5
vt 0.3611111 0.5
vt 0.3888889 0.5
vt 0.4166667 0.5
vt 0.4444444 0.5
vt 0.4722222 0.5
vt 0.5 0.5
vt 0.2777778 0.4955905
vt 0.3055556 0.4955905
vt 0.3333333 0.4955905
vt 0.3611111 0.4955905
vt 0.3888889 0.4955905
vt 0.4166667 0.4955905
vt 0.4444444 0.4955905
vt 0.4722222 0.4955905
vt 0.5 0.4955905
vt 0.2777778 0.4885594
vt 0.3055556 0.4885594
vt 0.3333333 0.4885594
vt 0.3611111 0.4885594
vt 0.3888889 0.4885594
vt 0.4166667 0.4885594
vt 0.4444444 0.4885594
vt 0.4722222 0.4885594
vt 0.5 0.4885594
vt 0.2777778 0.4790072
vt 0.3055556 0.4790072
vt 0.3333333 0.4790072
vt 0.3611111 0.4790072
vt 0.3888889 0.4790072
vt 0.4166667 0.4790072
vt 0.4444444 0.4790072
vt 0.4722222 0.4790072
vt 0.5 0.4790072
vt 0.2777778 0.4670343
vt 0.3055556 0.4670343
vt 0.3333333 0.4670343
vt 0.3611111 0.4670343
vt 0.3888889 0.4670343
vt 0.4166667 0.4670343
vt 0.4444444 0.4670343
vt 0.4722222 0.4670343
vt 0.5 0.4670343
vt 0.2777778 0.4527411
vt 0.3055556 0.4527411
vt 0.3333333 0.4527411
vt 0.3611111 0.4527411
vt 0.3888889 0.4527411
vt 0.4166667 0.4527411
vt 0.4444444 0.4527411
vt 0.4722222 0.4527411
vt 0.5 0.4527411
vt 0.2777778 0.4362282
vt 0.3055556 0.4362282
vt 0.3333333 0.4362282
vt 0.3611111 0.4362282
vt 0.3888889 0.4362282
vt 0.4166667 0.4362282
vt 0.4444444 0.4362282
vt 0.4722222 0.4362282
vt 0.5 0.4362282
vt 0.2777778 0.4175959
vt 0.3055556 0.4175959
vt 0.3333333 0.4175959
vt 0.3611111 0.4175959
vt 0.3888889 0.4175959
vt 0.4166667 0.4175959
vt 0.4444444 0.4175959
vt 0.4722222 0.4175959
vt 0.2777778 0.3969447
vt 0.3055556 0.3969447
vt 0.3333333 0.3969446
vt 0.3611111 0.3969447
vt 0.3888889 0.3969446
vt 0.4166667 0.3969446
vt 0.4444444 0.3969446
vt 0.2777778 0.374375
vt 0.3055556 0.374375
vt 0.3333333 0.374375
vt 0.3611111 0.374375
vt 0.3888889 0.374375
vt 0.4166667 0.374375
vt 0.4444444 0.374375
vt 0.4722222 0.374375
vt 0.5 0.374375
vt 0.5 0.3762581
vt 0.4883193 0.3781498
vt 0.4796607 0.3829708
vt 0.4742622 0.3895278
vt 0.4722222 0.3957303
vt 0.471837 0.3969057
vt 0.4718385 0.3969447
vt 0.4717766 0.405607
vt 0.4722222 0.4069819
vt 0.4744142 0.4139763
vt 0.4771361 0.4175959
vt 0.4798498 0.4219534
vt 0.4885367 0.4281031
vt 0.5 0.4301945
vt 0.75 0.5
vt 0.7222222 0.5
vt 0.6944444 0.5
vt 0.6666666 0.5
vt 0.6388889 0.5
vt 0.6111111 0.5
vt 0.5833333 0.5
vt 0.5555556 0.5
vt 0.5277778 0.5
vt 0.75 0.4955905
vt 0.7222222 0.4955905
vt 0.6944444 0.4955905
vt 0.6666666 0.4955905
vt 0.6388889 0.4955905
vt 0.6111111 0.4955905
vt 0.5833333 0.4955905
vt 0.5555556 0.4955905
vt 0.5277778 0.4955905
vt 0.75 0.4885594
vt 0.7222222 0.4885594
vt 0.6944444 0.4885594
vt 0.6666666 0.4885594
vt 0.6388889 0.4885594
vt 0.6111111 0.4885594
vt 0.5833333 0.4885594
vt 0.5555556 0.4885594
vt 0.5277778 0.4885594
vt 0.75 0.4790072
vt 0.7222222 0.4790072
vt 0.6944444 0.4790072
vt 0.6666666 0.4790072
vt 0.6388889 0.4790072
vt 0.6111111 0.4790072
vt 0.5833333 0.4790072
vt 0.5555556 0.4790072
vt 0.5277778 0.4790072
vt 0.75 0.4670343
vt 0.7222222 0.4670343
vt 0.6944444 0.4670343
vt 0.6666666 0.4670343
vt 0.6388889 0.4670343
vt 0.6111111 0.4670343
vt 0.5833333 0.4670343
vt 0.5555556 0.4670343
vt 0.5277778 0.4670343
vt 0.75 0.4527411
vt 0.7222222 0.4527411
vt 0.6944444 0.4527411
vt 0.6666666 0.4527411
vt 0.6388889 0.4527411
vt 0.6111111 0.4527411
vt 0.5833333 0.4527411
vt 0.5555556 0.4527411
vt 0.5277778 0.4527411
vt 0.75 0.4362282
vt 0.7222222 0.4362282
vt 0.6944444 0.4362282
vt 0.6666666 0.4362282
vt 0.6388889 0.4362282
vt 0.6111111 0.4362282
vt 0.5833333 0.4362282
vt 0.5555556 0.4362282
vt 0.5277778 0.4362282
vt 0.75 0.4175959
vt 0.7222222 0.4175959
vt 0.6944444 0.4175959
vt 0.6666666 0.4175959
vt 0.6388889 0.4175959
vt 0.6111111 0.4175959
vt 0.5833333 0.4175959
vt 0.5555556 0.4175959
vt 0.5277778 0.4175959
vt 0.75 0.3969446
vt 0.7222222 0.3969447
vt 0.6944444 0.3969447
vt 0.6666666 0.3969446
vt 0.6388889 0.3969447
vt 0.6111111 0.3969446
vt 0.5833333 0.3969446
vt 0.5555556 0.3969446
vt 0.75 0.374375
vt 0.7222222 0.374375
vt 0.6944444 0.374375
vt 0.6666666 0.374375
vt 0.6388889 0.374375
vt 0.6111111 0.374375
vt 0.5833333 0.374375
vt 0.5555556 0.374375
vt 0.5277778 0.374375
vt 0.5116807 0.3781498
vt 0.5203393 0.3829708
vt 0.5257378 0.3895278
vt 0.5277778 0.3957303
vt 0.528163 0.3969057
vt 0.5281615 0.3969447
vt 0.5282234 0.405607
vt 0.5277778 0.4069819
vt 0.5255858 0.4139763
vt 0.5228639 0.4175959
vt 0.5201502 0.4219534
vt 0.5114633 0.4281031
vt 1 0.5
vt 0.9722222 0.5
vt 0.9444444 0.5
vt 0.9166667 0.5
vt 0.8888889 0.5
vt 0.8611111 0.5
vt 0.8333333 0.5
vt 0.8055556 0.5
vt 0.7777778 0.5
vt 1 0.4955905
vt 0.9722222 0.4955905
vt 0.9444444 0.4955905
vt 0.9166667 0.4955905
vt 0.8888889 0.4955905
vt 0.8611111 0.4955905
vt 0.8333333 0.4955905
vt 0.8055556 0.4955905
vt 0.7777778 0.4955905
vt 1 0.4885594
vt 0.9722222 0.4885594
vt 0.9444444 0.4885594
vt 0.9166667 0.4885594
vt 0.8888889 0.4885594
vt 0.8611111 0.4885594
vt 0.8333333 0.4885594
vt 0.8055556 0.4885594
vt 0.7777778 0.4885594
vt 1 0.4790072
vt 0.9722222 0.4790072
vt 0.9444444 0.4790072
vt 0.9166667 0.4790072
vt 0.8888889 0.4790072
vt 0.8611111 0.4790072
vt 0.8333333 0.4790072
vt 0.8055556 0.4790072
vt 0.7777778 0.4790072
vt 1 0.4670343
vt 0.9722222 0.4670343
vt 0.9444444 0.4670343
vt 0.9166667 0.4670343
vt 0.8888889 0.4670343
vt 0.8611111 0.4670343
vt 0.8333333 0.4670343
vt 0.8055556 0.4670343
vt 0.7777778 0.4670343
vt 1 0.4527411
vt 0.9722222 0.4527411
vt 0.9444444 0.4527411
vt 0.9166667 0.4527411
vt 0.8888889 0.4527411
vt 0.8611111 0.4527411
vt 0.8333333 0.4527411
vt 0.8055556 0.4527411
vt 0.7777778 0.4527411
vt 1 0.4362282
vt 0.9722222 0.4362282
vt 0.9444444 0.4362282
vt 0.9166667 0.4362282
vt 0.8888889 0.4362282
vt 0.8611111 0.4362282
vt 0.8333333 0.4362282
vt 0.8055556 0.4362282
vt 0.7777778 0.4362282
vt 1 0.4175959
vt 0.9722222 0.4175959
vt 0.9444444 0.4175959
vt 0.9166667 0.4175959
vt 0.8888889 0.4175959
vt 0.8611111 0.4175959
vt 0.8333333 0.4175959
vt 0.8055556 0.4175959
vt 0.7777778 0.4175959
vt 1 0.3969446
vt 0.9722222 0.3969447
vt 0.9444444 0.3969447
vt 0.9166667 0.3969446
vt 0.8888889 0.3969447
vt 0.8611111 0.3969446
vt 0.8333333 0.3969446
vt 0.8055556 0.3969446
vt 0.7777778 0.3969447
vt 1 0.374375
vt 0.9722222 0.374375
vt 0.9444444 0.374375
vt 0.9166667 0.374375
vt 0.8888889 0.374375
vt 0.8611111 0.374375
vt 0.8333333 0.374375
vt 0.8055556 0.374375
vt 0.7777778 0.374375
vt 0 0.349894
vt 0.02777778 0.349894
vt 0.05555556 0.349894
vt 0.08333334 0.349894
vt 0.1111111 0.349894
vt 0.1388889 0.349894
vt 0.1666667 0.349894
vt 0.1944444 0.349894
vt 0.2222222 0.349894
vt 0.25 0.349894
vt 0 0.3293751
vt 0.02777778 0.3293751
vt 0.05555556 0.3293751
vt 0.08333334 0.3293751
vt 0.1111111 0.3293751
vt 0.1388889 0.3293751
vt 0.1666667 0.3293751
vt 0.1944444 0.3293751
vt 0.2222222 0.3293751
vt 0.25 0.3293751
vt 0 0.3124577
vt 0.02777778 0.3124577
vt 0.05555556 0.3124577
vt 0.08333334 0.3124577
vt 0.1111111 0.3124577
vt 0.1388889 0.3124577
vt 0.1666667 0.3124577
vt 0.1944444 0.3124577
vt 0.2222222 0.3124577
vt 0.25 0.3124577
vt 0 0.2987815
vt 0.02777778 0.2987815
vt 0.05555556 0.2987815
vt 0.08333334 0.2987815
vt 0.1111111 0.2987815
vt 0.1388889 0.2987815
vt 0.1666667 0.2987815
vt 0.1944444 0.2987815
vt 0.2222222 0.2987815
vt 0.25 0.2987815
vt 0 0.2879859
vt 0.02777778 0.2879859
vt 0.05555556 0.2879859
vt 0.08333334 0.2879859
vt 0.1111111 0.2879859
vt 0.1388889 0.2879859
vt 0.1666667 0.2879859
vt 0.1944444 0.2879859
vt 0.2222222 0.2879859
vt 0.25 0.2879859
vt 0 0.2797104
vt 0.02777778 0.2797104
vt 0.05555556 0.2797104
vt 0.08333334 0.2797104
vt 0.1111111 0.2797104
vt 0.1388889 0.2797104
vt 0.1666667 0.2797104
vt 0.1944444 0.2797104
vt 0.2222222 0.2797104
vt 0.25 0.2797104
vt 0 0.2735946
vt 0.02777778 0.2735946
vt 0.05555556 0.2735946
vt 0.08333334 0.2735946
vt 0.1111111 0.2735946
vt 0.1388889 0.2735946
vt 0.1666667 0.2735946
vt 0.1944444 0.2735946
vt 0.2222222 0.2735946
vt 0.25 0.2735946
vt 0 0.2692779
vt 0.02777778 0.2692779
vt 0.05555556 0.2692779
vt 0.08333334 0.2692779
vt 0.1111111 0.2692779
vt 0.1388889 0.2692779
vt 0.1666667 0.2692779
vt 0.1944444 0.2692779
vt 0.2222222 0.2692779
vt 0.25 0.2692779
vt 0 0.2664
vt 0.02777778 0.2664
vt 0.05555556 0.2664
vt 0.08333334 0.2664
vt 0.1111111 0.2664
vt 0.1388889 0.2664
vt 0.1666667 0.2664
vt 0.1944444 0.2664
vt 0.2222222 0.2664
vt 0.25 0.2664
vt 0.2777778 0.349894
vt 0.3055556 0.349894
vt 0.3333333 0.349894
vt 0.3611111 0.349894
vt 0.3888889 0.349894
vt 0.4166667 0.349894
vt 0.4444444 0.349894
vt 0.4722222 0.349894
vt 0.5 0.349894
vt 0.2777778 0.3293751
vt 0.3055556 0.3293751
vt 0.3333333 0.3293751
vt 0.3611111 0.3293751
vt 0.3888889 0.3293751
vt 0.4166667 0.3293751
vt 0.4444444 0.3293751
vt 0.4722222 0.3293751
vt 0.5 0.3293751
vt 0.2777778 0.3124577
vt 0.3055556 0.3124577
vt 0.3333333 0.3124577
vt 0.3611111 0.3124577
vt 0.3888889 0.3124577
vt 0.4166667 0.3124577
vt 0.4444444 0.3124577
vt 0.4722222 0.3124577
vt 0.5 0.3124577
vt 0.2777778 0.2987815
vt 0.3055556 0.2987815
vt 0.3333333 0.2987815
vt 0.3611111 0.2987815
vt 0.3888889 0.2987815
vt 0.4166667 0.2987815
vt 0.4444444 0.2987815
vt 0.4722222 0.2987815
vt 0.5 0.2987815
vt 0.2777778 0.2879859
vt 0.3055556 0.2879859
vt 0.3333333 0.2879859
vt 0.3611111 0.2879859
vt 0.3888889 0.2879859
vt 0.4166667 0.2879859
vt 0.4444444 0.2879859
vt 0.4722222 0.2879859
vt 0.5 0.2879859
vt 0.2777778 0.2797104
vt 0.3055556 0.2797104
vt 0.3333333 0.2797104
vt 0.3611111 0.2797104
vt 0.3888889 0.2797104
vt 0.4166667 0.2797104
vt 0.4444444 0.2797104
vt 0.4722222 0.2797104
vt 0.5 0.2797104
vt 0.2777778 0.2735946
vt 0.3055556 0.2735946
vt 0.3333333 0.2735946
vt 0.3611111 0.2735946
vt 0.3888889 0.2735946
vt 0.4166667 0.2735946
vt 0.4444444 0.2735946
vt 0.4722222 0.2735946
vt 0.5 0.2735946
vt 0.2777778 0.2692779
vt 0.3055556 0.2692779
vt 0.3333333 0.2692779
vt 0.3611111 0.2692779
vt 0.3888889 0.2692779
vt 0.4166667 0.2692779
vt 0.4444444 0.2692779
vt 0.4722222 0.2692779
vt 0.5 0.2692779
vt 0.2777778 0.2664
vt 0.3055556 0.2664
vt 0.3333333 0.2664
vt 0.3611111 0.2664
vt 0.3888889 0.2664
vt 0.4166667 0.2664
vt 0.4444444 0.2664
vt 0.4722222 0.2664
vt 0.5 0.2664
vt 0.75 0.349894
vt 0.7222222 0.349894
vt 0.6944444 0.349894
vt 0.6666666 0.349894
vt 0.6388889 0.349894
vt 0.6111111 0.349894
vt 0.5833333 0.349894
vt 0.5555556 0.349894
vt 0.5277778 0.349894
vt 0.75 0.3293751
vt 0.7222222 0.3293751
vt 0.6944444 0.3293751
vt 0.6666666 0.3293751
vt 0.6388889 0.3293751
vt 0.6111111 0.3293751
vt 0.5833333 0.3293751
vt 0.5555556 0.3293751
vt 0.5277778 0.3293751
vt 0.75 0.3124577
vt 0.7222222 0.3124577
vt 0.6944444 0.3124577
vt 0.6666666 0.3124577
vt 0.6388889 0.3124577
vt 0.6111111 0.3124577
vt 0.5833333 0.3124577
vt 0.5555556 0.3124577
vt 0.5277778 0.3124577
vt 0.75 0.2987815
vt 0.7222222 0.2987815
vt 0.6944444 0.2987815
vt 0.6666666 0.2987815
vt 0.6388889 0.2987815
vt 0.6111111 0.2987815
vt 0.5833333 0.2987815
vt 0.5555556 0.2987815
vt 0.5277778 0.2987815
vt 0.75 0.2879859
vt 0.7222222 0.2879859
vt 0.6944444 0.2879859
vt 0.6666666 0.2879859
vt 0.6388889 0.2879859
vt 0.6111111 0.2879859
vt 0.5833333 0.2879859
vt 0.5555556 0.2879859
vt 0.5277778 0.2879859
vt 0.75 0.2797104
vt 0.7222222 0.2797104
vt 0.6944444 0.2797104
vt 0.6666666 0.2797104
vt 0.6388889 0.2797104
vt 0.6111111 0.2797104
vt 0.5833333 0.2797104
vt 0.5555556 0.2797104
vt 0.5277778 0.2797104
vt 0.75 0.2735946
vt 0.7222222 0.2735946
vt 0.6944444 0.2735946
vt 0.6666666 0.2735946
vt 0.6388889 0.2735946
vt 0.6111111 0.2735946
vt 0.5833333 0.2735946
vt 0.5555556 0.2735946
vt 0.5277778 0.2735946
vt 0.75 0.2692779
vt 0.7222222 0.2692779
vt 0.6944444 0.2692779
vt 0.6666666 0.2692779
vt 0.6388889 0.2692779
vt 0.6111111 0.2692779
vt 0.5833333 0.2692779
vt 0.5555556 0.2692779
vt 0.5277778 0.2692779
vt 0.75 0.2664
vt 0.7222222 0.2664
vt 0.6944444 0.2664
vt 0.6666666 0.2664
vt 0.6388889 0.2664
vt 0.6111111 0.2664
vt 0.5833333 0.2664
vt 0.5555556 0.2664
vt 0.5277778 0.2664
vt 1 0.349894
vt 0.9722222 0.349894
vt 0.9444444 0.349894
vt 0.9166667 0.349894
vt 0.8888889 0.349894
vt 0.8611111 0.349894
vt 0.8333333 0.349894
vt 0.8055556 0.349894
vt 0.7777778 0.349894
vt 1 0.3293751
vt 0.9722222 0.3293751
vt 0.9444444 0.3293751
vt 0.9166667 0.3293751
vt 0.8888889 0.3293751
vt 0.8611111 0.3293751
vt 0.8333333 0.3293751
vt 0.8055556 0.3293751
vt 0.7777778 0.3293751
vt 1 0.3124577
vt 0.9722222 0.3124577
vt 0.9444444 0.3124577
vt 0.9166667 0.3124577
vt 0.8888889 0.3124577
vt 0.8611111 0.3124577
vt 0.8333333 0.3124577
vt 0.8055556 0.3124577
vt 0.7777778 0.3124577
vt 1 0.2987815
vt 0.9722222 0.2987815
vt 0.9444444 0.2987815
vt 0.9166667 0.2987815
vt 0.8888889 0.2987815
vt 0.8611111 0.2987815
vt 0.8333333 0.2987815
vt 0.8055556 0.2987815
vt 0.7777778 0.2987815
vt 1 0.2879859
vt 0.9722222 0.2879859
vt 0.9444444 0.2879859
vt 0.9166667 0.2879859
vt 0.8888889 0.2879859
vt 0.8611111 0.2879859
vt 0.8333333 0.2879859
vt 0.8055556 0.2879859
vt 0.7777778 0.2879859
vt 1 0.2797104
vt 0.9722222 0.2797104
vt 0.9444444 0.2797104
vt 0.9166667 0.2797104
vt 0.8888889 0.2797104
vt 0.8611111 0.2797104
vt 0.8333333 0.2797104
vt 0.8055556 0.2797104
vt 0.7777778 0.2797104
vt 1 0.2735946
vt 0.9722222 0.2735946
vt 0.9444444 0.2735946
vt 0.9166667 0.2735946
vt 0.8888889 0.2735946
vt 0.8611111 0.2735946
vt 0.8333333 0.2735946
vt 0.8055556 0.2735946
vt 0.7777778 0.2735946
vt 1 0.2692779
vt 0.9722222 0.2692779
vt 0.9444444 0.2692779
vt 0.9166667 0.2692779
vt 0.8888889 0.2692779
vt 0.8611111 0.2692779
vt 0.8333333 0.2692779
vt 0.8055556 0.2692779
vt 0.7777778 0.2692779
vt 1 0.2664
vt 0.9722222 0.2664
vt 0.9444444 0.2664
vt 0.9166667 0.2664
vt 0.8888889 0.2664
vt 0.8611111 0.2664
vt 0.8333333 0.2664
vt 0.8055556 0.2664
vt 0.7777778 0.2664
vt 0 0.2649506
vt 0.02777778 0.2649506
vt 0.05555556 0.2649506
vt 0.08333334 0.2649506
vt 0.1111111 0.2649506
vt 0.1388889 0.2649506
vt 0.1666667 0.2649506
vt 0.1944444 0.2649506
vt 0.2222222 0.2649506
vt 0.25 0.2649506
vt 0 0.2633696
vt 0.02777778 0.2633696
vt 0.05555556 0.2633696
vt 0.08333334 0.2633696
vt 0.1111111 0.2633696
vt 0.1388889 0.2633696
vt 0.1666667 0.2633696
vt 0.1944444 0.2633696
vt 0.2222222 0.2633696
vt 0.25 0.2633696
vt 0 0.2616735
vt 0.02777778 0.2616735
vt 0.05555556 0.2616735
vt 0.08333334 0.2616735
vt 0.1111111 0.2616735
vt 0.1388889 0.2616735
vt 0.1666667 0.2616735
vt 0.1944444 0.2616735
vt 0.2222222 0.2616735
vt 0.25 0.2616735
vt 0 0.2598787
vt 0.02777778 0.2598787
vt 0.05555556 0.2598787
vt 0.08333334 0.2598787
vt 0.1111111 0.2598787
vt 0.1388889 0.2598787
vt 0.1666667 0.2598787
vt 0.1944444 0.2598787
vt 0.2222222 0.2598787
vt 0.25 0.2598787
vt 0 0.2580017
vt 0.02777778 0.2580017
vt 0.05555556 0.2580017
vt 0.08333334 0.2580017
vt 0.1111111 0.2580017
vt 0.1388889 0.2580017
vt 0.1666667 0.2580017
vt 0.1944444 0.2580017
vt 0.2222222 0.2580017
vt 0.25 0.2580017
vt 0 0.2560588
vt 0.02777778 0.2560588
vt 0.05555556 0.2560588
vt 0.08333334 0.2560588
vt 0.1111111 0.2560588
vt 0.1388889 0.2560588
vt 0.1666667 0.2560588
vt 0.1944444 0.2560588
vt 0.2222222 0.2560588
vt 0.25 0.2560588
vt 0 0.2540666
vt 0.02777778 0.2540666
vt 0.05555556 0.2540666
vt 0.08333334 0.2540666
vt 0.1111111 0.2540666
vt 0.1388889 0.2540666
vt 0.1666667 0.2540666
vt 0.1944444 0.2540666
vt 0.2222222 0.2540666
vt 0.25 0.2540666
vt 0 0.2520415
vt 0.02777778 0.2520415
vt 0.05555556 0.2520415
vt 0.08333334 0.2520415
vt 0.1111111 0.2520415
vt 0.1388889 0.2520415
vt 0.1666667 0.2520415
vt 0.1944444 0.2520415
vt 0.2222222 0.2520415
vt 0.25 0.2520415
vt 0.2777778 0.2649506
vt 0.3055556 0.2649506
vt 0.3333333 0.2649506
vt 0.3611111 0.2649506
vt 0.3888889 0.2649506
vt 0.4166667 0.2649506
vt 0.4444444 0.2649506
vt 0.4722222 0.2649506
vt 0.5 0.2649506
vt 0.2777778 0.2633696
vt 0.3055556 0.2633696
vt 0.3333333 0.2633696
vt 0.3611111 0.2633696
vt 0.3888889 0.2633696
vt 0.4166667 0.2633696
vt 0.4444444 0.2633696
vt 0.4722222 0.2633696
vt 0.5 0.2633696
vt 0.2777778 0.2616735
vt 0.3055556 0.2616735
vt 0.3333333 0.2616735
vt 0.3611111 0.2616735
vt 0.3888889 0.2616735
vt 0.4166667 0.2616735
vt 0.4444444 0.2616735
vt 0.4722222 0.2616735
vt 0.5 0.2616735
vt 0.2777778 0.2598787
vt 0.3055556 0.2598787
vt 0.3333333 0.2598787
vt 0.3611111 0.2598787
vt 0.3888889 0.2598787
vt 0.4166667 0.2598787
vt 0.4444444 0.2598787
vt 0.4722222 0.2598787
vt 0.5 0.2598787
vt 0.2777778 0.2580017
vt 0.3055556 0.2580017
vt 0.3333333 0.2580017
vt 0.3611111 0.2580017
vt 0.3888889 0.2580017
vt 0.4166667 0.2580017
vt 0.4444444 0.2580017
vt 0.4722222 0.2580017
vt 0.5 0.2580017
vt 0.2777778 0.2560588
vt 0.3055556 0.2560588
vt 0.3333333 0.2560588
vt 0.3611111 0.2560588
vt 0.3888889 0.2560588
vt 0.4166667 0.2560588
vt 0.4444444 0.2560588
vt 0.4722222 0.2560588
vt 0.5 0.2560588
vt 0.2777778 0.2540666
vt 0.3055556 0.2540666
vt 0.3333333 0.2540666
vt 0.3611111 0.2540666
vt 0.3888889 0.2540666
vt 0.4166667 0.2540666
vt 0.4444444 0.2540666
vt 0.4722222 0.2540666
vt 0.5 0.2540666
vt 0.2777778 0.2520415
vt 0.3055556 0.2520415
vt 0.3333333 0.2520415
vt 0.3611111 0.2520415
vt 0.3888889 0.2520415
vt 0.4166667 0.2520415
vt 0.4444444 0.2520415
vt 0.4722222 0.2520415
vt 0.5 0.2520415
vt 0.75 0.2649506
vt 0.7222222 0.2649506
vt 0.6944444 0.2649506
vt 0.6666666 0.2649506
vt 0.6388889 0.2649506
vt 0.6111111 0.2649506
vt 0.5833333 0.2649506
vt 0.5555556 0.2649506
vt 0.5277778 0.2649506
vt 0.75 0.2633696
vt 0.7222222 0.2633696
vt 0.6944444 0.2633696
vt 0.6666666 0.2633696
vt 0.6388889 0.2633696
vt 0.6111111 0.2633696
vt 0.5833333 0.2633696
vt 0.5555556 0.2633696
vt 0.5277778 0.2633696
vt 0.75 0.2616735
vt 0.7222222 0.2616735
vt 0.6944444 0.2616735
vt 0.6666666 0.2616735
vt 0.6388889 0.2616735
vt 0.6111111 0.2616735
vt 0.5833333 0.2616735
vt 0.5555556 0.2616735
vt 0.5277778 0.2616735
vt 0.75 0.2598787
vt 0.7222222 0.2598787
vt 0.6944444 0.2598787
vt 0.6666666 0.2598787
vt 0.6388889 0.2598787
vt 0.6111111 0.2598787
vt 0.5833333 0.2598787
vt 0.5555556 0.2598787
vt 0.5277778 0.2598787
vt 0.75 0.2580017
vt 0.7222222 0.2580017
vt 0.6944444 0.2580017
vt 0.6666666 0.2580017
vt 0.6388889 0.2580017
vt 0.6111111 0.2580017
vt 0.5833333 0.2580017
vt 0.5555556 0.2580017
vt 0.5277778 0.2580017
vt 0.75 0.2560588
vt 0.7222222 0.2560588
vt 0.6944444 0.2560588
vt 0.6666666 0.2560588
vt 0.6388889 0.2560588
vt 0.6111111 0.2560588
vt 0.5833333 0.2560588
vt 0.5555556 0.2560588
vt 0.5277778 0.2560588
vt 0.75 0.2540666
vt 0.7222222 0.2540666
vt 0.6944444 0.2540666
vt 0.6666666 0.2540666
vt 0.6388889 0.2540666
vt 0.6111111 0.2540666
vt 0.5833333 0.2540666
vt 0.5555556 0.2540666
vt 0.5277778 0.2540666
vt 0.75 0.2520415
vt 0.7222222 0.2520415
vt 0.6944444 0.2520415
vt 0.6666666 0.2520415
vt 0.6388889 0.2520415
vt 0.6111111 0.2520415
vt 0.5833333 0.2520415
vt 0.5555556 0.2520415
vt 0.5277778 0.2520415
vt 1 0.2649506
vt 0.9722222 0.2649506
vt 0.9444444 0.2649506
vt 0.9166667 0.2649506
vt 0.8888889 0.2649506
vt 0.8611111 0.2649506
vt 0.8333333 0.2649506
vt 0.8055556 0.2649506
vt 0.7777778 0.2649506
vt 1 0.2633696
vt 0.9722222 0.2633696
vt 0.9444444 0.2633696
vt 0.9166667 0.2633696
vt 0.8888889 0.2633696
vt 0.8611111 0.2633696
vt 0.8333333 0.2633696
vt 0.8055556 0.2633696
vt 0.7777778 0.2633696
vt 1 0.2616735
vt 0.9722222 0.2616735
vt 0.9444444 0.2616735
vt 0.9166667 0.2616735
vt 0.8888889 0.2616735
vt 0.8611111 0.2616735
vt 0.8333333 0.2616735
vt 0.8055556 0.2616735
vt 0.7777778 0.2616735
vt 1 0.2598787
vt 0.9722222 0.2598787
vt 0.9444444 0.2598787
vt 0.9166667 0.2598787
vt 0.8888889 0.2598787
vt 0.8611111 0.2598787
vt 0.8333333 0.2598787
vt 0.8055556 0.2598787
vt 0.7777778 0.2598787
vt 1 0.2580017
vt 0.9722222 0.2580017
vt 0.9444444 0.2580017
vt 0.9166667 0.2580017
vt 0.8888889 0.2580017
vt 0.8611111 0.2580017
vt 0.8333333 0.2580017
vt 0.8055556 0.2580017
vt 0.7777778 0.2580017
vt 1 0.2560588
vt 0.9722222 0.2560588
vt 0.9444444 0.2560588
vt 0.9166667 0.2560588
vt 0.8888889 0.2560588
vt 0.8611111 0.2560588
vt 0.8333333 0.2560588
vt 0.8055556 0.2560588
vt 0.7777778 0.2560588
vt 1 0.2540666
vt 0.9722222 0.2540666
vt 0.9444444 0.2540666
vt 0.9166667 0.2540666
vt 0.8888889 0.2540666
vt 0.8611111 0.2540666
vt 0.8333333 0.2540666
vt 0.8055556 0.2540666
vt 0.7777778 0.2540666
vt 1 0.2520415
vt 0.9722222 0.2520415
vt 0.9444444 0.2520415
vt 0.9166667 0.2520415
vt 0.8888889 0.2520415
vt 0.8611111 0.2520415
vt 0.8333333 0.2520415
vt 0.8055556 0.2520415
vt 0.7777778 0.2520415
vt 0.625 0.9921875
vt 0.6453494 0.9904072
vt 0.6650805 0.9851202
vt 0.6835938 0.9764873
vt 0.7003267 0.9647709
vt 0.7147709 0.9503267
vt 0.7264873 0.9335938
vt 0.7351202 0.9150805
vt 0.7404072 0.8953494
vt 0.7421875 0.875
vt 0.625 0.9899409
vt 0.6449593 0.9881946
vt 0.6643121 0.9830091
vt 0.6824704 0.9745417
vt 0.6988826 0.9630498
vt 0.7130498 0.9488825
vt 0.7245417 0.9324704
vt 0.7330091 0.9143121
vt 0.7381946 0.8949593
vt 0.7399409 0.875
vt 0.625 0.9880524
vt 0.6446314 0.9863349
vt 0.6636662 0.9812345
vt 0.6815262 0.9729062
vt 0.6976687 0.9616032
vt 0.7116032 0.9476687
vt 0.7229062 0.9315262
vt 0.7312345 0.9136662
vt 0.7363349 0.8946314
vt 0.7380524 0.875
vt 0.625 0.9864444
vt 0.6443521 0.9847513
vt 0.6631162 0.9797235
vt 0.6807222 0.9715137
vt 0.6966351 0.9603714
vt 0.7103714 0.9466351
vt 0.7215137 0.9307222
vt 0.7297235 0.9131162
vt 0.7347513 0.8943521
vt 0.7364444 0.875
vt 0.625 0.9850392
vt 0.6441081 0.9833674
vt 0.6626356 0.978403
vt 0.6800196 0.9702967
vt 0.6957318 0.9592949
vt 0.7092949 0.9457318
vt 0.7202967 0.9300196
vt 0.728403 0.9126356
vt 0.7333674 0.8941081
vt 0.7350392 0.875
vt 0.625 0.983759
vt 0.6438859 0.9821067
vt 0.6621978 0.9772001
vt 0.6793795 0.9691881
vt 0.694909 0.9583143
vt 0.7083143 0.944909
vt 0.7191881 0.9293795
vt 0.7272001 0.9121978
vt 0.7321067 0.8938859
vt 0.733759 0.875
vt 0.625 0.9825264
vt 0.6436718 0.9808928
vt 0.6617762 0.9760417
vt 0.6787632 0.9681206
vt 0.6941166 0.95737
vt 0.70737 0.9441166
vt 0.7181206 0.9287632
vt 0.7260417 0.9117762
vt 0.7308928 0.8936718
vt 0.7325264 0.875
vt 0.625 0.9812634
vt 0.6434525 0.979649
vt 0.6613442 0.9748549
vt 0.6781317 0.9670268
vt 0.6933048 0.9564025
vt 0.7064025 0.9433048
vt 0.7170268 0.9281317
vt 0.7248549 0.9113442
vt 0.729649 0.8934525
vt 0.7312634 0.875
vt 0.625 0.9798925
vt 0.6432144 0.9782989
vt 0.6608753 0.9735667
vt 0.6774462 0.9658396
vt 0.6924236 0.9553523
vt 0.7053523 0.9424236
vt 0.7158396 0.9274462
vt 0.7235667 0.9108753
vt 0.7282989 0.8932144
vt 0.7298925 0.875
vt 0.625 0.9783359
vt 0.6429441 0.976766
vt 0.660343 0.972104
vt 0.676668 0.9644915
vt 0.6914231 0.9541599
vt 0.7041599 0.9414231
vt 0.7144915 0.9266679
vt 0.722104 0.9103429
vt 0.726766 0.8929441
vt 0.7283359 0.875
vt 0.7404072 0.8546506
vt 0.7351202 0.8349195
vt 0.7264873 0.8164063
vt 0.7147709 0.7996733
vt 0.7003267 0.7852291
vt 0.6835938 0.7735127
vt 0.6650805 0.7648798
vt 0.6453494 0.7595928
vt 0.625 0.7578125
vt 0.7381946 0.8550407
vt 0.7330091 0.8356879
vt 0.7245417 0.8175296
vt 0.7130498 0.8011174
vt 0.6988826 0.7869502
vt 0.6824704 0.7754583
vt 0.6643121 0.7669909
vt 0.6449593 0.7618053
vt 0.625 0.7600591
vt 0.7363349 0.8553686
vt 0.7312345 0.8363338
vt 0.7229062 0.8184738
vt 0.7116032 0.8023313
vt 0.6976687 0.7883968
vt 0.6815262 0.7770938
vt 0.6636662 0.7687654
vt 0.6446313 0.7636651
vt 0.625 0.7619476
vt 0.7347513 0.8556479
vt 0.7297235 0.8368838
vt 0.7215137 0.8192778
vt 0.7103714 0.8033649
vt 0.6966351 0.7896286
vt 0.6807222 0.7784863
vt 0.6631162 0.7702765
vt 0.6443521 0.7652487
vt 0.625 0.7635556
vt 0.7333674 0.8558919
vt 0.728403 0.8373644
vt 0.7202967 0.8199804
vt 0.7092949 0.8042682
vt 0.6957318 0.7907051
vt 0.6800196 0.7797033
vt 0.6626356 0.771597
vt 0.6441081 0.7666326
vt 0.625 0.7649608
vt 0.7321067 0.8561141
vt 0.7272001 0.8378022
vt 0.7191881 0.8206205
vt 0.7083143 0.805091
vt 0.694909 0.7916857
vt 0.6793795 0.7808119
vt 0.6621978 0.7727999
vt 0.6438858 0.7678932
vt 0.625 0.766241
vt 0.7308928 0.8563282
vt 0.7260417 0.8382238
vt 0.7181206 0.8212368
vt 0.70737 0.8058834
vt 0.6941166 0.79263
vt 0.6787632 0.7818794
vt 0.6617762 0.7739583
vt 0.6436718 0.7691072
vt 0.625 0.7674736
vt 0.729649 0.8565475
vt 0.7248549 0.8386558
vt 0.7170268 0.8218683
vt 0.7064025 0.8066952
vt 0.6933048 0.7935975
vt 0.6781317 0.7829732
vt 0.6613442 0.7751451
vt 0.6434525 0.770351
vt 0.625 0.7687366
vt 0.7282989 0.8567856
vt 0.7235667 0.8391246
vt 0.7158396 0.8225538
vt 0.7053523 0.8075764
vt 0.6924236 0.7946477
vt 0.6774462 0.7841604
vt 0.6608753 0.7764333
vt 0.6432144 0.7717011
vt 0.625 0.7701075
vt 0.726766 0.8570559
vt 0.722104 0.839657
vt 0.7144915 0.8233321
vt 0.7041599 0.8085769
vt 0.6914231 0.7958401
vt 0.6766679 0.7855085
vt 0.660343 0.777896
vt 0.6429441 0.773234
vt 0.625 0.771664
vt 0.5078125 0.875
vt 0.5095928 0.8546506
vt 0.5148798 0.8349195
vt 0.5235127 0.8164063
vt 0.5352291 0.7996733
vt 0.5496733 0.7852291
vt 0.5664063 0.7735127
vt 0.5849195 0.7648798
vt 0.6046506 0.7595928
vt 0.5100591 0.875
vt 0.5118054 0.8550407
vt 0.5169909 0.8356879
vt 0.5254583 0.8175296
vt 0.5369502 0.8011174
vt 0.5511174 0.7869502
vt 0.5675296 0.7754583
vt 0.5856879 0.7669909
vt 0.6050407 0.7618053
vt 0.5119476 0.875
vt 0.5136651 0.8553686
vt 0.5187655 0.8363338
vt 0.5270938 0.8184738
vt 0.5383968 0.8023313
vt 0.5523313 0.7883968
vt 0.5684738 0.7770938
vt 0.5863338 0.7687654
vt 0.6053687 0.7636651
vt 0.5135556 0.875
vt 0.5152487 0.8556479
vt 0.5202765 0.8368838
vt 0.5284863 0.8192778
vt 0.5396286 0.8033649
vt 0.5533649 0.7896286
vt 0.5692778 0.7784863
vt 0.5868838 0.7702765
vt 0.6056479 0.7652487
vt 0.5149608 0.875
vt 0.5166326 0.8558919
vt 0.521597 0.8373644
vt 0.5297033 0.8199804
vt 0.5407051 0.8042682
vt 0.5542682 0.7907051
vt 0.5699804 0.7797033
vt 0.5873644 0.771597
vt 0.6058919 0.7666326
vt 0.516241 0.875
vt 0.5178933 0.8561141
vt 0.5227999 0.8378022
vt 0.5308119 0.8206205
vt 0.5416857 0.805091
vt 0.555091 0.7916857
vt 0.5706205 0.7808119
vt 0.5878022 0.7727999
vt 0.6061142 0.7678932
vt 0.5174736 0.875
vt 0.5191072 0.8563282
vt 0.5239583 0.8382238
vt 0.5318794 0.8212368
vt 0.54263 0.8058834
vt 0.5558834 0.79263
vt 0.5712368 0.7818794
vt 0.5882238 0.7739583
vt 0.6063282 0.7691072
vt 0.5187366 0.875
vt 0.520351 0.8565475
vt 0.5251451 0.8386558
vt 0.5329732 0.8218683
vt 0.5435975 0.8066952
vt 0.5566952 0.7935975
vt 0.5718683 0.7829732
vt 0.5886558 0.7751451
vt 0.6065475 0.770351
vt 0.5201075 0.875
vt 0.5217011 0.8567856
vt 0.5264333 0.8391246
vt 0.5341604 0.8225538
vt 0.5446477 0.8075764
vt 0.5575764 0.7946477
vt 0.5725538 0.7841604
vt 0.5891247 0.7764333
vt 0.6067856 0.7717011
vt 0.5216641 0.875
vt 0.523234 0.8570559
vt 0.527896 0.839657
vt 0.5355085 0.8233321
vt 0.5458401 0.8085769
vt 0.5585769 0.7958401
vt 0.5733321 0.7855085
vt 0.589657 0.777896
vt 0.6070559 0.773234
vt 0.6046506 0.9904072
vt 0.5849195 0.9851202
vt 0.5664063 0.9764873
vt 0.5496733 0.9647709
vt 0.5352291 0.9503267
vt 0.5235127 0.9335938
vt 0.5148798 0.9150805
vt 0.5095928 0.8953494
vt 0.6050407 0.9881946
vt 0.5856879 0.9830091
vt 0.5675296 0.9745417
vt 0.5511174 0.9630498
vt 0.5369502 0.9488825
vt 0.5254583 0.9324704
vt 0.5169909 0.9143121
vt 0.5118054 0.8949593
vt 0.6053686 0.9863349
vt 0.5863338 0.9812345
vt 0.5684738 0.9729062
vt 0.5523313 0.9616032
vt 0.5383968 0.9476687
vt 0.5270938 0.9315262
vt 0.5187655 0.9136662
vt 0.5136651 0.8946314
vt 0.6056479 0.9847513
vt 0.5868838 0.9797235
vt 0.5692778 0.9715137
vt 0.5533649 0.9603714
vt 0.5396286 0.9466351
vt 0.5284863 0.9307222
vt 0.5202765 0.9131162
vt 0.5152487 0.8943521
vt 0.6058919 0.9833674
vt 0.5873644 0.978403
vt 0.5699804 0.9702967
vt 0.5542682 0.9592949
vt 0.5407051 0.9457318
vt 0.5297033 0.9300196
vt 0.521597 0.9126356
vt 0.5166326 0.8941081
vt 0.6061141 0.9821067
vt 0.5878022 0.9772001
vt 0.5706205 0.9691881
vt 0.555091 0.9583143
vt 0.5416857 0.944909
vt 0.5308119 0.9293795
vt 0.5227999 0.9121978
vt 0.5178933 0.8938859
vt 0.6063282 0.9808928
vt 0.5882238 0.9760417
vt 0.5712368 0.9681206
vt 0.5558834 0.95737
vt 0.54263 0.9441166
vt 0.5318794 0.9287632
vt 0.5239583 0.9117762
vt 0.5191072 0.8936718
vt 0.6065475 0.979649
vt 0.5886558 0.9748549
vt 0.5718683 0.9670268
vt 0.5566952 0.9564025
vt 0.5435975 0.9433048
vt 0.5329732 0.9281317
vt 0.5251451 0.9113442
vt 0.520351 0.8934525
vt 0.6067856 0.9782989
vt 0.5891247 0.9735667
vt 0.5725538 0.9658396
vt 0.5575764 0.9553523
vt 0.5446477 0.9424236
vt 0.5341604 0.9274462
vt 0.5264333 0.9108753
vt 0.5217011 0.8932144
vt 0.6070559 0.976766
vt 0.589657 0.972104
vt 0.573332 0.9644915
vt 0.5585769 0.9541599
vt 0.5458401 0.9414231
vt 0.5355085 0.9266679
vt 0.527896 0.9103429
vt 0.523234 0.8929441
vt 0.625 0.9768024
vt 0.6426778 0.9752558
vt 0.6598185 0.970663
vt 0.6759012 0.9631635
vt 0.6904373 0.9529852
vt 0.7029852 0.9404373
vt 0.7131635 0.9259012
vt 0.720663 0.9098185
vt 0.7252558 0.8926778
vt 0.7268024 0.875
vt 0.625 0.975198
vt 0.6423992 0.9736758
vt 0.6592698 0.9691553
vt 0.675099 0.9617741
vt 0.689406 0.9517561
vt 0.7017561 0.939406
vt 0.7117741 0.925099
vt 0.7191554 0.9092698
vt 0.7236758 0.8923992
vt 0.725198 0.875
vt 0.625 0.9735249
vt 0.6421087 0.9720281
vt 0.6586975 0.9675831
vt 0.6742625 0.9603251
vt 0.6883306 0.9504744
vt 0.7004745 0.9383306
vt 0.7103251 0.9242624
vt 0.7175831 0.9086975
vt 0.7220281 0.8921087
vt 0.7235249 0.875
vt 0.625 0.9717852
vt 0.6418066 0.9703149
vt 0.6581025 0.9659483
vt 0.6733926 0.9588184
vt 0.6872123 0.9491418
vt 0.6991418 0.9372123
vt 0.7088184 0.9233926
vt 0.7159483 0.9081025
vt 0.7203149 0.8918066
vt 0.7217852 0.875
vt 0.625 0.9699811
vt 0.6414933 0.9685382
vt 0.6574855 0.9642531
vt 0.6724906 0.9572561
vt 0.6860527 0.9477597
vt 0.6977598 0.9360527
vt 0.7072561 0.9224905
vt 0.7142531 0.9074855
vt 0.7185382 0.8914933
vt 0.7199811 0.875
vt 0.625 0.9681149
vt 0.6411693 0.9667002
vt 0.6568471 0.9624993
vt 0.6715574 0.9556398
vt 0.6848531 0.9463301
vt 0.6963301 0.9348531
vt 0.7056398 0.9215574
vt 0.7124993 0.9068471
vt 0.7167002 0.8911693
vt 0.7181149 0.875
vt 0.625 0.9661884
vt 0.6408347 0.9648031
vt 0.6561882 0.9606891
vt 0.6705942 0.9539715
vt 0.6836148 0.9448544
vt 0.6948544 0.9336148
vt 0.7039715 0.9205942
vt 0.7106891 0.9061882
vt 0.7148031 0.8908347
vt 0.7161884 0.875
vt 0.625 0.9642041
vt 0.6404902 0.9628489
vt 0.6555096 0.9588245
vt 0.669602 0.952253
vt 0.6823393 0.9433343
vt 0.6933343 0.9323393
vt 0.702253 0.919602
vt 0.7088245 0.9055096
vt 0.7128489 0.8904902
vt 0.7142041 0.875
vt 0.625 0.962164
vt 0.6401359 0.9608399
vt 0.6548119 0.9569075
vt 0.668582 0.9504863
vt 0.681028 0.9417716
vt 0.6917716 0.9310279
vt 0.7004863 0.918582
vt 0.7069075 0.9048119
vt 0.7108399 0.8901359
vt 0.712164 0.875
vt 0.7252558 0.8573222
vt 0.720663 0.8401815
vt 0.7131635 0.8240988
vt 0.7029852 0.8095627
vt 0.6904373 0.7970148
vt 0.6759012 0.7868365
vt 0.6598185 0.779337
vt 0.6426778 0.7747442
vt 0.625 0.7731976
vt 0.7236758 0.8576007
vt 0.7191553 0.8407302
vt 0.7117741 0.824901
vt 0.7017561 0.810594
vt 0.689406 0.7982439
vt 0.675099 0.788226
vt 0.6592698 0.7808447
vt 0.6423992 0.7763242
vt 0.625 0.774802
vt 0.7220281 0.8578913
vt 0.7175831 0.8413025
vt 0.7103251 0.8257375
vt 0.7004744 0.8116694
vt 0.6883306 0.7995255
vt 0.6742625 0.7896749
vt 0.6586975 0.7824169
vt 0.6421087 0.7779719
vt 0.625 0.7764751
vt 0.7203149 0.8581934
vt 0.7159483 0.8418975
vt 0.7088184 0.8266074
vt 0.6991418 0.8127877
vt 0.6872123 0.8008582
vt 0.6733926 0.7911816
vt 0.6581025 0.7840517
vt 0.6418066 0.7796851
vt 0.625 0.7782148
vt 0.7185382 0.8585067
vt 0.7142531 0.8425145
vt 0.7072561 0.8275094
vt 0.6977598 0.8139473
vt 0.6860527 0.8022402
vt 0.6724905 0.7927439
vt 0.6574855 0.7857469
vt 0.6414933 0.7814618
vt 0.625 0.7800189
vt 0.7167002 0.8588307
vt 0.7124993 0.8431528
vt 0.7056398 0.8284426
vt 0.6963301 0.8151469
vt 0.6848531 0.8036699
vt 0.6715574 0.7943602
vt 0.6568471 0.7875007
vt 0.6411692 0.7832998
vt 0.625 0.7818851
vt 0.7148031 0.8591653
vt 0.7106891 0.8438117
vt 0.7039715 0.8294058
vt 0.6948544 0.8163852
vt 0.6836148 0.8051456
vt 0.6705942 0.7960285
vt 0.6561882 0.7893109
vt 0.6408347 0.7851969
vt 0.625 0.7838116
vt 0.7128489 0.8595098
vt 0.7088245 0.8444904
vt 0.702253 0.830398
vt 0.6933343 0.8176607
vt 0.6823393 0.8066657
vt 0.669602 0.797747
vt 0.6555096 0.7911755
vt 0.6404901 0.7871511
vt 0.625 0.7857959
vt 0.7108399 0.8598641
vt 0.7069074 0.8451881
vt 0.7004863 0.831418
vt 0.6917716 0.818972
vt 0.6810279 0.8082284
vt 0.668582 0.7995137
vt 0.6548119 0.7930925
vt 0.6401359 0.7891601
vt 0.625 0.787836
vt 0.5231976 0.875
vt 0.5247442 0.8573222
vt 0.529337 0.8401815
vt 0.5368365 0.8240988
vt 0.5470148 0.8095627
vt 0.5595627 0.7970148
vt 0.5740988 0.7868365
vt 0.5901815 0.779337
vt 0.6073222 0.7747442
vt 0.524802 0.875
vt 0.5263242 0.8576007
vt 0.5308447 0.8407302
vt 0.5382259 0.824901
vt 0.5482439 0.810594
vt 0.560594 0.7982439
vt 0.574901 0.788226
vt 0.5907302 0.7808447
vt 0.6076008 0.7763242
vt 0.5264751 0.875
vt 0.5279719 0.8578913
vt 0.5324169 0.8413025
vt 0.5396749 0.8257375
vt 0.5495256 0.8116694
vt 0.5616694 0.7995255
vt 0.5757375 0.7896749
vt 0.5913025 0.7824169
vt 0.6078913 0.7779719
vt 0.5282148 0.875
vt 0.5296851 0.8581934
vt 0.5340517 0.8418975
vt 0.5411816 0.8266074
vt 0.5508582 0.8127877
vt 0.5627877 0.8008582
vt 0.5766074 0.7911816
vt 0.5918975 0.7840517
vt 0.6081934 0.7796851
vt 0.5300189 0.875
vt 0.5314618 0.8585067
vt 0.5357469 0.8425145
vt 0.5427439 0.8275094
vt 0.5522402 0.8139473
vt 0.5639473 0.8022402
vt 0.5775095 0.7927439
vt 0.5925145 0.7857469
vt 0.6085067 0.7814618
vt 0.5318851 0.875
vt 0.5332998 0.8588307
vt 0.5375007 0.8431528
vt 0.5443602 0.8284426
vt 0.5536699 0.8151469
vt 0.5651469 0.8036699
vt 0.5784426 0.7943602
vt 0.5931529 0.7875007
vt 0.6088308 0.7832998
vt 0.5338116 0.875
vt 0.5351969 0.8591653
vt 0.5393109 0.8438117
vt 0.5460285 0.8294058
vt 0.5551456 0.8163852
vt 0.5663852 0.8051456
vt 0.5794058 0.7960285
vt 0.5938118 0.7893109
vt 0.6091653 0.7851969
vt 0.5357959 0.875
vt 0.5371511 0.8595098
vt 0.5411755 0.8444904
vt 0.547747 0.830398
vt 0.5566657 0.8176607
vt 0.5676607 0.8066657
vt 0.580398 0.797747
vt 0.5944904 0.7911755
vt 0.6095099 0.7871511
vt 0.537836 0.875
vt 0.5391601 0.8598641
vt 0.5430926 0.8451881
vt 0.5495137 0.831418
vt 0.5582284 0.818972
vt 0.5689721 0.8082284
vt 0.581418 0.7995137
vt 0.5951881 0.7930925
vt 0.6098641 0.7891601
vt 0.6073222 0.9752558
vt 0.5901815 0.970663
vt 0.5740988 0.9631635
vt 0.5595627 0.9529852
vt 0.5470148 0.9404373
vt 0.5368365 0.9259012
vt 0.529337 0.9098185
vt 0.5247442 0.8926778
vt 0.6076008 0.9736758
vt 0.5907302 0.9691553
vt 0.574901 0.9617741
vt 0.560594 0.9517561
vt 0.5482439 0.939406
vt 0.5382259 0.925099
vt 0.5308446 0.9092698
vt 0.5263242 0.8923992
vt 0.6078913 0.9720281
vt 0.5913025 0.9675831
vt 0.5757375 0.9603251
vt 0.5616694 0.9504744
vt 0.5495255 0.9383306
vt 0.5396749 0.9242624
vt 0.5324169 0.9086975
vt 0.5279719 0.8921087
vt 0.6081934 0.9703149
vt 0.5918975 0.9659483
vt 0.5766074 0.9588184
vt 0.5627877 0.9491418
vt 0.5508582 0.9372123
vt 0.5411816 0.9233926
vt 0.5340517 0.9081025
vt 0.5296851 0.8918066
vt 0.6085067 0.9685382
vt 0.5925145 0.9642531
vt 0.5775094 0.9572561
vt 0.5639473 0.9477597
vt 0.5522402 0.9360527
vt 0.5427439 0.9224905
vt 0.5357469 0.9074855
vt 0.5314618 0.8914933
vt 0.6088307 0.9667002
vt 0.5931529 0.9624993
vt 0.5784426 0.9556398
vt 0.5651469 0.9463301
vt 0.5536699 0.9348531
vt 0.5443602 0.9215574
vt 0.5375007 0.9068471
vt 0.5332998 0.8911693
vt 0.6091653 0.9648031
vt 0.5938118 0.9606891
vt 0.5794058 0.9539715
vt 0.5663852 0.9448544
vt 0.5551456 0.9336148
vt 0.5460285 0.9205942
vt 0.5393109 0.9061882
vt 0.5351969 0.8908347
vt 0.6095098 0.9628489
vt 0.5944904 0.9588245
vt 0.580398 0.952253
vt 0.5676607 0.9433343
vt 0.5566657 0.9323393
vt 0.547747 0.919602
vt 0.5411755 0.9055096
vt 0.5371511 0.8904902
vt 0.6098641 0.9608399
vt 0.5951881 0.9569075
vt 0.581418 0.9504863
vt 0.568972 0.9417716
vt 0.5582284 0.9310279
vt 0.5495137 0.918582
vt 0.5430925 0.9048119
vt 0.5391601 0.8901359
vt 0.625 0.9582527
vt 0.6394567 0.9569879
vt 0.6534741 0.9532319
vt 0.6666263 0.9470989
vt 0.6785138 0.9387752
vt 0.6887752 0.9285138
vt 0.6970989 0.9166263
vt 0.7032319 0.9034741
vt 0.7069879 0.8894567
vt 0.7082527 0.875
vt 0.625 0.9517992
vt 0.6383361 0.9506325
vt 0.6512669 0.9471676
vt 0.6633996 0.94151
vt 0.6743656 0.9338316
vt 0.6838316 0.9243655
vt 0.69151 0.9133996
vt 0.6971676 0.9012669
vt 0.7006325 0.8883361
vt 0.7017992 0.875
vt 0.625 0.9432744
vt 0.6368557 0.9422372
vt 0.6483513 0.939157
vt 0.6591372 0.9341274
vt 0.6688859 0.9273013
vt 0.6773013 0.9188859
vt 0.6841274 0.9091372
vt 0.689157 0.8983513
vt 0.6922372 0.8868557
vt 0.6932744 0.875
vt 0.625 0.9331494
vt 0.6350976 0.932266
vt 0.6448883 0.9296426
vt 0.6540747 0.9253589
vt 0.6623777 0.9195451
vt 0.6695451 0.9123777
vt 0.6753588 0.9040747
vt 0.6796426 0.8948883
vt 0.682266 0.8850976
vt 0.6831494 0.875
vt 0.625 0.9218949
vt 0.6331432 0.9211825
vt 0.641039 0.9190668
vt 0.6484475 0.9156122
vt 0.6551434 0.9109236
vt 0.6609236 0.9051434
vt 0.6656122 0.8984475
vt 0.6690668 0.891039
vt 0.6711825 0.8831432
vt 0.6718949 0.875
vt 0.625 0.9099818
vt 0.6310745 0.9094504
vt 0.6369645 0.9078721
vt 0.6424909 0.9052951
vt 0.6474859 0.9017976
vt 0.6517976 0.8974859
vt 0.6552951 0.8924909
vt 0.6578721 0.8869645
vt 0.6594504 0.8810745
vt 0.6599818 0.875
vt 0.625 0.897881
vt 0.6289732 0.8975334
vt 0.6328258 0.8965011
vt 0.6364405 0.8948156
vt 0.6397076 0.8925279
vt 0.6425279 0.8897076
vt 0.6448156 0.8864405
vt 0.6465011 0.8828258
vt 0.6475334 0.8789732
vt 0.647881 0.875
vt 0.625 0.8860635
vt 0.6269212 0.8858954
vt 0.6287839 0.8853962
vt 0.6305317 0.8845813
vt 0.6321115 0.8834751
vt 0.6334751 0.8821114
vt 0.6345813 0.8805317
vt 0.6353962 0.8787839
vt 0.6358954 0.8769212
vt 0.6360635 0.875
vt 0.625 0.875
vt 0.7069879 0.8605433
vt 0.7032319 0.8465259
vt 0.6970989 0.8333737
vt 0.6887752 0.8214862
vt 0.6785138 0.8112248
vt 0.6666263 0.802901
vt 0.6534741 0.7967681
vt 0.6394567 0.7930121
vt 0.625 0.7917473
vt 0.7006325 0.8616639
vt 0.6971676 0.8487331
vt 0.69151 0.8366004
vt 0.6838316 0.8256345
vt 0.6743655 0.8161684
vt 0.6633996 0.8084899
vt 0.6512669 0.8028324
vt 0.6383361 0.7993675
vt 0.625 0.7982008
vt 0.6922372 0.8631443
vt 0.689157 0.8516487
vt 0.6841274 0.8408628
vt 0.6773013 0.8311141
vt 0.6688859 0.8226987
vt 0.6591372 0.8158726
vt 0.6483513 0.810843
vt 0.6368557 0.8077627
vt 0.625 0.8067255
vt 0.682266 0.8649024
vt 0.6796426 0.8551117
vt 0.6753588 0.8459253
vt 0.6695451 0.8376223
vt 0.6623777 0.8304549
vt 0.6540747 0.8246411
vt 0.6448883 0.8203574
vt 0.6350976 0.817734
vt 0.625 0.8168506
vt 0.6711825 0.8668568
vt 0.6690668 0.858961
vt 0.6656122 0.8515525
vt 0.6609236 0.8448566
vt 0.6551434 0.8390764
vt 0.6484475 0.8343878
vt 0.641039 0.8309332
vt 0.6331432 0.8288175
vt 0.625 0.8281051
vt 0.6594504 0.8689255
vt 0.6578721 0.8630355
vt 0.6552951 0.8575091
vt 0.6517976 0.8525141
vt 0.6474859 0.8482023
vt 0.6424909 0.8447049
vt 0.6369645 0.8421279
vt 0.6310745 0.8405496
vt 0.625 0.8400182
vt 0.6475334 0.8710268
vt 0.6465011 0.8671742
vt 0.6448156 0.8635595
vt 0.6425279 0.8602924
vt 0.6397076 0.8574721
vt 0.6364405 0.8551844
vt 0.6328258 0.8534989
vt 0.6289732 0.8524666
vt 0.625 0.852119
vt 0.6358954 0.8730788
vt 0.6353962 0.8712161
vt 0.6345813 0.8694683
vt 0.6334751 0.8678886
vt 0.6321115 0.8665249
vt 0.6305317 0.8654187
vt 0.6287839 0.8646038
vt 0.6269212 0.8641046
vt 0.625 0.8639365
vt 0.5417473 0.875
vt 0.5430121 0.8605433
vt 0.5467681 0.8465259
vt 0.5529011 0.8333737
vt 0.5612248 0.8214862
vt 0.5714862 0.8112248
vt 0.5833737 0.802901
vt 0.5965259 0.7967681
vt 0.6105433 0.7930121
vt 0.5482008 0.875
vt 0.5493675 0.8616639
vt 0.5528324 0.8487331
vt 0.55849 0.8366004
vt 0.5661684 0.8256345
vt 0.5756345 0.8161684
vt 0.5866004 0.8084899
vt 0.5987331 0.8028324
vt 0.6116639 0.7993675
vt 0.5567256 0.875
vt 0.5577628 0.8631443
vt 0.560843 0.8516487
vt 0.5658726 0.8408628
vt 0.5726987 0.8311141
vt 0.5811141 0.8226987
vt 0.5908628 0.8158726
vt 0.6016487 0.810843
vt 0.6131443 0.8077627
vt 0.5668506 0.875
vt 0.567734 0.8649024
vt 0.5703574 0.8551117
vt 0.5746412 0.8459253
vt 0.5804549 0.8376223
vt 0.5876223 0.8304549
vt 0.5959253 0.8246411
vt 0.6051117 0.8203574
vt 0.6149024 0.817734
vt 0.5781051 0.875
vt 0.5788175 0.8668568
vt 0.5809332 0.858961
vt 0.5843878 0.8515525
vt 0.5890764 0.8448566
vt 0.5948566 0.8390764
vt 0.6015525 0.8343878
vt 0.608961 0.8309332
vt 0.6168568 0.8288175
vt 0.5900182 0.875
vt 0.5905496 0.8689255
vt 0.5921279 0.8630355
vt 0.5947049 0.8575091
vt 0.5982024 0.8525141
vt 0.6025141 0.8482023
vt 0.6075091 0.8447049
vt 0.6130355 0.8421279
vt 0.6189255 0.8405496
vt 0.602119 0.875
vt 0.6024666 0.8710268
vt 0.6034989 0.8671742
vt 0.6051844 0.8635595
vt 0.6074721 0.8602924
vt 0.6102924 0.8574721
vt 0.6135595 0.8551844
vt 0.6171742 0.8534989
vt 0.6210268 0.8524666
vt 0.6139365 0.875
vt 0.6141046 0.8730788
vt 0.6146038 0.8712161
vt 0.6154187 0.8694683
vt 0.6165249 0.8678886
vt 0.6178885 0.8665249
vt 0.6194683 0.8654187
vt 0.6212161 0.8646038
vt 0.6230788 0.8641046
vt 0.6105433 0.9569879
vt 0.5965259 0.9532319
vt 0.5833737 0.9470989
vt 0.5714862 0.9387752
vt 0.5612248 0.9285138
vt 0.5529011 0.9166263
vt 0.5467681 0.9034741
vt 0.5430121 0.8894567
vt 0.6116639 0.9506325
vt 0.5987331 0.9471676
vt 0.5866004 0.94151
vt 0.5756344 0.9338316
vt 0.5661684 0.9243655
vt 0.55849 0.9133996
vt 0.5528324 0.9012669
vt 0.5493675 0.8883361
vt 0.6131443 0.9422372
vt 0.6016487 0.939157
vt 0.5908628 0.9341274
vt 0.5811141 0.9273013
vt 0.5726987 0.9188859
vt 0.5658726 0.9091372
vt 0.560843 0.8983513
vt 0.5577628 0.8868557
vt 0.6149024 0.932266
vt 0.6051117 0.9296426
vt 0.5959253 0.9253589
vt 0.5876223 0.9195451
vt 0.5804549 0.9123777
vt 0.5746412 0.9040747
vt 0.5703574 0.8948883
vt 0.567734 0.8850976
vt 0.6168568 0.9211825
vt 0.608961 0.9190668
vt 0.6015525 0.9156122
vt 0.5948566 0.9109236
vt 0.5890764 0.9051434
vt 0.5843878 0.8984475
vt 0.5809332 0.891039
vt 0.5788175 0.8831432
vt 0.6189255 0.9094504
vt 0.6130355 0.9078721
vt 0.6075091 0.9052951
vt 0.6025141 0.9017976
vt 0.5982024 0.8974859
vt 0.5947049 0.8924909
vt 0.5921279 0.8869645
vt 0.5905496 0.8810745
vt 0.6210268 0.8975334
vt 0.6171742 0.8965011
vt 0.6135595 0.8948156
vt 0.6102924 0.8925279
vt 0.6074721 0.8897076
vt 0.6051844 0.8864405
vt 0.6034989 0.8828258
vt 0.6024666 0.8789732
vt 0.6230788 0.8858954
vt 0.6212161 0.8853962
vt 0.6194683 0.8845813
vt 0.6178885 0.8834751
vt 0.6165249 0.8821114
vt 0.6154187 0.8805317
vt 0.6146038 0.8787839
vt 0.6141046 0.8769212

f 2/2/2 1/1/1 11/11/11
f 11/11/11 12/12/12 2/2/2
f 3/3/3 2/2/2 12/12/12
f 12/12/12 13/13/13 3/3/3
f 4/4/4 3/3/3 13/13/13
f 13/13/13 14/14/14 4/4/4
f 5/5/5 4/4/4 14/14/14
f 14/14/14 15/15/15 5/5/5
f 6/6/6 5/5/5 15/15/15
f 15/15/15 16/16/16 6/6/6
f 7/7/7 6/6/6 16/16/16
f 16/16/16 17/17/17 7/7/7
f 8/8/8 7/7/7 17/17/17
f 17/17/17 18/18/18 8/8/8
f 9/9/9 8/8/8 18/18/18
f 18/18/18 19/19/19 9/9/9
f 10/10/10 9/9/9 19/19/19
f 19/19/19 20/20/20 10/10/10
f 12/12/12 11/11/11 21/21/21
f 21/21/21 22/22/22 12/12/12
f 13/13/13 12/12/12 22/22/22
f 22/22/22 23/23/23 13/13/13
f 14/14/14 13/13/13 23/23/23
f 23/23/23 24/24/24 14/14/14
f 15/15/15 14/14/14 24/24/24
f 24/24/24 25/25/25 15/15/15
f 16/16/16 15/15/15 25/25/25
f 25/25/25 26/26/26 16/16/16
f 17/17/17 16/16/16 26/26/26
f 26/26/26 27/27/27 17/17/17
f 18/18/18 17/17/17 27/27/27
f 27/27/27 28/28/28 18/18/18
f 19/19/19 18/18/18 28/28/28
f 28/28/28 29/29/29 19/19/19
f 20/20/20 19/19/19 29/29/29
f 29/29/29 30/30/30 20/20/20
f 22/22/22 21/21/21 31/31/31
f 31/31/31 32/32/32 22/22/22
f 23/23/23 22/22/22 32/32/32
f 32/32/32 33/33/33 23/23/23
f 24/24/24 23/23/23 33/33/33
f 33/33/33 34/34/34 24/24/24
f 25/25/25 24/24/24 34/34/34
f 34/34/34 35/35/35 25/25/25
f 26/26/26 25/25/25 35/35/35
f 35/35/35 36/36/36 26/26/26
f 27/27/27 26/26/26 36/36/36
f 36/36/36 37/37/37 27/27/27
f 28/28/28 27/27/27 37/37/37
f 37/37/37 38/38/38 28/28/28
f 29/29/29 28/28/28 38/38/38
f 38/38/38 39/39/39 29/29/29
f 30/30/30 29/29/29 39/39/39
f 39/39/39 40/40/40 30/30/30
f 32/32/32 31/31/31 41/41/41
f 41/41/41 42/42/42 32/32/32
f 33/33/33 32/32/32 42/42/42
f 42/42/42 43/43/43 33/33/33
f 34/34/34 33/33/33 43/43/43
f 43/43/43 44/44/44 34/34/34
f 35/35/35 34/34/34 44/44/44
f 44/44/44 45/45/45 35/35/35
f 36/36/36 35/35/35 45/45/45
f 45/45/45 46/46/46 36/36/36
f 37/37/37 36/36/36 46/46/46
f 46/46/46 47/47/47 37/37/37
f 38/38/38 37/37/37 47/47/47
f 47/47/47 48/48/48 38/38/38
f 39/39/39 38/38/38 48/48/48
f 48/48/48 49/49/49 39/39/39
f 40/40/40 39/39/39 49/49/49
f 49/49/49 50/50/50 40/40/40
f 42/42/42 41/41/41 51/51/51
f 51/51/51 52/52/52 42/42/42
f 43/43/43 42/42/42 52/52/52
f 52/52/52 53/53/53 43/43/43
f 44/44/44 43/43/43 53/53/53
f 53/53/53 54/54/54 44/44/44
f 45/45/45 44/44/44 54/54/54
f 54/54/54 55/55/55 45/45/45
f 46/46/46 45/45/45 55/55/55
f 55/55/55 56/56/56 46/46/46
f 47/47/47 46/46/46 56/56/56
f 56/56/56 57/57/57 47/47/47
f 48/48/48 47/47/47 57/57/57
f 57/57/57 58/58/58 48/48/48
f 49/49/49 48/48/48 58/58/58
f 58/58/58 59/59/59 49/49/49
f 50/50/50 49/49/49 59/59/59
f 59/59/59 60/60/60 50/50/50
f 52/52/52 51/51/51 61/61/61
f 61/61/61 62/62/62 52/52/52
f 53/53/53 52/52/52 62/62/62
f 62/62/62 63/63/63 53/53/53
f 54/54/54 53/53/53 63/63/63
f 63/63/63 64/64/64 54/54/54
f 55/55/55 54/54/54 64/64/64
f 64/64/64 65/65/65 55/55/55
f 56/56/56 55/55/55 65/65/65
f 65/65/65 66/66/66 56/56/56
f 57/57/57 56/56/56 66/66/66
f 66/66/66 67/67/67 57/57/57
f 58/58/58 57/57/57 67/67/67
f 67/67/67 68/68/68 58/58/58
f 59/59/59 58/58/58 68/68/68
f 68/68/68 69/69/69 59/59/59
f 60/60/60 59/59/59 69/69/69
f 69/69/69 70/70/70 60/60/60
f 62/62/62 61/61/61 71/71/71
f 71/71/71 72/72/72 62/62/62
f 63/63/63 62/62/62 72/72/72
f 72/72/72 73/73/73 63/63/63
f 64/64/64 63/63/63 73/73/73
f 73/73/73 74/74/74 64/64/64
f 65/65/65 64/64/64 74/74/74
f 74/74/74 75/75/75 65/65/65
f 66/66/66 65/65/65 75/75/75
f 75/75/75 76/76/76 66/66/66
f 67/67/67 66/66/66 76/76/76
f 76/76/76 77/77/77 67/67/67
f 68/68/68 67/67/67 77/77/77
f 77/77/77 78/78/78 68/68/68
f 69/69/69 68/68/68 78/78/78
f 78/78/78 79/79/79 69/69/69
f 70/70/70 69/69/69 79/79/79
f 79/79/79 80/80/80 70/70/70
f 72/72/72 71/71/71 81/81/81
f 81/81/81 82/82/82 72/72/72
f 73/73/73 72/72/72 82/82/82
f 82/82/82 83/83/83 73/73/73
f 74/74/74 73/73/73 83/83/83
f 83/83/83 84/84/84 74/74/74
f 75/75/75 74/74/74 84/84/84
f 84/84/84 85/85/85 75/75/75
f 76/76/76 75/75/75 85/85/85
f 85/85/85 86/86/86 76/76/76
f 77/77/77 76/76/76 86/86/86
f 86/86/86 87/87/87 77/77/77
f 78/78/78 77/77/77 87/87/87
f 87/87/87 88/88/88 78/78/78
f 79/79/79 78/78/78 88/88/88
f 88/88/88 89/89/89 79/79/79
f 80/80/80 79/79/79 89/89/89
f 89/89/89 90/90/90 80/80/80
f 91/91/91 2/2/2 92/92/92
f 91/91/91 1/1/1 2/2/2
f 93/93/93 92/92/92 2/2/2
f 93/93/93 2/2/2 3/3/3
f 94/94/94 93/93/93 3/3/3
f 94/94/94 3/3/3 4/4/4
f 95/95/95 94/94/94 4/4/4
f 96/96/96 95/95/95 4/4/4
f 96/96/96 4/4/4 5/5/5
f 97/97/97 96/96/96 5/5/5
f 97/97/97 5/5/5 6/6/6
f 98/98/98 97/97/97 6/6/6
f 98/98/98 6/6/6 7/7/7
f 99/99/99 98/98/98 7/7/7
f 100/100/100 99/99/99 7/7/7
f 100/100/100 7/7/7 8/8/8
f 101/101/101 100/100/100 8/8/8
f 101/101/101 8/8/8 9/9/9
f 102/102/102 101/101/101 9/9/9
f 102/102/102 9/9/9 10/10/10
f 91/91/91 92/92/92 106/106/106
f 106/106/106 103/103/103 91/91/91
f 103/103/103 106/106/106 107/107/107
f 107/107/107 104/104/104 103/103/103
f 104/104/104 107/107/107 108/108/108
f 108/108/108 105/105/105 104/104/104
f 92/92/92 93/93/93 109/109/109
f 109/109/109 106/106/106 92/92/92
f 106/106/106 109/109/109 110/110/110
f 110/110/110 107/107/107 106/106/106
f 107/107/107 110/110/110 111/111/111
f 111/111/111 108/108/108 107/107/107
f 93/93/93 94/94/94 112/112/112
f 112/112/112 109/109/109 93/93/93
f 109/109/109 112/112/112 113/113/113
f 113/113/113 110/110/110 109/109/109
f 110/110/110 113/113/113 114/114/114
f 114/114/114 111/111/111 110/110/110
f 94/94/94 95/95/95 115/115/115
f 115/115/115 112/112/112 94/94/94
f 112/112/112 115/115/115 116/116/116
f 116/116/116 113/113/113 112/112/112
f 113/113/113 116/116/116 117/117/117
f 117/117/117 114/114/114 113/113/113
f 95/95/95 96/96/96 118/118/118
f 118/118/118 115/115/115 95/95/95
f 115/115/115 118/118/118 119/119/119
f 119/119/119 116/116/116 115/115/115
f 116/116/116 119/119/119 120/120/120
f 120/120/120 117/117/117 116/116/116
f 96/96/96 97/97/97 121/121/121
f 121/121/121 118/118/118 96/96/96
f 118/118/118 121/121/121 122/122/122
f 122/122/122 119/119/119 118/118/118
f 119/119/119 122/122/122 123/123/123
f 123/123/123 120/120/120 119/119/119
f 97/97/97 98/98/98 124/124/124
f 124/124/124 121/121/121 97/97/97
f 121/121/121 124/124/124 125/125/125
f 125/125/125 122/122/122 121/121/121
f 122/122/122 125/125/125 126/126/126
f 126/126/126 123/123/123 122/122/122
f 98/98/98 99/99/99 127/127/127
f 127/127/127 124/124/124 98/98/98
f 124/124/124 127/127/127 128/128/128
f 128/128/128 125/125/125 124/124/124
f 125/125/125 128/128/128 129/129/129
f 129/129/129 126/126/126 125/125/125
f 99/99/99 100/100/100 130/130/130
f 130/130/130 127/127/127 99/99/99
f 127/127/127 130/130/130 131/131/131
f 131/131/131 128/128/128 127/127/127
f 128/128/128 131/131/131 132/132/132
f 132/132/132 129/129/129 128/128/128
f 100/100/100 101/101/101 133/133/133
f 133/133/133 130/130/130 100/100/100
f 130/130/130 133/133/133 134/134/134
f 134/134/134 131/131/131 130/130/130
f 131/131/131 134/134/134 135/135/135
f 135/135/135 132/132/132 131/131/131
f 101/101/101 102/102/102 136/136/136
f 136/136/136 133/133/133 101/101/101
f 133/133/133 136/136/136 137/137/137
f 137/137/137 134/134/134 133/133/133
f 134/134/134 137/137/137 138/138/138
f 138/138/138 135/135/135 134/134/134
f 11/11/11 1/1/1 139/139/139
f 139/139/139 147/148/147 11/11/11
f 147/148/147 139/139/139 140/140/140
f 140/140/140 148/149/148 147/148/147
f 148/149/148 140/140/140 141/141/141
f 141/141/141 149/150/149 148/149/148
f 149/150/149 141/141/141 142/142/142
f 142/142/142 150/151/150 149/150/149
f 150/151/150 142/142/142 143/143/143
f 143/143/143 151/152/151 150/151/150
f 151/152/151 143/143/143 144/144/144
f 144/144/144 152/153/152 151/152/151
f 152/153/152 144/144/144 145/145/145
f 145/145/145 153/154/153 152/153/152
f 153/154/153 145/145/145 146/146/146
f 146/146/146 154/155/154 153/154/153
f 154/155/154 146/146/146 10/147/10
f 10/147/10 20/156/20 154/155/154
f 21/21/21 11/11/11 147/148/147
f 147/148/147 155/157/155 21/21/21
f 155/157/155 147/148/147 148/149/148
f 148/149/148 156/158/156 155/157/155
f 156/158/156 148/149/148 149/150/149
f 149/150/149 157/159/157 156/158/156
f 157/159/157 149/150/149 150/151/150
f 150/151/150 158/160/158 157/159/157
f 158/160/158 150/151/150 151/152/151
f 151/152/151 159/161/159 158/160/158
f 159/161/159 151/152/151 152/153/152
f 152/153/152 160/162/160 159/161/159
f 160/162/160 152/153/152 153/154/153
f 153/154/153 161/163/161 160/162/160
f 161/163/161 153/154/153 154/155/154
f 154/155/154 162/164/162 161/163/161
f 162/164/162 154/155/154 20/156/20
f 20/156/20 30/165/30 162/164/162
f 31/31/31 21/21/21 155/157/155
f 155/157/155 163/166/163 31/31/31
f 163/166/163 155/157/155 156/158/156
f 156/158/156 164/167/164 163/166/163
f 164/167/164 156/158/156 157/159/157
f 157/159/157 165/168/165 164/167/164
f 165/168/165 157/159/157 158/160/158
f 158/160/158 166/169/166 165/168/165
f 166/169/166 158/160/158 159/161/159
f 159/161/159 167/170/167 166/169/166
f 167/170/167 159/161/159 160/162/160
f 160/162/160 168/171/168 167/170/167
f 168/171/168 160/162/160 161/163/161
f 161/163/161 169/172/169 168/171/168
f 169/172/169 161/163/161 162/164/162
f 162/164/162 170/173/170 169/172/169
f 170/173/170 162/164/162 30/165/30
f 30/165/30 40/174/40 170/173/170
f 41/41/41 31/31/31 163/166/163
f 163/166/163 171/175/171 41/41/41
f 171/175/171 163/166/163 164/167/164
f 164/167/164 172/176/172 171/175/171
f 172/176/172 164/167/164 165/168/165
f 165/168/165 173/177/173 172/176/172
f 173/177/173 165/168/165 166/169/166
f 166/169/166 174/178/174 173/177/173
f 174/178/174 166/169/166 167/170/167
f 167/170/167 175/179/175 174/178/174
f 175/179/175 167/170/167 168/171/168
f 168/171/168 176/180/176 175/179/175
f 176/180/176 168/171/168 169/172/169
f 169/172/169 177/181/177 176/180/176
f 177/181/177 169/172/169 170/173/170
f 170/173/170 178/182/178 177/181/177
f 178/182/178 170/173/170 40/174/40
f 40/174/40 50/183/50 178/182/178
f 51/51/51 41/41/41 171/175/171
f 171/175/171 179/184/179 51/51/51
f 179/184/179 171/175/171 172/176/172
f 172/176/172 180/185/180 179/184/179
f 180/185/180 172/176/172 173/177/173
f 173/177/173 181/186/181 180/185/180
f 181/186/181 173/177/173 174/178/174
f 174/178/174 182/187/182 181/186/181
f 182/187/182 174/178/174 175/179/175
f 175/179/175 183/188/183 182/187/182
f 183/188/183 175/179/175 176/180/176
f 176/180/176 184/189/184 183/188/183
f 184/189/184 176/180/176 177/181/177
f 177/181/177 185/190/185 184/189/184
f 185/190/185 177/181/177 178/182/178
f 178/182/178 186/191/186 185/190/185
f 186/191/186 178/182/178 50/183/50
f 50/183/50 60/192/60 186/191/186
f 61/61/61 51/51/51 179/184/179
f 179/184/179 187/193/187 61/61/61
f 187/193/187 179/184/179 180/185/180
f 180/185/180 188/194/188 187/193/187
f 188/194/188 180/185/180 181/186/181
f 181/186/181 189/195/189 188/194/188
f 189/195/189 181/186/181 182/187/182
f 182/187/182 190/196/190 189/195/189
f 190/196/190 182/187/182 183/188/183
f 183/188/183 191/197/191 190/196/190
f 191/197/191 183/188/183 184/189/184
f 184/189/184 192/198/192 191/197/191
f 192/198/192 184/189/184 185/190/185
f 185/190/185 193/199/193 192/198/192
f 193/199/193 185/190/185 186/191/186
f 186/191/186 194/200/194 193/199/193
f 194/200/194 186/191/186 60/192/60
f 60/192/60 70/201/70 194/200/194
f 71/71/71 61/61/61 187/193/187
f 187/193/187 195/202/195 71/71/71
f 195/202/195 187/193/187 188/194/188
f 188/194/188 196/203/196 195/202/195
f 196/203/196 188/194/188 189/195/189
f 189/195/189 197/204/197 196/203/196
f 197/204/197 189/195/189 190/196/190
f 190/196/190 198/205/198 197/204/197
f 198/205/198 190/196/190 191/197/191
f 191/197/191 199/206/199 198/205/198
f 199/206/199 191/197/191 192/198/192
f 192/198/192 200/207/200 199/206/199
f 200/207/200 192/198/192 193/199/193
f 193/199/193 201/208/201 200/207/200
f 201/208/201 193/199/193 194/200/194
f 194/200/194 202/209/202 201/208/201
f 202/209/202 194/200/194 70/201/70
f 70/201/70 80/210/80 202/209/202
f 81/81/81 71/71/71 195/202/195
f 195/202/195 203/211/203 81/81/81
f 203/211/203 195/202/195 196/203/196
f 196/203/196 204/212/204 203/211/203
f 204/212/204 196/203/196 197/204/197
f 197/204/197 205/213/205 204/212/204
f 205/213/205 197/204/197 198/205/198
f 198/205/198 206/214/206 205/213/205
f 206/214/206 198/205/198 199/206/199
f 199/206/199 207/215/207 206/214/206
f 207/215/207 199/206/199 200/207/200
f 200/207/200 208/216/208 207/215/207
f 208/216/208 200/207/200 201/208/201
f 201/208/201 209/217/209 208/216/208
f 209/217/209 201/208/201 202/209/202
f 202/209/202 210/218/210 209/217/209
f 210/218/210 202/209/202 80/210/80
f 80/210/80 90/219/90 210/218/210
f 139/139/139 91/91/91 211/220/211
f 1/1/1 91/91/91 139/139/139
f 211/220/211 212/221/212 139/139/139
f 139/139/139 212/221/212 140/140/140
f 212/221/212 213/222/213 140/140/140
f 140/140/140 213/222/213 141/141/141
f 213/222/213 214/223/214 141/141/141
f 214/223/214 215/224/215 141/141/141
f 141/141/141 215/224/215 142/142/142
f 215/224/215 216/225/216 142/142/142
f 142/142/142 216/225/216 143/143/143
f 216/225/216 217/226/217 143/143/143
f 143/143/143 217/226/217 144/144/144
f 217/226/217 218/227/218 144/144/144
f 218/227/218 219/228/219 144/144/144
f 144/144/144 219/228/219 145/145/145
f 219/228/219 220/229/220 145/145/145
f 145/145/145 220/229/220 146/146/146
f 220/229/220 102/230/102 146/146/146
f 146/146/146 102/230/102 10/147/10
f 221/231/221 211/220/211 91/91/91
f 91/91/91 103/103/103 221/231/221
f 222/232/222 221/231/221 103/103/103
f 103/103/103 104/104/104 222/232/222
f 223/233/223 222/232/222 104/104/104
f 104/104/104 105/105/105 223/233/223
f 224/234/224 212/221/212 211/220/211
f 211/220/211 221/231/221 224/234/224
f 225/235/225 224/234/224 221/231/221
f 221/231/221 222/232/222 225/235/225
f 226/236/226 225/235/225 222/232/222
f 222/232/222 223/233/223 226/236/226
f 227/237/227 213/222/213 212/221/212
f 212/221/212 224/234/224 227/237/227
f 228/238/228 227/237/227 224/234/224
f 224/234/224 225/235/225 228/238/228
f 229/239/229 228/238/228 225/235/225
f 225/235/225 226/236/226 229/239/229
f 230/240/230 214/223/214 213/222/213
f 213/222/213 227/237/227 230/240/230
f 231/241/231 230/240/230 227/237/227
f 227/237/227 228/238/228 231/241/231
f 232/242/232 231/241/231 228/238/228
f 228/238/228 229/239/229 232/242/232
f 233/243/233 215/224/215 214/223/214
f 214/223/214 230/240/230 233/243/233
f 234/244/234 233/243/233 230/240/230
f 230/240/230 231/241/231 234/244/234
f 235/245/235 234/244/234 231/241/231
f 231/241/231 232/242/232 235/245/235
f 236/246/236 216/225/216 215/224/215
f 215/224/215 233/243/233 236/246/236
f 237/247/237 236/246/236 233/243/233
f 233/243/233 234/244/234 237/247/237
f 238/248/238 237/247/237 234/244/234
f 234/244/234 235/245/235 238/248/238
f 239/249/239 217/226/217 216/225/216
f 216/225/216 236/246/236 239/249/239
f 240/250/240 239/249/239 236/246/236
f 236/246/236 237/247/237 240/250/240
f 241/251/241 240/250/240 237/247/237
f 237/247/237 238/248/238 241/251/241
f 242/252/242 218/227/218 217/226/217
f 217/226/217 239/249/239 242/252/242
f 243/253/243 242/252/242 239/249/239
f 239/249/239 240/250/240 243/253/243
f 244/254/244 243/253/243 240/250/240
f 240/250/240 241/251/241 244/254/244
f 245/255/245 219/228/219 218/227/218
f 218/227/218 242/252/242 245/255/245
f 246/256/246 245/255/245 242/252/242
f 242/252/242 243/253/243 246/256/246
f 247/257/247 246/256/246 243/253/243
f 243/253/243 244/254/244 247/257/247
f 248/258/248 220/229/220 219/228/219
f 219/228/219 245/255/245 248/258/248
f 249/259/249 248/258/248 245/255/245
f 245/255/245 246/256/246 249/259/249
f 250/260/250 249/259/249 246/256/246
f 246/256/246 247/257/247 250/260/250
f 136/261/136 102/230/102 220/229/220
f 220/229/220 248/258/248 136/261/136
f 137/262/137 136/261/136 248/258/248
f 248/258/248 249/259/249 137/262/137
f 138/263/138 137/262/137 249/259/249
f 249/259/249 250/260/250 138/263/138
f 82/82/82 81/81/81 251/264/251
f 251/264/251 252/265/252 82/82/82
f 83/83/83 82/82/82 252/265/252
f 252/265/252 253/266/253 83/83/83
f 84/84/84 83/83/83 253/266/253
f 253/266/253 254/267/254 84/84/84
f 85/85/85 84/84/84 254/267/254
f 254/267/254 255/268/255 85/85/85
f 86/86/86 85/85/85 255/268/255
f 255/268/255 256/269/256 86/86/86
f 87/87/87 86/86/86 256/269/256
f 256/269/256 257/270/257 87/87/87
f 88/88/88 87/87/87 257/270/257
f 257/270/257 258/271/258 88/88/88
f 89/89/89 88/88/88 258/271/258
f 258/271/258 259/272/259 89/89/89
f 90/90/90 89/89/89 259/272/259
f 259/272/259 260/273/260 90/90/90
f 252/265/252 251/264/251 261/274/261
f 261/274/261 262/275/262 252/265/252
f 253/266/253 252/265/252 262/275/262
f 262/275/262 263/276/263 253/266/253
f 254/267/254 253/266/253 263/276/263
f 263/276/263 264/277/264 254/267/254
f 255/268/255 254/267/254 264/277/264
f 264/277/264 265/278/265 255/268/255
f 256/269/256 255/268/255 265/278/265
f 265/278/265 266/279/266 256/269/256
f 257/270/257 256/269/256 266/279/266
f 266/279/266 267/280/267 257/270/257
f 258/271/258 257/270/257 267/280/267
f 267/280/267 268/281/268 258/271/258
f 259/272/259 258/271/258 268/281/268
f 268/281/268 269/282/269 259/272/259
f 260/273/260 259/272/259 269/282/269
f 269/282/269 270/283/270 260/273/260
f 262/275/262 261/274/261 271/284/271
f 271/284/271 272/285/272 262/275/262
f 263/276/263 262/275/262 272/285/272
f 272/285/272 273/286/273 263/276/263
f 264/277/264 263/276/263 273/286/273
f 273/286/273 274/287/274 264/277/264
f 265/278/265 264/277/264 274/287/274
f 274/287/274 275/288/275 265/278/265
f 266/279/266 265/278/265 275/288/275
f 275/288/275 276/289/276 266/279/266
f 267/280/267 266/279/266 276/289/276
f 276/289/276 277/290/277 267/280/267
f 268/281/268 267/280/267 277/290/277
f 277/290/277 278/291/278 268/281/268
f 269/282/269 268/281/268 278/291/278
f 278/291/278 279/292/279 269/282/269
f 270/283/270 269/282/269 279/292/279
f 279/292/279 280/293/280 270/283/270
f 272/285/272 271/284/271 281/294/281
f 281/294/281 282/295/282 272/285/272
f 273/286/273 272/285/272 282/295/282
f 282/295/282 283/296/283 273/286/273
f 274/287/274 273/286/273 283/296/283
f 283/296/283 284/297/284 274/287/274
f 275/288/275 274/287/274 284/297/284
f 284/297/284 285/298/285 275/288/275
f 276/289/276 275/288/275 285/298/285
f 285/298/285 286/299/286 276/289/276
f 277/290/277 276/289/276 286/299/286
f 286/299/286 287/300/287 277/290/277
f 278/291/278 277/290/277 287/300/287
f 287/300/287 288/301/288 278/291/278
f 279/292/279 278/291/278 288/301/288
f 288/301/288 289/302/289 279/292/279
f 280/293/280 279/292/279 289/302/289
f 289/302/289 290/303/290 280/293/280
f 282/295/282 281/294/281 291/304/291
f 291/304/291 292/305/292 282/295/282
f 283/296/283 282/295/282 292/305/292
f 292/305/292 293/306/293 283/296/283
f 284/297/284 283/296/283 293/306/293
f 293/306/293 294/307/294 284/297/284
f 285/298/285 284/297/284 294/307/294
f 294/307/294 295/308/295 285/298/285
f 286/299/286 285/298/285 295/308/295
f 295/308/295 296/309/296 286/299/286
f 287/300/287 286/299/286 296/309/296
f 296/309/296 297/310/297 287/300/287
f 288/301/288 287/300/287 297/310/297
f 297/310/297 298/311/298 288/301/288
f 289/302/289 288/301/288 298/311/298
f 298/311/298 299/312/299 289/302/289
f 290/303/290 289/302/289 299/312/299
f 299/312/299 300/313/300 290/303/290
f 292/305/292 291/304/291 301/314/301
f 301/314/301 302/315/302 292/305/292
f 293/306/293 292/305/292 302/315/302
f 302/315/302 303/316/303 293/306/293
f 294/307/294 293/306/293 303/316/303
f 303/316/303 304/317/304 294/307/294
f 295/308/295 294/307/294 304/317/304
f 304/317/304 305/318/305 295/308/295
f 296/309/296 295/308/295 305/318/305
f 305/318/305 306/319/306 296/309/296
f 297/310/297 296/309/296 306/319/306
f 306/319/306 307/320/307 297/310/297
f 298/311/298 297/310/297 307/320/307
f 307/320/307 308/321/308 298/311/298
f 299/312/299 298/311/298 308/321/308
f 308/321/308 309/322/309 299/312/299
f 300/313/300 299/312/299 309/322/309
f 309/322/309 310/323/310 300/313/300
f 302/315/302 301/314/301 311/324/311
f 311/324/311 312/325/312 302/315/302
f 303/316/303 302/315/302 312/325/312
f 312/325/312 313/326/313 303/316/303
f 304/317/304 303/316/303 313/326/313
f 313/326/313 314/327/314 304/317/304
f 305/318/305 304/317/304 314/327/314
f 314/327/314 315/328/315 305/318/305
f 306/319/306 305/318/305 315/328/315
f 315/328/315 316/329/316 306/319/306
f 307/320/307 306/319/306 316/329/316
f 316/329/316 317/330/317 307/320/307
f 308/321/308 307/320/307 317/330/317
f 317/330/317 318/331/318 308/321/308
f 309/322/309 308/321/308 318/331/318
f 318/331/318 319/332/319 309/322/309
f 310/323/310 309/322/309 319/332/319
f 319/332/319 320/333/320 310/323/310
f 312/325/312 311/324/311 321/334/321
f 321/334/321 322/335/322 312/325/312
f 313/326/313 312/325/312 322/335/322
f 322/335/322 323/336/323 313/326/313
f 314/327/314 313/326/313 323/336/323
f 323/336/323 324/337/324 314/327/314
f 315/328/315 314/327/314 324/337/324
f 324/337/324 325/338/325 315/328/315
f 316/329/316 315/328/315 325/338/325
f 325/338/325 326/339/326 316/329/316
f 317/330/317 316/329/316 326/339/326
f 326/339/326 327/340/327 317/330/317
f 318/331/318 317/330/317 327/340/327
f 327/340/327 328/341/328 318/331/318
f 319/332/319 318/331/318 328/341/328
f 328/341/328 329/342/329 319/332/319
f 320/333/320 319/332/319 329/342/329
f 329/342/329 330/343/330 320/333/320
f 331/344/331 329/342/329 332/345/332
f 331/344/331 330/343/330 329/342/329
f 332/345/332 328/341/328 333/346/333
f 332/345/332 329/342/329 328/341/328
f 333/346/333 327/340/327 334/347/334
f 333/346/333 328/341/328 327/340/327
f 334/347/334 327/340/327 335/348/335
f 335/348/335 326/339/326 336/349/336
f 335/348/335 327/340/327 326/339/326
f 336/349/336 325/338/325 337/350/337
f 336/349/336 326/339/326 325/338/325
f 337/350/337 325/338/325 338/351/338
f 338/351/338 324/337/324 339/352/339
f 338/351/338 325/338/325 324/337/324
f 339/352/339 323/336/323 340/353/340
f 339/352/339 324/337/324 323/336/323
f 341/354/341 340/353/340 323/336/323
f 341/354/341 323/336/323 322/335/322
f 341/354/341 322/335/322 342/355/342
f 342/355/342 321/334/321 343/356/343
f 342/355/342 322/335/322 321/334/321
f 331/344/331 332/345/332 347/360/347
f 347/360/347 344/357/344 331/344/331
f 344/357/344 347/360/347 348/361/348
f 348/361/348 345/358/345 344/357/344
f 345/358/345 348/361/348 349/362/349
f 349/362/349 346/359/346 345/358/345
f 332/345/332 333/346/333 350/363/350
f 350/363/350 347/360/347 332/345/332
f 347/360/347 350/363/350 351/364/351
f 351/364/351 348/361/348 347/360/347
f 348/361/348 351/364/351 352/365/352
f 352/365/352 349/362/349 348/361/348
f 333/346/333 334/347/334 353/366/353
f 353/366/353 350/363/350 333/346/333
f 350/363/350 353/366/353 354/367/354
f 354/367/354 351/364/351 350/363/350
f 351/364/351 354/367/354 355/368/355
f 355/368/355 352/365/352 351/364/351
f 334/347/334 335/348/335 356/369/356
f 356/369/356 353/366/353 334/347/334
f 353/366/353 356/369/356 357/370/357
f 357/370/357 354/367/354 353/366/353
f 354/367/354 357/370/357 358/371/358
f 358/371/358 355/368/355 354/367/354
f 335/348/335 336/349/336 359/372/359
f 359/372/359 356/369/356 335/348/335
f 356/369/356 359/372/359 360/373/360
f 360/373/360 357/370/357 356/369/356
f 357/370/357 360/373/360 361/374/361
f 361/374/361 358/371/358 357/370/357
f 336/349/336 337/350/337 362/375/362
f 362/375/362 359/372/359 336/349/336
f 359/372/359 362/375/362 363/376/363
f 363/376/363 360/373/360 359/372/359
f 360/373/360 363/376/363 364/377/364
f 364/377/364 361/374/361 360/373/360
f 337/350/337 338/351/338 365/378/365
f 365/378/365 362/375/362 337/350/337
f 362/375/362 365/378/365 366/379/366
f 366/379/366 363/376/363 362/375/362
f 363/376/363 366/379/366 367/380/367
f 367/380/367 364/377/364 363/376/363
f 338/351/338 339/352/339 368/381/368
f 368/381/368 365/378/365 338/351/338
f 365/378/365 368/381/368 369/382/369
f 369/382/369 366/379/366 365/378/365
f 366/379/366 369/382/369 370/383/370
f 370/383/370 367/380/367 366/379/366
f 339/352/339 340/353/340 371/384/371
f 371/384/371 368/381/368 339/352/339
f 368/381/368 371/384/371 372/385/372
f 372/385/372 369/382/369 368/381/368
f 369/382/369 372/385/372 373/386/373
f 373/386/373 370/383/370 369/382/369
f 340/353/340 341/354/341 374/387/374
f 374/387/374 371/384/371 340/353/340
f 371/384/371 374/387/374 375/388/375
f 375/388/375 372/385/372 371/384/371
f 372/385/372 375/388/375 376/389/376
f 376/389/376 373/386/373 372/385/372
f 341/354/341 342/355/342 377/390/377
f 377/390/377 374/387/374 341/354/341
f 374/387/374 377/390/377 378/391/378
f 378/391/378 375/388/375 374/387/374
f 375/388/375 378/391/378 379/392/379
f 379/392/379 376/389/376 375/388/375
f 342/355/342 343/356/343 380/393/380
f 380/393/380 377/390/377 342/355/342
f 377/390/377 380/393/380 381/394/381
f 381/394/381 378/391/378 377/390/377
f 378/391/378 381/394/381 382/395/382
f 382/395/382 379/392/379 378/391/378
f 251/264/251 81/81/81 203/211/203
f 203/211/203 383/396/383 251/264/251
f 383/396/383 203/211/203 204/212/204
f 204/212/204 384/397/384 383/396/383
f 384/397/384 204/212/204 205/213/205
f 205/213/205 385/398/385 384/397/384
f 385/398/385 205/213/205 206/214/206
f 206/214/206 386/399/386 385/398/385
f 386/399/386 206/214/206 207/215/207
f 207/215/207 387/400/387 386/399/386
f 387/400/387 207/215/207 208/216/208
f 208/216/208 388/401/388 387/400/387
f 388/401/388 208/216/208 209/217/209
f 209/217/209 389/402/389 388/401/388
f 389/402/389 209/217/209 210/218/210
f 210/218/210 390/403/390 389/402/389
f 390/403/390 210/218/210 90/219/90
f 90/219/90 260/404/260 390/403/390
f 261/274/261 251/264/251 383/396/383
f 383/396/383 391/405/391 261/274/261
f 391/405/391 383/396/383 384/397/384
f 384/397/384 392/406/392 391/405/391
f 392/406/392 384/397/384 385/398/385
f 385/398/385 393/407/393 392/406/392
f 393/407/393 385/398/385 386/399/386
f 386/399/386 394/408/394 393/407/393
f 394/408/394 386/399/386 387/400/387
f 387/400/387 395/409/395 394/408/394
f 395/409/395 387/400/387 388/401/388
f 388/401/388 396/410/396 395/409/395
f 396/410/396 388/401/388 389/402/389
f 389/402/389 397/411/397 396/410/396
f 397/411/397 389/402/389 390/403/390
f 390/403/390 398/412/398 397/411/397
f 398/412/398 390/403/390 260/404/260
f 260/404/260 270/413/270 398/412/398
f 271/284/271 261/274/261 391/405/391
f 391/405/391 399/414/399 271/284/271
f 399/414/399 391/405/391 392/406/392
f 392/406/392 400/415/400 399/414/399
f 400/415/400 392/406/392 393/407/393
f 393/407/393 401/416/401 400/415/400
f 401/416/401 393/407/393 394/408/394
f 394/408/394 402/417/402 401/416/401
f 402/417/402 394/408/394 395/409/395
f 395/409/395 403/418/403 402/417/402
f 403/418/403 395/409/395 396/410/396
f 396/410/396 404/419/404 403/418/403
f 404/419/404 396/410/396 397/411/397
f 397/411/397 405/420/405 404/419/404
f 405/420/405 397/411/397 398/412/398
f 398/412/398 406/421/406 405/420/405
f 406/421/406 398/412/398 270/413/270
f 270/413/270 280/422/280 406/421/406
f 281/294/281 271/284/271 399/414/399
f 399/414/399 407/423/407 281/294/281
f 407/423/407 399/414/399 400/415/400
f 400/415/400 408/424/408 407/423/407
f 408/424/408 400/415/400 401/416/401
f 401/416/401 409/425/409 408/424/408
f 409/425/409 401/416/401 402/417/402
f 402/417/402 410/426/410 409/425/409
f 410/426/410 402/417/402 403/418/403
f 403/418/403 411/427/411 410/426/410
f 411/427/411 403/418/403 404/419/404
f 404/419/404 412/428/412 411/427/411
f 412/428/412 404/419/404 405/420/405
f 405/420/405 413/429/413 412/428/412
f 413/429/413 405/420/405 406/421/406
f 406/421/406 414/430/414 413/429/413
f 414/430/414 406/421/406 280/422/280
f 280/422/280 290/431/290 414/430/414
f 291/304/291 281/294/281 407/423/407
f 407/423/407 415/432/415 291/304/291
f 415/432/415 407/423/407 408/424/408
f 408/424/408 416/433/416 415/432/415
f 416/433/416 408/424/408 409/425/409
f 409/425/409 417/434/417 416/433/416
f 417/434/417 409/425/409 410/426/410
f 410/426/410 418/435/418 417/434/417
f 418/435/418 410/426/410 411/427/411
f 411/427/411 419/436/419 418/435/418
f 419/436/419 411/427/411 412/428/412
f 412/428/412 420/437/420 419/436/419
f 420/437/420 412/428/412 413/429/413
f 413/429/413 421/438/421 420/437/420
f 421/438/421 413/429/413 414/430/414
f 414/430/414 422/439/422 421/438/421
f 422/439/422 414/430/414 290/431/290
f 290/431/290 300/440/300 422/439/422
f 301/314/301 291/304/291 415/432/415
f 415/432/415 423/441/423 301/314/301
f 423/441/423 415/432/415 416/433/416
f 416/433/416 424/442/424 423/441/423
f 424/442/424 416/433/416 417/434/417
f 417/434/417 425/443/425 424/442/424
f 425/443/425 417/434/417 418/435/418
f 418/435/418 426/444/426 425/443/425
f 426/444/426 418/435/418 419/436/419
f 419/436/419 427/445/427 426/444/426
f 427/445/427 419/436/419 420/437/420
f 420/437/420 428/446/428 427/445/427
f 428/446/428 420/437/420 421/438/421
f 421/438/421 429/447/429 428/446/428
f 429/447/429 421/438/421 422/439/422
f 422/439/422 430/448/430 429/447/429
f 430/448/430 422/439/422 300/440/300
f 300/440/300 310/449/310 430/448/430
f 311/324/311 301/314/301 423/441/423
f 423/441/423 431/450/431 311/324/311
f 431/450/431 423/441/423 424/442/424
f 424/442/424 432/451/432 431/450/431
f 432/451/432 424/442/424 425/443/425
f 425/443/425 433/452/433 432/451/432
f 433/452/433 425/443/425 426/444/426
f 426/444/426 434/453/434 433/452/433
f 434/453/434 426/444/426 427/445/427
f 427/445/427 435/454/435 434/453/434
f 435/454/435 427/445/427 428/446/428
f 428/446/428 436/455/436 435/454/435
f 436/455/436 428/446/428 429/447/429
f 429/447/429 437/456/437 436/455/436
f 437/456/437 429/447/429 430/448/430
f 430/448/430 438/457/438 437/456/437
f 438/457/438 430/448/430 310/449/310
f 310/449/310 320/458/320 438/457/438
f 321/334/321 311/324/311 431/450/431
f 431/450/431 439/459/439 321/334/321
f 439/459/439 431/450/431 432/451/432
f 432/451/432 440/460/440 439/459/439
f 440/460/440 432/451/432 433/452/433
f 433/452/433 441/461/441 440/460/440
f 441/461/441 433/452/433 434/453/434
f 434/453/434 442/462/442 441/461/441
f 442/462/442 434/453/434 435/454/435
f 435/454/435 443/463/443 442/462/442
f 443/463/443 435/454/435 436/455/436
f 436/455/436 444/464/444 443/463/443
f 444/464/444 436/455/436 437/456/437
f 437/456/437 445/465/445 444/464/444
f 445/465/445 437/456/437 438/457/438
f 438/457/438 446/466/446 445/465/445
f 446/466/446 438/457/438 320/458/320
f 320/458/320 330/467/330 446/466/446
f 446/466/446 331/468/331 447/469/447
f 330/467/330 331/468/331 446/466/446
f 445/465/445 447/469/447 448/470/448
f 446/466/446 447/469/447 445/465/445
f 444/464/444 448/470/448 449/471/449
f 445/465/445 448/470/448 444/464/444
f 444/464/444 449/471/449 450/472/450
f 443/463/443 450/472/450 451/473/451
f 444/464/444 450/472/450 443/463/443
f 442/462/442 451/473/451 452/474/452
f 443/463/443 451/473/451 442/462/442
f 442/462/442 452/474/452 453/475/453
f 441/461/441 453/475/453 454/476/454
f 442/462/442 453/475/453 441/461/441
f 440/460/440 454/476/454 455/477/455
f 441/461/441 454/476/454 440/460/440
f 455/477/455 456/478/456 440/460/440
f 440/460/440 456/478/456 439/459/439
f 439/459/439 456/478/456 457/479/457
f 321/334/321 457/479/457 343/356/343
f 439/459/439 457/479/457 321/334/321
f 458/483/458 447/469/447 331/468/331
f 331/468/331 344/480/344 458/483/458
f 459/484/459 458/483/458 344/480/344
f 344/480/344 345/481/345 459/484/459
f 460/485/460 459/484/459 345/481/345
f 345/481/345 346/482/346 460/485/460
f 461/486/461 448/470/448 447/469/447
f 447/469/447 458/483/458 461/486/461
f 462/487/462 461/486/461 458/483/458
f 458/483/458 459/484/459 462/487/462
f 463/488/463 462/487/462 459/484/459
f 459/484/459 460/485/460 463/488/463
f 464/489/464 449/471/449 448/470/448
f 448/470/448 461/486/461 464/489/464
f 465/490/465 464/489/464 461/486/461
f 461/486/461 462/487/462 465/490/465
f 466/491/466 465/490/465 462/487/462
f 462/487/462 463/488/463 466/491/466
f 467/492/467 450/472/450 449/471/449
f 449/471/449 464/489/464 467/492/467
f 468/493/468 467/492/467 464/489/464
f 464/489/464 465/490/465 468/493/468
f 469/494/469 468/493/468 465/490/465
f 465/490/465 466/491/466 469/494/469
f 470/495/470 451/473/451 450/472/450
f 450/472/450 467/492/467 470/495/470
f 471/496/471 470/495/470 467/492/467
f 467/492/467 468/493/468 471/496/471
f 472/497/472 471/496/471 468/493/468
f 468/493/468 469/494/469 472/497/472
f 473/498/473 452/474/452 451/473/451
f 451/473/451 470/495/470 473/498/473
f 474/499/474 473/498/473 470/495/470
f 470/495/470 471/496/471 474/499/474
f 475/500/475 474/499/474 471/496/471
f 471/496/471 472/497/472 475/500/475
f 476/501/476 453/475/453 452/474/452
f 452/474/452 473/498/473 476/501/476
f 477/502/477 476/501/476 473/498/473
f 473/498/473 474/499/474 477/502/477
f 478/503/478 477/502/477 474/499/474
f 474/499/474 475/500/475 478/503/478
f 479/504/479 454/476/454 453/475/453
f 453/475/453 476/501/476 479/504/479
f 480/505/480 479/504/479 476/501/476
f 476/501/476 477/502/477 480/505/480
f 481/506/481 480/505/480 477/502/477
f 477/502/477 478/503/478 481/506/481
f 482/507/482 455/477/455 454/476/454
f 454/476/454 479/504/479 482/507/482
f 483/508/483 482/507/482 479/504/479
f 479/504/479 480/505/480 483/508/483
f 484/509/484 483/508/483 480/505/480
f 480/505/480 481/506/481 484/509/484
f 485/510/485 456/478/456 455/477/455
f 455/477/455 482/507/482 485/510/485
f 486/511/486 485/510/485 482/507/482
f 482/507/482 483/508/483 486/511/486
f 487/512/487 486/511/486 483/508/483
f 483/508/483 484/509/484 487/512/487
f 488/513/488 457/479/457 456/478/456
f 456/478/456 485/510/485 488/513/488
f 489/514/489 488/513/488 485/510/485
f 485/510/485 486/511/486 489/514/489
f 490/515/490 489/514/489 486/511/486
f 486/511/486 487/512/487 490/515/490
f 380/393/380 343/356/343 457/479/457
f 457/479/457 488/513/488 380/393/380
f 381/394/381 380/393/380 488/513/488
f 488/513/488 489/514/489 381/394/381
f 382/395/382 381/394/381 489/514/489
f 489/514/489 490/515/490 382/395/382
f 492/517/492 491/516/491 501/526/501
f 501/526/501 502/527/502 492/517/492
f 493/518/493 492/517/492 502/527/502
f 502/527/502 503/528/503 493/518/493
f 494/519/494 493/518/493 503/528/503
f 503/528/503 504/529/504 494/519/494
f 495/520/495 494/519/494 504/529/504
f 504/529/504 505/530/505 495/520/495
f 496/521/496 495/520/495 505/530/505
f 505/530/505 506/531/506 496/521/496
f 497/522/497 496/521/496 506/531/506
f 506/531/506 507/532/507 497/522/497
f 498/523/498 497/522/497 507/532/507
f 507/532/507 508/533/508 498/523/498
f 499/524/499 498/523/498 508/533/508
f 508/533/508 509/534/509 499/524/499
f 500/525/500 499/524/499 509/534/509
f 509/534/509 510/535/510 500/525/500
f 502/527/502 501/526/501 511/536/511
f 511/536/511 512/537/512 502/527/502
f 503/528/503 502/527/502 512/537/512
f 512/537/512 513/538/513 503/528/503
f 504/529/504 503/528/503 513/538/513
f 513/538/513 514/539/514 504/529/504
f 505/530/505 504/529/504 514/539/514
f 514/539/514 515/540/515 505/530/505
f 506/531/506 505/530/505 515/540/515
f 515/540/515 516/541/516 506/531/506
f 507/532/507 506/531/506 516/541/516
f 516/541/516 517/542/517 507/532/507
f 508/533/508 507/532/507 517/542/517
f 517/542/517 518/543/518 508/533/508
f 509/534/509 508/533/508 518/543/518
f 518/543/518 519/544/519 509/534/509
f 510/535/510 509/534/509 519/544/519
f 519/544/519 520/545/520 510/535/510
f 512/537/512 511/536/511 521/546/521
f 521/546/521 522/547/522 512/537/512
f 513/538/513 512/537/512 522/547/522
f 522/547/522 523/548/523 513/538/513
f 514/539/514 513/538/513 523/548/523
f 523/548/523 524/549/524 514/539/514
f 515/540/515 514/539/514 524/549/524
f 524/549/524 525/550/525 515/540/515
f 516/541/516 515/540/515 525/550/525
f 525/550/525 526/551/526 516/541/516
f 517/542/517 516/541/516 526/551/526
f 526/551/526 527/552/527 517/542/517
f 518/543/518 517/542/517 527/552/527
f 527/552/527 528/553/528 518/543/518
f 519/544/519 518/543/518 528/553/528
f 528/553/528 529/554/529 519/544/519
f 520/545/520 519/544/519 529/554/529
f 529/554/529 530/555/530 520/545/520
f 522/547/522 521/546/521 531/556/531
f 531/556/531 532/557/532 522/547/522
f 523/548/523 522/547/522 532/557/532
f 532/557/532 533/558/533 523/548/523
f 524/549/524 523/548/523 533/558/533
f 533/558/533 534/559/534 524/549/524
f 525/550/525 524/549/524 534/559/534
f 534/559/534 535/560/535 525/550/525
f 526/551/526 525/550/525 535/560/535
f 535/560/535 536/561/536 526/551/526
f 527/552/527 526/551/526 536/561/536
f 536/561/536 537/562/537 527/552/527
f 528/553/528 527/552/527 537/562/537
f 537/562/537 538/563/538 528/553/528
f 529/554/529 528/553/528 538/563/538
f 538/563/538 539/564/539 529/554/529
f 530/555/530 529/554/529 539/564/539
f 539/564/539 540/565/540 530/555/530
f 532/557/532 531/556/531 541/566/541
f 541/566/541 542/567/542 532/557/532
f 533/558/533 532/557/532 542/567/542
f 542/567/542 543/568/543 533/558/533
f 534/559/534 533/558/533 543/568/543
f 543/568/543 544/569/544 534/559/534
f 535/560/535 534/559/534 544/569/544
f 544/569/544 545/570/545 535/560/535
f 536/561/536 535/560/535 545/570/545
f 545/570/545 546/571/546 536/561/536
f 537/562/537 536/561/536 546/571/546
f 546/571/546 547/572/547 537/562/537
f 538/563/538 537/562/537 547/572/547
f 547/572/547 548/573/548 538/563/538
f 539/564/539 538/563/538 548/573/548
f 548/573/548 549/574/549 539/564/539
f 540/565/540 539/564/539 549/574/549
f 549/574/549 550/575/550 540/565/540
f 542/567/542 541/566/541 551/576/551
f 551/576/551 552/577/552 542/567/542
f 543/568/543 542/567/542 552/577/552
f 552/577/552 553/578/553 543/568/543
f 544/569/544 543/568/543 553/578/553
f 553/578/553 554/579/554 544/569/544
f 545/570/545 544/569/544 554/579/554
f 554/579/554 555/580/555 545/570/545
f 546/571/546 545/570/545 555/580/555
f 555/580/555 556/581/556 546/571/546
f 547/572/547 546/571/546 556/581/556
f 556/581/556 557/582/557 547/572/547
f 548/573/548 547/572/547 557/582/557
f 557/582/557 558/583/558 548/573/548
f 549/574/549 548/573/548 558/583/558
f 558/583/558 559/584/559 549/574/549
f 550/575/550 549/574/549 559/584/559
f 559/584/559 560/585/560 550/575/550
f 552/577/552 551/576/551 561/586/561
f 561/586/561 562/587/562 552/577/552
f 553/578/553 552/577/552 562/587/562
f 562/587/562 563/588/563 553/578/553
f 554/579/554 553/578/553 563/588/563
f 563/588/563 564/589/564 554/579/554
f 555/580/555 554/579/554 564/589/564
f 564/589/564 565/590/565 555/580/555
f 556/581/556 555/580/555 565/590/565
f 565/590/565 566/591/566 556/581/556
f 557/582/557 556/581/556 566/591/566
f 566/591/566 567/592/567 557/582/557
f 558/583/558 557/582/557 567/592/567
f 567/592/567 568/593/568 558/583/558
f 559/584/559 558/583/558 568/593/568
f 568/593/568 569/594/569 559/584/559
f 560/585/560 559/584/559 569/594/569
f 569/594/569 570/595/570 560/585/560
f 562/587/562 561/586/561 571/596/571
f 571/596/571 572/597/572 562/587/562
f 563/588/563 562/587/562 572/597/572
f 572/597/572 573/598/573 563/588/563
f 564/589/564 563/588/563 573/598/573
f 573/598/573 574/599/574 564/589/564
f 565/590/565 564/589/564 574/599/574
f 574/599/574 575/600/575 565/590/565
f 566/591/566 565/590/565 575/600/575
f 575/600/575 576/601/576 566/591/566
f 567/592/567 566/591/566 576/601/576
f 576/601/576 577/602/577 567/592/567
f 568/593/568 567/592/567 577/602/577
f 577/602/577 578/603/578 568/593/568
f 569/594/569 568/593/568 578/603/578
f 578/603/578 579/604/579 569/594/569
f 570/595/570 569/594/569 579/604/579
f 579/604/579 580/605/580 570/595/570
f 572/597/572 571/596/571 581/606/581
f 581/606/581 582/607/582 572/597/572
f 573/598/573 572/597/572 582/607/582
f 582/607/582 583/608/583 573/598/573
f 574/599/574 573/598/573 583/608/583
f 583/608/583 584/609/584 574/599/574
f 575/600/575 574/599/574 584/609/584
f 584/609/584 585/610/585 575/600/575
f 576/601/576 575/600/575 585/610/585
f 585/610/585 586/611/586 576/601/576
f 577/602/577 576/601/576 586/611/586
f 586/611/586 587/612/587 577/602/577
f 578/603/578 577/602/577 587/612/587
f 587/612/587 588/613/588 578/603/578
f 579/604/579 578/603/578 588/613/588
f 588/613/588 589/614/589 579/604/579
f 580/605/580 579/604/579 589/614/589
f 589/614/589 590/615/590 580/605/580
f 501/625/501 491/616/491 591/617/591
f 591/617/591 599/626/599 501/625/501
f 599/626/599 591/617/591 592/618/592
f 592/618/592 600/627/600 599/626/599
f 600/627/600 592/618/592 593/619/593
f 593/619/593 601/628/601 600/627/600
f 601/628/601 593/619/593 594/620/594
f 594/620/594 602/629/602 601/628/601
f 602/629/602 594/620/594 595/621/595
f 595/621/595 603/630/603 602/629/602
f 603/630/603 595/621/595 596/622/596
f 596/622/596 604/631/604 603/630/603
f 604/631/604 596/622/596 597/623/597
f 597/623/597 605/632/605 604/631/604
f 605/632/605 597/623/597 598/624/598
f 598/624/598 606/633/606 605/632/605
f 606/633/606 598/624/598 500/525/500
f 500/525/500 510/535/510 606/633/606
f 511/634/511 501/625/501 599/626/599
f 599/626/599 607/635/607 511/634/511
f 607/635/607 599/626/599 600/627/600
f 600/627/600 608/636/608 607/635/607
f 608/636/608 600/627/600 601/628/601
f 601/628/601 609/637/609 608/636/608
f 609/637/609 601/628/601 602/629/602
f 602/629/602 610/638/610 609/637/609
f 610/638/610 602/629/602 603/630/603
f 603/630/603 611/639/611 610/638/610
f 611/639/611 603/630/603 604/631/604
f 604/631/604 612/640/612 611/639/611
f 612/640/612 604/631/604 605/632/605
f 605/632/605 613/641/613 612/640/612
f 613/641/613 605/632/605 606/633/606
f 606/633/606 614/642/614 613/641/613
f 614/642/614 606/633/606 510/535/510
f 510/535/510 520/545/520 614/642/614
f 521/643/521 511/634/511 607/635/607
f 607/635/607 615/644/615 521/643/521
f 615/644/615 607/635/607 608/636/608
f 608/636/608 616/645/616 615/644/615
f 616/645/616 608/636/608 609/637/609
f 609/637/609 617/646/617 616/645/616
f 617/646/617 609/637/609 610/638/610
f 610/638/610 618/647/618 617/646/617
f 618/647/618 610/638/610 611/639/611
f 611/639/611 619/648/619 618/647/618
f 619/648/619 611/639/611 612/640/612
f 612/640/612 620/649/620 619/648/619
f 620/649/620 612/640/612 613/641/613
f 613/641/613 621/650/621 620/649/620
f 621/650/621 613/641/613 614/642/614
f 614/642/614 622/651/622 621/650/621
f 622/651/622 614/642/614 520/545/520
f 520/545/520 530/555/530 622/651/622
f 531/652/531 521/643/521 615/644/615
f 615/644/615 623/653/623 531/652/531
f 623/653/623 615/644/615 616/645/616
f 616/645/616 624/654/624 623/653/623
f 624/654/624 616/645/616 617/646/617
f 617/646/617 625/655/625 624/654/624
f 625/655/625 617/646/617 618/647/618
f 618/647/618 626/656/626 625/655/625
f 626/656/626 618/647/618 619/648/619
f 619/648/619 627/657/627 626/656/626
f 627/657/627 619/648/619 620/649/620
f 620/649/620 628/658/628 627/657/627
f 628/658/628 620/649/620 621/650/621
f 621/650/621 629/659/629 628/658/628
f 629/659/629 621/650/621 622/651/622
f 622/651/622 630/660/630 629/659/629
f 630/660/630 622/651/622 530/555/530
f 530/555/530 540/565/540 630/660/630
f 541/661/541 531/652/531 623/653/623
f 623/653/623 631/662/631 541/661/541
f 631/662/631 623/653/623 624/654/624
f 624/654/624 632/663/632 631/662/631
f 632/663/632 624/654/624 625/655/625
f 625/655/625 633/664/633 632/663/632
f 633/664/633 625/655/625 626/656/626
f 626/656/626 634/665/634 633/664/633
f 634/665/634 626/656/626 627/657/627
f 627/657/627 635/666/635 634/665/634
f 635/666/635 627/657/627 628/658/628
f 628/658/628 636/667/636 635/666/635
f 636/667/636 628/658/628 629/659/629
f 629/659/629 637/668/637 636/667/636
f 637/668/637 629/659/629 630/660/630
f 630/660/630 638/669/638 637/668/637
f 638/669/638 630/660/630 540/565/540
f 540/565/540 550/575/550 638/669/638
f 551/670/551 541/661/541 631/662/631
f 631/662/631 639/671/639 551/670/551
f 639/671/639 631/662/631 632/663/632
f 632/663/632 640/672/640 639/671/639
f 640/672/640 632/663/632 633/664/633
f 633/664/633 641/673/641 640/672/640
f 641/673/641 633/664/633 634/665/634
f 634/665/634 642/674/642 641/673/641
f 642/674/642 634/665/634 635/666/635
f 635/666/635 643/675/643 642/674/642
f 643/675/643 635/666/635 636/667/636
f 636/667/636 644/676/644 643/675/643
f 644/676/644 636/667/636 637/668/637
f 637/668/637 645/677/645 644/676/644
f 645/677/645 637/668/637 638/669/638
f 638/669/638 646/678/646 645/677/645
f 646/678/646 638/669/638 550/575/550
f 550/575/550 560/585/560 646/678/646
f 561/679/561 551/670/551 639/671/639
f 639/671/639 647/680/647 561/679/561
f 647/680/647 639/671/639 640/672/640
f 640/672/640 648/681/648 647/680/647
f 648/681/648 640/672/640 641/673/641
f 641/673/641 649/682/649 648/681/648
f 649/682/649 641/673/641 642/674/642
f 642/674/642 650/683/650 649/682/649
f 650/683/650 642/674/642 643/675/643
f 643/675/643 651/684/651 650/683/650
f 651/684/651 643/675/643 644/676/644
f 644/676/644 652/685/652 651/684/651
f 652/685/652 644/676/644 645/677/645
f 645/677/645 653/686/653 652/685/652
f 653/686/653 645/677/645 646/678/646
f 646/678/646 654/687/654 653/686/653
f 654/687/654 646/678/646 560/585/560
f 560/585/560 570/595/570 654/687/654
f 571/688/571 561/679/561 647/680/647
f 647/680/647 655/689/655 571/688/571
f 655/689/655 647/680/647 648/681/648
f 648/681/648 656/690/656 655/689/655
f 656/690/656 648/681/648 649/682/649
f 649/682/649 657/691/657 656/690/656
f 657/691/657 649/682/649 650/683/650
f 650/683/650 658/692/658 657/691/657
f 658/692/658 650/683/650 651/684/651
f 651/684/651 659/693/659 658/692/658
f 659/693/659 651/684/651 652/685/652
f 652/685/652 660/694/660 659/693/659
f 660/694/660 652/685/652 653/686/653
f 653/686/653 661/695/661 660/694/660
f 661/695/661 653/686/653 654/687/654
f 654/687/654 662/696/662 661/695/661
f 662/696/662 654/687/654 570/595/570
f 570/595/570 580/605/580 662/696/662
f 581/697/581 571/688/571 655/689/655
f 655/689/655 663/698/663 581/697/581
f 663/698/663 655/689/655 656/690/656
f 656/690/656 664/699/664 663/698/663
f 664/699/664 656/690/656 657/691/657
f 657/691/657 665/700/665 664/699/664
f 665/700/665 657/691/657 658/692/658
f 658/692/658 666/701/666 665/700/665
f 666/701/666 658/692/658 659/693/659
f 659/693/659 667/702/667 666/701/666
f 667/702/667 659/693/659 660/694/660
f 660/694/660 668/703/668 667/702/667
f 668/703/668 660/694/660 661/695/661
f 661/695/661 669/704/669 668/703/668
f 669/704/669 661/695/661 662/696/662
f 662/696/662 670/705/670 669/704/669
f 670/705/670 662/696/662 580/605/580
f 580/605/580 590/615/590 670/705/670
f 582/607/582 581/606/581 671/706/671
f 671/706/671 672/707/672 582/607/582
f 583/608/583 582/607/582 672/707/672
f 672/707/672 673/708/673 583/608/583
f 584/609/584 583/608/583 673/708/673
f 673/708/673 674/709/674 584/609/584
f 585/610/585 584/609/584 674/709/674
f 674/709/674 675/710/675 585/610/585
f 586/611/586 585/610/585 675/710/675
f 675/710/675 676/711/676 586/611/586
f 587/612/587 586/611/586 676/711/676
f 676/711/676 677/712/677 587/612/587
f 588/613/588 587/612/587 677/712/677
f 677/712/677 678/713/678 588/613/588
f 589/614/589 588/613/588 678/713/678
f 678/713/678 679/714/679 589/614/589
f 590/615/590 589/614/589 679/714/679
f 679/714/679 680/715/680 590/615/590
f 672/707/672 671/706/671 681/716/681
f 681/716/681 682/717/682 672/707/672
f 673/708/673 672/707/672 682/717/682
f 682/717/682 683/718/683 673/708/673
f 674/709/674 673/708/673 683/718/683
f 683/718/683 684/719/684 674/709/674
f 675/710/675 674/709/674 684/719/684
f 684/719/684 685/720/685 675/710/675
f 676/711/676 675/710/675 685/720/685
f 685/720/685 686/721/686 676/711/676
f 677/712/677 676/711/676 686/721/686
f 686/721/686 687/722/687 677/712/677
f 678/713/678 677/712/677 687/722/687
f 687/722/687 688/723/688 678/713/678
f 679/714/679 678/713/678 688/723/688
f 688/723/688 689/724/689 679/714/679
f 680/715/680 679/714/679 689/724/689
f 689/724/689 690/725/690 680/715/680
f 682/717/682 681/716/681 691/726/691
f 691/726/691 692/727/692 682/717/682
f 683/718/683 682/717/682 692/727/692
f 692/727/692 693/728/693 683/718/683
f 684/719/684 683/718/683 693/728/693
f 693/728/693 694/729/694 684/719/684
f 685/720/685 684/719/684 694/729/694
f 694/729/694 695/730/695 685/720/685
f 686/721/686 685/720/685 695/730/695
f 695/730/695 696/731/696 686/721/686
f 687/722/687 686/721/686 696/731/696
f 696/731/696 697/732/697 687/722/687
f 688/723/688 687/722/687 697/732/697
f 697/732/697 698/733/698 688/723/688
f 689/724/689 688/723/688 698/733/698
f 698/733/698 699/734/699 689/724/689
f 690/725/690 689/724/689 699/734/699
f 699/734/699 700/735/700 690/725/690
f 692/727/692 691/726/691 701/736/701
f 701/736/701 702/737/702 692/727/692
f 693/728/693 692/727/692 702/737/702
f 702/737/702 703/738/703 693/728/693
f 694/729/694 693/728/693 703/738/703
f 703/738/703 704/739/704 694/729/694
f 695/730/695 694/729/694 704/739/704
f 704/739/704 705/740/705 695/730/695
f 696/731/696 695/730/695 705/740/705
f 705/740/705 706/741/706 696/731/696
f 697/732/697 696/731/696 706/741/706
f 706/741/706 707/742/707 697/732/697
f 698/733/698 697/732/697 707/742/707
f 707/742/707 708/743/708 698/733/698
f 699/734/699 698/733/698 708/743/708
f 708/743/708 709/744/709 699/734/699
f 700/735/700 699/734/699 709/744/709
f 709/744/709 710/745/710 700/735/700
f 702/737/702 701/736/701 711/746/711
f 711/746/711 712/747/712 702/737/702
f 703/738/703 702/737/702 712/747/712
f 712/747/712 713/748/713 703/738/703
f 704/739/704 703/738/703 713/748/713
f 713/748/713 714/749/714 704/739/704
f 705/740/705 704/739/704 714/749/714
f 714/749/714 715/750/715 705/740/705
f 706/741/706 705/740/705 715/750/715
f 715/750/715 716/751/716 706/741/706
f 707/742/707 706/741/706 716/751/716
f 716/751/716 717/752/717 707/742/707
f 708/743/708 707/742/707 717/752/717
f 717/752/717 718/753/718 708/743/708
f 709/744/709 708/743/708 718/753/718
f 718/753/718 719/754/719 709/744/709
f 710/745/710 709/744/709 719/754/719
f 719/754/719 720/755/720 710/745/710
f 712/747/712 711/746/711 721/756/721
f 721/756/721 722/757/722 712/747/712
f 713/748/713 712/747/712 722/757/722
f 722/757/722 723/758/723 713/748/713
f 714/749/714 713/748/713 723/758/723
f 723/758/723 724/759/724 714/749/714
f 715/750/715 714/749/714 724/759/724
f 724/759/724 725/760/725 715/750/715
f 716/751/716 715/750/715 725/760/725
f 725/760/725 726/761/726 716/751/716
f 717/752/717 716/751/716 726/761/726
f 726/761/726 727/762/727 717/752/717
f 718/753/718 717/752/717 727/762/727
f 727/762/727 728/763/728 718/753/718
f 719/754/719 718/753/718 728/763/728
f 728/763/728 729/764/729 719/754/719
f 720/755/720 719/754/719 729/764/729
f 729/764/729 730/765/730 720/755/720
f 722/757/722 721/756/721 731/766/731
f 731/766/731 732/767/732 722/757/722
f 723/758/723 722/757/722 732/767/732
f 732/767/732 733/768/733 723/758/723
f 724/759/724 723/758/723 733/768/733
f 733/768/733 734/769/734 724/759/724
f 725/760/725 724/759/724 734/769/734
f 734/769/734 735/770/735 725/760/725
f 726/761/726 725/760/725 735/770/735
f 735/770/735 736/771/736 726/761/726
f 727/762/727 726/761/726 736/771/736
f 736/771/736 737/772/737 727/762/727
f 728/763/728 727/762/727 737/772/737
f 737/772/737 738/773/738 728/763/728
f 729/764/729 728/763/728 738/773/738
f 738/773/738 739/774/739 729/764/729
f 730/765/730 729/764/729 739/774/739
f 739/774/739 740/775/740 730/765/730
f 732/767/732 731/766/731 741/776/741
f 741/776/741 742/777/742 732/767/732
f 733/768/733 732/767/732 742/777/742
f 742/777/742 743/778/743 733/768/733
f 734/769/734 733/768/733 743/778/743
f 743/778/743 744/779/744 734/769/734
f 735/770/735 734/769/734 744/779/744
f 744/779/744 745/780/745 735/770/735
f 736/771/736 735/770/735 745/780/745
f 745/780/745 746/781/746 736/771/736
f 737/772/737 736/771/736 746/781/746
f 746/781/746 747/782/747 737/772/737
f 738/773/738 737/772/737 747/782/747
f 747/782/747 748/783/748 738/773/738
f 739/774/739 738/773/738 748/783/748
f 748/783/748 749/784/749 739/774/739
f 740/775/740 739/774/739 749/784/749
f 749/784/749 750/785/750 740/775/740
f 751/786/751 752/787/752 742/777/742
f 751/786/751 742/777/742 741/776/741
f 753/788/753 742/777/742 752/787/752
f 753/788/753 743/778/743 742/777/742
f 754/789/754 743/778/743 753/788/753
f 755/790/755 743/778/743 754/789/754
f 755/790/755 744/779/744 743/778/743
f 756/791/756 744/779/744 755/790/755
f 757/792/757 744/779/744 756/791/756
f 757/792/757 745/780/745 744/779/744
f 758/793/758 745/780/745 757/792/757
f 759/794/759 745/780/745 758/793/758
f 759/794/759 746/781/746 745/780/745
f 760/795/760 746/781/746 759/794/759
f 761/796/761 746/781/746 760/795/760
f 761/796/761 747/782/747 746/781/746
f 762/797/762 747/782/747 761/796/761
f 762/797/762 763/798/763 748/783/748
f 762/797/762 748/783/748 747/782/747
f 763/798/763 764/799/764 748/783/748
f 765/800/765 748/783/748 764/799/764
f 765/800/765 749/784/749 748/783/748
f 766/801/766 749/784/749 765/800/765
f 767/802/767 749/784/749 766/801/766
f 767/802/767 750/785/750 749/784/749
f 752/787/752 751/786/751 768/803/768
f 768/803/768 771/806/771 752/787/752
f 771/806/771 768/803/768 769/804/769
f 769/804/769 772/807/772 771/806/771
f 772/807/772 769/804/769 770/805/770
f 770/805/770 773/808/773 772/807/772
f 753/788/753 752/787/752 771/806/771
f 771/806/771 774/809/774 753/788/753
f 774/809/774 771/806/771 772/807/772
f 772/807/772 775/810/775 774/809/774
f 775/810/775 772/807/772 773/808/773
f 773/808/773 776/811/776 775/810/775
f 754/789/754 753/788/753 774/809/774
f 774/809/774 777/812/777 754/789/754
f 777/812/777 774/809/774 775/810/775
f 775/810/775 778/813/778 777/812/777
f 778/813/778 775/810/775 776/811/776
f 776/811/776 779/814/779 778/813/778
f 755/790/755 754/789/754 777/812/777
f 777/812/777 780/815/780 755/790/755
f 780/815/780 777/812/777 778/813/778
f 778/813/778 781/816/781 780/815/780
f 781/816/781 778/813/778 779/814/779
f 779/814/779 782/817/782 781/816/781
f 756/791/756 755/790/755 780/815/780
f 780/815/780 783/818/783 756/791/756
f 783/818/783 780/815/780 781/816/781
f 781/816/781 784/819/784 783/818/783
f 784/819/784 781/816/781 782/817/782
f 782/817/782 785/820/785 784/819/784
f 757/792/757 756/791/756 783/818/783
f 783/818/783 786/821/786 757/792/757
f 786/821/786 783/818/783 784/819/784
f 784/819/784 787/822/787 786/821/786
f 787/822/787 784/819/784 785/820/785
f 785/820/785 788/823/788 787/822/787
f 758/793/758 757/792/757 786/821/786
f 786/821/786 789/824/789 758/793/758
f 789/824/789 786/821/786 787/822/787
f 787/822/787 790/825/790 789/824/789
f 790/825/790 787/822/787 788/823/788
f 788/823/788 791/826/791 790/825/790
f 759/794/759 758/793/758 789/824/789
f 789/824/789 792/827/792 759/794/759
f 792/827/792 789/824/789 790/825/790
f 790/825/790 793/828/793 792/827/792
f 793/828/793 790/825/790 791/826/791
f 791/826/791 794/829/794 793/828/793
f 760/795/760 759/794/759 792/827/792
f 792/827/792 795/830/795 760/795/760
f 795/830/795 792/827/792 793/828/793
f 793/828/793 796/831/796 795/830/795
f 796/831/796 793/828/793 794/829/794
f 794/829/794 797/832/797 796/831/796
f 761/796/761 760/795/760 795/830/795
f 795/830/795 798/833/798 761/796/761
f 798/833/798 795/830/795 796/831/796
f 796/831/796 799/834/799 798/833/798
f 799/834/799 796/831/796 797/832/797
f 797/832/797 800/835/800 799/834/799
f 762/797/762 761/796/761 798/833/798
f 798/833/798 801/836/801 762/797/762
f 801/836/801 798/833/798 799/834/799
f 799/834/799 802/837/802 801/836/801
f 802/837/802 799/834/799 800/835/800
f 800/835/800 803/838/803 802/837/802
f 763/798/763 762/797/762 801/836/801
f 801/836/801 804/839/804 763/798/763
f 804/839/804 801/836/801 802/837/802
f 802/837/802 805/840/805 804/839/804
f 805/840/805 802/837/802 803/838/803
f 803/838/803 806/841/806 805/840/805
f 764/799/764 763/798/763 804/839/804
f 804/839/804 807/842/807 764/799/764
f 807/842/807 804/839/804 805/840/805
f 805/840/805 808/843/808 807/842/807
f 808/843/808 805/840/805 806/841/806
f 806/841/806 809/844/809 808/843/808
f 765/800/765 764/799/764 807/842/807
f 807/842/807 810/845/810 765/800/765
f 810/845/810 807/842/807 808/843/808
f 808/843/808 811/846/811 810/845/810
f 811/846/811 808/843/808 809/844/809
f 809/844/809 812/847/812 811/846/811
f 766/801/766 765/800/765 810/845/810
f 810/845/810 813/848/813 766/801/766
f 813/848/813 810/845/810 811/846/811
f 811/846/811 814/849/814 813/848/813
f 814/849/814 811/846/811 812/847/812
f 812/847/812 815/850/815 814/849/814
f 767/802/767 766/801/766 813/848/813
f 813/848/813 816/851/816 767/802/767
f 816/851/816 813/848/813 814/849/814
f 814/849/814 817/852/817 816/851/816
f 817/852/817 814/849/814 815/850/815
f 815/850/815 818/853/818 817/852/817
f 671/854/671 581/697/581 663/698/663
f 663/698/663 819/855/819 671/854/671
f 819/855/819 663/698/663 664/699/664
f 664/699/664 820/856/820 819/855/819
f 820/856/820 664/699/664 665/700/665
f 665/700/665 821/857/821 820/856/820
f 821/857/821 665/700/665 666/701/666
f 666/701/666 822/858/822 821/857/821
f 822/858/822 666/701/666 667/702/667
f 667/702/667 823/859/823 822/858/822
f 823/859/823 667/702/667 668/703/668
f 668/703/668 824/860/824 823/859/823
f 824/860/824 668/703/668 669/704/669
f 669/704/669 825/861/825 824/860/824
f 825/861/825 669/704/669 670/705/670
f 670/705/670 826/862/826 825/861/825
f 826/862/826 670/705/670 590/615/590
f 590/615/590 680/715/680 826/862/826
f 681/863/681 671/854/671 819/855/819
f 819/855/819 827/864/827 681/863/681
f 827/864/827 819/855/819 820/856/820
f 820/856/820 828/865/828 827/864/827
f 828/865/828 820/856/820 821/857/821
f 821/857/821 829/866/829 828/865/828
f 829/866/829 821/857/821 822/858/822
f 822/858/822 830/867/830 829/866/829
f 830/867/830 822/858/822 823/859/823
f 823/859/823 831/868/831 830/867/830
f 831/868/831 823/859/823 824/860/824
f 824/860/824 832/869/832 831/868/831
f 832/869/832 824/860/824 825/861/825
f 825/861/825 833/870/833 832/869/832
f 833/870/833 825/861/825 826/862/826
f 826/862/826 834/871/834 833/870/833
f 834/871/834 826/862/826 680/715/680
f 680/715/680 690/725/690 834/871/834
f 691/872/691 681/863/681 827/864/827
f 827/864/827 835/873/835 691/872/691
f 835/873/835 827/864/827 828/865/828
f 828/865/828 836/874/836 835/873/835
f 836/874/836 828/865/828 829/866/829
f 829/866/829 837/875/837 836/874/836
f 837/875/837 829/866/829 830/867/830
f 830/867/830 838/876/838 837/875/837
f 838/876/838 830/867/830 831/868/831
f 831/868/831 839/877/839 838/876/838
f 839/877/839 831/868/831 832/869/832
f 832/869/832 840/878/840 839/877/839
f 840/878/840 832/869/832 833/870/833
f 833/870/833 841/879/841 840/878/840
f 841/879/841 833/870/833 834/871/834
f 834/871/834 842/880/842 841/879/841
f 842/880/842 834/871/834 690/725/690
f 690/725/690 700/735/700 842/880/842
f 701/881/701 691/872/691 835/873/835
f 835/873/835 843/882/843 701/881/701
f 843/882/843 835/873/835 836/874/836
f 836/874/836 844/883/844 843/882/843
f 844/883/844 836/874/836 837/875/837
f 837/875/837 845/884/845 844/883/844
f 845/884/845 837/875/837 838/876/838
f 838/876/838 846/885/846 845/884/845
f 846/885/846 838/876/838 839/877/839
f 839/877/839 847/886/847 846/885/846
f 847/886/847 839/877/839 840/878/840
f 840/878/840 848/887/848 847/886/847
f 848/887/848 840/878/840 841/879/841
f 841/879/841 849/888/849 848/887/848
f 849/888/849 841/879/841 842/880/842
f 842/880/842 850/889/850 849/888/849
f 850/889/850 842/880/842 700/735/700
f 700/735/700 710/745/710 850/889/850
f 711/890/711 701/881/701 843/882/843
f 843/882/843 851/891/851 711/890/711
f 851/891/851 843/882/843 844/883/844
f 844/883/844 852/892/852 851/891/851
f 852/892/852 844/883/844 845/884/845
f 845/884/845 853/893/853 852/892/852
f 853/893/853 845/884/845 846/885/846
f 846/885/846 854/894/854 853/893/853
f 854/894/854 846/885/846 847/886/847
f 847/886/847 855/895/855 854/894/854
f 855/895/855 847/886/847 848/887/848
f 848/887/848 856/896/856 855/895/855
f 856/896/856 848/887/848 849/888/849
f 849/888/849 857/897/857 856/896/856
f 857/897/857 849/888/849 850/889/850
f 850/889/850 858/898/858 857/897/857
f 858/898/858 850/889/850 710/745/710
f 710/745/710 720/755/720 858/898/858
f 721/899/721 711/890/711 851/891/851
f 851/891/851 859/900/859 721/899/721
f 859/900/859 851/891/851 852/892/852
f 852/892/852 860/901/860 859/900/859
f 860/901/860 852/892/852 853/893/853
f 853/893/853 861/902/861 860/901/860
f 861/902/861 853/893/853 854/894/854
f 854/894/854 862/903/862 861/902/861
f 862/903/862 854/894/854 855/895/855
f 855/895/855 863/904/863 862/903/862
f 863/904/863 855/895/855 856/896/856
f 856/896/856 864/905/864 863/904/863
f 864/905/864 856/896/856 857/897/857
f 857/897/857 865/906/865 864/905/864
f 865/906/865 857/897/857 858/898/858
f 858/898/858 866/907/866 865/906/865
f 866/907/866 858/898/858 720/755/720
f 720/755/720 730/765/730 866/907/866
f 731/908/731 721/899/721 859/900/859
f 859/900/859 867/909/867 731/908/731
f 867/909/867 859/900/859 860/901/860
f 860/901/860 868/910/868 867/909/867
f 868/910/868 860/901/860 861/902/861
f 861/902/861 869/911/869 868/910/868
f 869/911/869 861/902/861 862/903/862
f 862/903/862 870/912/870 869/911/869
f 870/912/870 862/903/862 863/904/863
f 863/904/863 871/913/871 870/912/870
f 871/913/871 863/904/863 864/905/864
f 864/905/864 872/914/872 871/913/871
f 872/914/872 864/905/864 865/906/865
f 865/906/865 873/915/873 872/914/872
f 873/915/873 865/906/865 866/907/866
f 866/907/866 874/916/874 873/915/873
f 874/916/874 866/907/866 730/765/730
f 730/765/730 740/775/740 874/916/874
f 741/917/741 731/908/731 867/909/867
f 867/909/867 875/918/875 741/917/741
f 875/918/875 867/909/867 868/910/868
f 868/910/868 876/919/876 875/918/875
f 876/919/876 868/910/868 869/911/869
f 869/911/869 877/920/877 876/919/876
f 877/920/877 869/911/869 870/912/870
f 870/912/870 878/921/878 877/920/877
f 878/921/878 870/912/870 871/913/871
f 871/913/871 879/922/879 878/921/878
f 879/922/879 871/913/871 872/914/872
f 872/914/872 880/923/880 879/922/879
f 880/923/880 872/914/872 873/915/873
f 873/915/873 881/924/881 880/923/880
f 881/924/881 873/915/873 874/916/874
f 874/916/874 882/925/882 881/924/881
f 882/925/882 874/916/874 740/775/740
f 740/775/740 750/785/750 882/925/882
f 883/927/883 751/926/751 875/918/875
f 875/918/875 751/926/751 741/917/741
f 875/918/875 884/928/884 883/927/883
f 876/919/876 884/928/884 875/918/875
f 876/919/876 885/929/885 884/928/884
f 876/919/876 886/930/886 885/929/885
f 877/920/877 886/930/886 876/919/876
f 877/920/877 887/931/887 886/930/886
f 877/920/877 888/932/888 887/931/887
f 878/921/878 888/932/888 877/920/877
f 878/921/878 889/933/889 888/932/888
f 878/921/878 890/934/890 889/933/889
f 879/922/879 890/934/890 878/921/878
f 879/922/879 891/935/891 890/934/890
f 879/922/879 892/936/892 891/935/891
f 880/923/880 892/936/892 879/922/879
f 880/923/880 893/937/893 892/936/892
f 894/938/894 893/937/893 881/924/881
f 881/924/881 893/937/893 880/923/880
f 895/939/895 894/938/894 881/924/881
f 881/924/881 896/940/896 895/939/895
f 882/925/882 896/940/896 881/924/881
f 882/925/882 897/941/897 896/940/896
f 882/925/882 767/802/767 897/941/897
f 750/785/750 767/802/767 882/925/882
f 768/942/768 751/926/751 883/927/883
f 883/927/883 898/945/898 768/942/768
f 769/943/769 768/942/768 898/945/898
f 898/945/898 899/946/899 769/943/769
f 770/944/770 769/943/769 899/946/899
f 899/946/899 900/947/900 770/944/770
f 898/945/898 883/927/883 884/928/884
f 884/928/884 901/948/901 898/945/898
f 899/946/899 898/945/898 901/948/901
f 901/948/901 902/949/902 899/946/899
f 900/947/900 899/946/899 902/949/902
f 902/949/902 903/950/903 900/947/900
f 901/948/901 884/928/884 885/929/885
f 885/929/885 904/951/904 901/948/901
f 902/949/902 901/948/901 904/951/904
f 904/951/904 905/952/905 902/949/902
f 903/950/903 902/949/902 905/952/905
f 905/952/905 906/953/906 903/950/903
f 904/951/904 885/929/885 886/930/886
f 886/930/886 907/954/907 904/951/904
f 905/952/905 904/951/904 907/954/907
f 907/954/907 908/955/908 905/952/905
f 906/953/906 905/952/905 908/955/908
f 908/955/908 909/956/909 906/953/906
f 907/954/907 886/930/886 887/931/887
f 887/931/887 910/957/910 907/954/907
f 908/955/908 907/954/907 910/957/910
f 910/957/910 911/958/911 908/955/908
f 909/956/909 908/955/908 911/958/911
f 911/958/911 912/959/912 909/956/909
f 910/957/910 887/931/887 888/932/888
f 888/932/888 913/960/913 910/957/910
f 911/958/911 910/957/910 913/960/913
f 913/960/913 914/961/914 911/958/911
f 912/959/912 911/958/911 914/961/914
f 914/961/914 915/962/915 912/959/912
f 913/960/913 888/932/888 889/933/889
f 889/933/889 916/963/916 913/960/913
f 914/961/914 913/960/913 916/963/916
f 916/963/916 917/964/917 914/961/914
f 915/962/915 914/961/914 917/964/917
f 917/964/917 918/965/918 915/962/915
f 916/963/916 889/933/889 890/934/890
f 890/934/890 919/966/919 916/963/916
f 917/964/917 916/963/916 919/966/919
f 919/966/919 920/967/920 917/964/917
f 918/965/918 917/964/917 920/967/920
f 920/967/920 921/968/921 918/965/918
f 919/966/919 890/934/890 891/935/891
f 891/935/891 922/969/922 919/966/919
f 920/967/920 919/966/919 922/969/922
f 922/969/922 923/970/923 920/967/920
f 921/968/921 920/967/920 923/970/923
f 923/970/923 924/971/924 921/968/921
f 922/969/922 891/935/891 892/936/892
f 892/936/892 925/972/925 922/969/922
f 923/970/923 922/969/922 925/972/925
f 925/972/925 926/973/926 923/970/923
f 924/971/924 923/970/923 926/973/926
f 926/973/926 927/974/927 924/971/924
f 925/972/925 892/936/892 893/937/893
f 893/937/893 928/975/928 925/972/925
f 926/973/926 925/972/925 928/975/928
f 928/975/928 929/976/929 926/973/926
f 927/974/927 926/973/926 929/976/929
f 929/976/929 930/977/930 927/974/927
f 928/975/928 893/937/893 894/938/894
f 894/938/894 931/978/931 928/975/928
f 929/976/929 928/975/928 931/978/931
f 931/978/931 932/979/932 929/976/929
f 930/977/930 929/976/929 932/979/932
f 932/979/932 933/980/933 930/977/930
f 931/978/931 894/938/894 895/939/895
f 895/939/895 934/981/934 931/978/931
f 932/979/932 931/978/931 934/981/934
f 934/981/934 935/982/935 932/979/932
f 933/980/933 932/979/932 935/982/935
f 935/982/935 936/983/936 933/980/933
f 934/981/934 895/939/895 896/940/896
f 896/940/896 937/984/937 934/981/934
f 935/982/935 934/981/934 937/984/937
f 937/984/937 938/985/938 935/982/935
f 936/983/936 935/982/935 938/985/938
f 938/985/938 939/986/939 936/983/936
f 937/984/937 896/940/896 897/941/897
f 897/941/897 940/987/940 937/984/937
f 938/985/938 937/984/937 940/987/940
f 940/987/940 941/988/941 938/985/938
f 939/986/939 938/985/938 941/988/941
f 941/988/941 942/989/942 939/986/939
f 940/987/940 897/941/897 767/802/767
f 767/802/767 816/851/816 940/987/940
f 941/988/941 940/987/940 816/851/816
f 816/851/816 817/852/817 941/988/941
f 942/989/942 941/988/941 817/852/817
f 817/852/817 818/853/818 942/989/942
f 943/990/943 944/991/944 945/992/945
f 943/990/943 945/992/945 946/993/946
f 943/990/943 946/993/946 947/994/947
f 943/990/943 947/994/947 948/995/948
f 943/990/943 948/995/948 949/996/949
f 943/990/943 949/996/949 950/997/950
f 943/990/943 950/997/950 951/998/951
f 943/990/943 951/998/951 952/999/952
f 943/990/943 952/999/952 953/1000/953
f 945/992/945 944/991/944 954/1001/954
f 954/1001/954 955/1002/955 945/992/945
f 946/993/946 945/992/945 955/1002/955
f 955/1002/955 956/1003/956 946/993/946
f 947/994/947 946/993/946 956/1003/956
f 956/1003/956 957/1004/957 947/994/947
f 948/995/948 947/994/947 957/1004/957
f 957/1004/957 958/1005/958 948/995/948
f 949/996/949 948/995/948 958/1005/958
f 958/1005/958 959/1006/959 949/996/949
f 950/997/950 949/996/949 959/1006/959
f 959/1006/959 960/1007/960 950/997/950
f 951/998/951 950/997/950 960/1007/960
f 960/1007/960 961/1008/961 951/998/951
f 952/999/952 951/998/951 961/1008/961
f 961/1008/961 962/1009/962 952/999/952
f 953/1000/953 952/999/952 962/1009/962
f 962/1009/962 963/1010/963 953/1000/953
f 955/1002/955 954/1001/954 964/1011/964
f 964/1011/964 965/1012/965 955/1002/955
f 956/1003/956 955/1002/955 965/1012/965
f 965/1012/965 966/1013/966 956/1003/956
f 957/1004/957 956/1003/956 966/1013/966
f 966/1013/966 967/1014/967 957/1004/957
f 958/1005/958 957/1004/957 967/1014/967
f 967/1014/967 968/1015/968 958/1005/958
f 959/1006/959 958/1005/958 968/1015/968
f 968/1015/968 969/1016/969 959/1006/959
f 960/1007/960 959/1006/959 969/1016/969
f 969/1016/969 970/1017/970 960/1007/960
f 961/1008/961 960/1007/960 970/1017/970
f 970/1017/970 971/1018/971 961/1008/961
f 962/1009/962 961/1008/961 971/1018/971
f 971/1018/971 972/1019/972 962/1009/962
f 963/1010/963 962/1009/962 972/1019/972
f 972/1019/972 973/1020/973 963/1010/963
f 965/1012/965 964/1011/964 974/1021/974
f 974/1021/974 975/1022/975 965/1012/965
f 966/1013/966 965/1012/965 975/1022/975
f 975/1022/975 976/1023/976 966/1013/966
f 967/1014/967 966/1013/966 976/1023/976
f 976/1023/976 977/1024/977 967/1014/967
f 968/1015/968 967/1014/967 977/1024/977
f 977/1024/977 978/1025/978 968/1015/968
f 969/1016/969 968/1015/968 978/1025/978
f 978/1025/978 979/1026/979 969/1016/969
f 970/1017/970 969/1016/969 979/1026/979
f 979/1026/979 980/1027/980 970/1017/970
f 971/1018/971 970/1017/970 980/1027/980
f 980/1027/980 981/1028/981 971/1018/971
f 972/1019/972 971/1018/971 981/1028/981
f 981/1028/981 982/1029/982 972/1019/972
f 973/1020/973 972/1019/972 982/1029/982
f 982/1029/982 983/1030/983 973/1020/973
f 975/1022/975 974/1021/974 984/1031/984
f 984/1031/984 985/1032/985 975/1022/975
f 976/1023/976 975/1022/975 985/1032/985
f 985/1032/985 986/1033/986 976/1023/976
f 977/1024/977 976/1023/976 986/1033/986
f 986/1033/986 987/1034/987 977/1024/977
f 978/1025/978 977/1024/977 987/1034/987
f 987/1034/987 988/1035/988 978/1025/978
f 979/1026/979 978/1025/978 988/1035/988
f 988/1035/988 989/1036/989 979/1026/979
f 980/1027/980 979/1026/979 989/1036/989
f 989/1036/989 990/1037/990 980/1027/980
f 981/1028/981 980/1027/980 990/1037/990
f 990/1037/990 991/1038/991 981/1028/981
f 982/1029/982 981/1028/981 991/1038/991
f 991/1038/991 992/1039/992 982/1029/982
f 983/1030/983 982/1029/982 992/1039/992
f 992/1039/992 993/1040/993 983/1030/983
f 985/1032/985 984/1031/984 994/1041/994
f 994/1041/994 995/1042/995 985/1032/985
f 986/1033/986 985/1032/985 995/1042/995
f 995/1042/995 996/1043/996 986/1033/986
f 987/1034/987 986/1033/986 996/1043/996
f 996/1043/996 997/1044/997 987/1034/987
f 988/1035/988 987/1034/987 997/1044/997
f 997/1044/997 998/1045/998 988/1035/988
f 989/1036/989 988/1035/988 998/1045/998
f 998/1045/998 999/1046/999 989/1036/989
f 990/1037/990 989/1036/989 999/1046/999
f 999/1046/999 1000/1047/1000 990/1037/990
f 991/1038/991 990/1037/990 1000/1047/1000
f 1000/1047/1000 1001/1048/1001 991/1038/991
f 992/1039/992 991/1038/991 1001/1048/1001
f 1001/1048/1001 1002/1049/1002 992/1039/992
f 993/1040/993 992/1039/992 1002/1049/1002
f 1002/1049/1002 1003/1050/1003 993/1040/993
f 995/1042/995 994/1041/994 1004/1051/1004
f 1004/1051/1004 1005/1052/1005 995/1042/995
f 996/1043/996 995/1042/995 1005/1052/1005
f 1005/1052/1005 1006/1053/1006 996/1043/996
f 997/1044/997 996/1043/996 1006/1053/1006
f 1006/1053/1006 1007/1054/1007 997/1044/997
f 998/1045/998 997/1044/997 1007/1054/1007
f 1007/1054/1007 1008/1055/1008 998/1045/998
f 999/1046/999 998/1045/998 1008/1055/1008
f 1008/1055/1008 1009/1056/1009 999/1046/999
f 1000/1047/1000 999/1046/999 1009/1056/1009
f 1009/1056/1009 1010/1057/1010 1000/1047/1000
f 1001/1048/1001 1000/1047/1000 1010/1057/1010
f 1010/1057/1010 1011/1058/1011 1001/1048/1001
f 1002/1049/1002 1001/1048/1001 1011/1058/1011
f 1011/1058/1011 1012/1059/1012 1002/1049/1002
f 1003/1050/1003 1002/1049/1002 1012/1059/1012
f 1012/1059/1012 1013/1060/1013 1003/1050/1003
f 1005/1052/1005 1004/1051/1004 1014/1061/1014
f 1014/1061/1014 1015/1062/1015 1005/1052/1005
f 1006/1053/1006 1005/1052/1005 1015/1062/1015
f 1015/1062/1015 1016/1063/1016 1006/1053/1006
f 1007/1054/1007 1006/1053/1006 1016/1063/1016
f 1016/1063/1016 1017/1064/1017 1007/1054/1007
f 1008/1055/1008 1007/1054/1007 1017/1064/1017
f 1017/1064/1017 1018/1065/1018 1008/1055/1008
f 1009/1056/1009 1008/1055/1008 1018/1065/1018
f 1018/1065/1018 1019/1066/1019 1009/1056/1009
f 1010/1057/1010 1009/1056/1009 1019/1066/1019
f 1019/1066/1019 1020/1067/1020 1010/1057/1010
f 1011/1058/1011 1010/1057/1010 1020/1067/1020
f 1020/1067/1020 1021/1068/1021 1011/1058/1011
f 1012/1059/1012 1011/1058/1011 1021/1068/1021
f 1021/1068/1021 1022/1069/1022 1012/1059/1012
f 1013/1060/1013 1012/1059/1012 1022/1069/1022
f 1022/1069/1022 1023/1070/1023 1013/1060/1013
f 1015/1062/1015 1014/1061/1014 1024/1071/1024
f 1024/1071/1024 1025/1072/1025 1015/1062/1015
f 1016/1063/1016 1015/1062/1015 1025/1072/1025
f 1025/1072/1025 1026/1073/1026 1016/1063/1016
f 1017/1064/1017 1016/1063/1016 1026/1073/1026
f 1026/1073/1026 1027/1074/1027 1017/1064/1017
f 1018/1065/1018 1017/1064/1017 1027/1074/1027
f 1027/1074/1027 1028/1075/1028 1018/1065/1018
f 1019/1066/1019 1018/1065/1018 1028/1075/1028
f 1028/1075/1028 1029/1076/1029 1019/1066/1019
f 1020/1067/1020 1019/1066/1019 1029/1076/1029
f 1029/1076/1029 1030/1077/1030 1020/1067/1020
f 1021/1068/1021 1020/1067/1020 1030/1077/1030
f 1030/1077/1030 1031/1078/1031 1021/1068/1021
f 1022/1069/1022 1021/1068/1021 1031/1078/1031
f 1031/1078/1031 1032/1079/1032 1022/1069/1022
f 1023/1070/1023 1022/1069/1022 1032/1079/1032
f 1032/1079/1032 1033/1080/1033 1023/1070/1023
f 943/990/943 953/1000/953 1034/1081/1034
f 943/990/943 1034/1081/1034 1035/1082/1035
f 943/990/943 1035/1082/1035 1036/1083/1036
f 943/990/943 1036/1083/1036 1037/1084/1037
f 943/990/943 1037/1084/1037 1038/1085/1038
f 943/990/943 1038/1085/1038 1039/1086/1039
f 943/990/943 1039/1086/1039 1040/1087/1040
f 943/990/943 1040/1087/1040 1041/1088/1041
f 943/990/943 1041/1088/1041 1042/1089/1042
f 1034/1081/1034 953/1000/953 963/1010/963
f 963/1010/963 1043/1090/1043 1034/1081/1034
f 1035/1082/1035 1034/1081/1034 1043/1090/1043
f 1043/1090/1043 1044/1091/1044 1035/1082/1035
f 1036/1083/1036 1035/1082/1035 1044/1091/1044
f 1044/1091/1044 1045/1092/1045 1036/1083/1036
f 1037/1084/1037 1036/1083/1036 1045/1092/1045
f 1045/1092/1045 1046/1093/1046 1037/1084/1037
f 1038/1085/1038 1037/1084/1037 1046/1093/1046
f 1046/1093/1046 1047/1094/1047 1038/1085/1038
f 1039/1086/1039 1038/1085/1038 1047/1094/1047
f 1047/1094/1047 1048/1095/1048 1039/1086/1039
f 1040/1087/1040 1039/1086/1039 1048/1095/1048
f 1048/1095/1048 1049/1096/1049 1040/1087/1040
f 1041/1088/1041 1040/1087/1040 1049/1096/1049
f 1049/1096/1049 1050/1097/1050 1041/1088/1041
f 1042/1089/1042 1041/1088/1041 1050/1097/1050
f 1050/1097/1050 1051/1098/1051 1042/1089/1042
f 1043/1090/1043 963/1010/963 973/1020/973
f 973/1020/973 1052/1099/1052 1043/1090/1043
f 1044/1091/1044 1043/1090/1043 1052/1099/1052
f 1052/1099/1052 1053/1100/1053 1044/1091/1044
f 1045/1092/1045 1044/1091/1044 1053/1100/1053
f 1053/1100/1053 1054/1101/1054 1045/1092/1045
f 1046/1093/1046 1045/1092/1045 1054/1101/1054
f 1054/1101/1054 1055/1102/1055 1046/1093/1046
f 1047/1094/1047 1046/1093/1046 1055/1102/1055
f 1055/1102/1055 1056/1103/1056 1047/1094/1047
f 1048/1095/1048 1047/1094/1047 1056/1103/1056
f 1056/1103/1056 1057/1104/1057 1048/1095/1048
f 1049/1096/1049 1048/1095/1048 1057/1104/1057
f 1057/1104/1057 1058/1105/1058 1049/1096/1049
f 1050/1097/1050 1049/1096/1049 1058/1105/1058
f 1058/1105/1058 1059/1106/1059 1050/1097/1050
f 1051/1098/1051 1050/1097/1050 1059/1106/1059
f 1059/1106/1059 1060/1107/1060 1051/1098/1051
f 1052/1099/1052 973/1020/973 983/1030/983
f 983/1030/983 1061/1108/1061 1052/1099/1052
f 1053/1100/1053 1052/1099/1052 1061/1108/1061
f 1061/1108/1061 1062/1109/1062 1053/1100/1053
f 1054/1101/1054 1053/1100/1053 1062/1109/1062
f 1062/1109/1062 1063/1110/1063 1054/1101/1054
f 1055/1102/1055 1054/1101/1054 1063/1110/1063
f 1063/1110/1063 1064/1111/1064 1055/1102/1055
f 1056/1103/1056 1055/1102/1055 1064/1111/1064
f 1064/1111/1064 1065/1112/1065 1056/1103/1056
f 1057/1104/1057 1056/1103/1056 1065/1112/1065
f 1065/1112/1065 1066/1113/1066 1057/1104/1057
f 1058/1105/1058 1057/1104/1057 1066/1113/1066
f 1066/1113/1066 1067/1114/1067 1058/1105/1058
f 1059/1106/1059 1058/1105/1058 1067/1114/1067
f 1067/1114/1067 1068/1115/1068 1059/1106/1059
f 1060/1107/1060 1059/1106/1059 1068/1115/1068
f 1068/1115/1068 1069/1116/1069 1060/1107/1060
f 1061/1108/1061 983/1030/983 993/1040/993
f 993/1040/993 1070/1117/1070 1061/1108/1061
f 1062/1109/1062 1061/1108/1061 1070/1117/1070
f 1070/1117/1070 1071/1118/1071 1062/1109/1062
f 1063/1110/1063 1062/1109/1062 1071/1118/1071
f 1071/1118/1071 1072/1119/1072 1063/1110/1063
f 1064/1111/1064 1063/1110/1063 1072/1119/1072
f 1072/1119/1072 1073/1120/1073 1064/1111/1064
f 1065/1112/1065 1064/1111/1064 1073/1120/1073
f 1073/1120/1073 1074/1121/1074 1065/1112/1065
f 1066/1113/1066 1065/1112/1065 1074/1121/1074
f 1074/1121/1074 1075/1122/1075 1066/1113/1066
f 1067/1114/1067 1066/1113/1066 1075/1122/1075
f 1075/1122/1075 1076/1123/1076 1067/1114/1067
f 1068/1115/1068 1067/1114/1067 1076/1123/1076
f 1076/1123/1076 1077/1124/1077 1068/1115/1068
f 1069/1116/1069 1068/1115/1068 1077/1124/1077
f 1077/1124/1077 1078/1125/1078 1069/1116/1069
f 1070/1117/1070 993/1040/993 1003/1050/1003
f 1003/1050/1003 1079/1126/1079 1070/1117/1070
f 1071/1118/1071 1070/1117/1070 1079/1126/1079
f 1079/1126/1079 1080/1127/1080 1071/1118/1071
f 1072/1119/1072 1071/1118/1071 1080/1127/1080
f 1080/1127/1080 1081/1128/1081 1072/1119/1072
f 1073/1120/1073 1072/1119/1072 1081/1128/1081
f 1081/1128/1081 1082/1129/1082 1073/1120/1073
f 1074/1121/1074 1073/1120/1073 1082/1129/1082
f 1082/1129/1082 1083/1130/1083 1074/1121/1074
f 1075/1122/1075 1074/1121/1074 1083/1130/1083
f 1083/1130/1083 1084/1131/1084 1075/1122/1075
f 1076/1123/1076 1075/1122/1075 1084/1131/1084
f 1084/1131/1084 1085/1132/1085 1076/1123/1076
f 1077/1124/1077 1076/1123/1076 1085/1132/1085
f 1085/1132/1085 1086/1133/1086 1077/1124/1077
f 1078/1125/1078 1077/1124/1077 1086/1133/1086
f 1086/1133/1086 1087/1134/1087 1078/1125/1078
f 1079/1126/1079 1003/1050/1003 1013/1060/1013
f 1013/1060/1013 1088/1135/1088 1079/1126/1079
f 1080/1127/1080 1079/1126/1079 1088/1135/1088
f 1088/1135/1088 1089/1136/1089 1080/1127/1080
f 1081/1128/1081 1080/1127/1080 1089/1136/1089
f 1089/1136/1089 1090/1137/1090 1081/1128/1081
f 1082/1129/1082 1081/1128/1081 1090/1137/1090
f 1090/1137/1090 1091/1138/1091 1082/1129/1082
f 1083/1130/1083 1082/1129/1082 1091/1138/1091
f 1091/1138/1091 1092/1139/1092 1083/1130/1083
f 1084/1131/1084 1083/1130/1083 1092/1139/1092
f 1092/1139/1092 1093/1140/1093 1084/1131/1084
f 1085/1132/1085 1084/1131/1084 1093/1140/1093
f 1093/1140/1093 1094/1141/1094 1085/1132/1085
f 1086/1133/1086 1085/1132/1085 1094/1141/1094
f 1094/1141/1094 1095/1142/1095 1086/1133/1086
f 1087/1134/1087 1086/1133/1086 1095/1142/1095
f 1095/1142/1095 1096/1143/1096 1087/1134/1087
f 1088/1135/1088 1013/1060/1013 1023/1070/1023
f 1023/1070/1023 1097/1144/1097 1088/1135/1088
f 1089/1136/1089 1088/1135/1088 1097/1144/1097
f 1097/1144/1097 1098/1145/1098 1089/1136/1089
f 1090/1137/1090 1089/1136/1089 1098/1145/1098
f 1098/1145/1098 1099/1146/1099 1090/1137/1090
f 1091/1138/1091 1090/1137/1090 1099/1146/1099
f 1099/1146/1099 1100/1147/1100 1091/1138/1091
f 1092/1139/1092 1091/1138/1091 1100/1147/1100
f 1100/1147/1100 1101/1148/1101 1092/1139/1092
f 1093/1140/1093 1092/1139/1092 1101/1148/1101
f 1101/1148/1101 1102/1149/1102 1093/1140/1093
f 1094/1141/1094 1093/1140/1093 1102/1149/1102
f 1102/1149/1102 1103/1150/1103 1094/1141/1094
f 1095/1142/1095 1094/1141/1094 1103/1150/1103
f 1103/1150/1103 1104/1151/1104 1095/1142/1095
f 1096/1143/1096 1095/1142/1095 1104/1151/1104
f 1104/1151/1104 1105/1152/1105 1096/1143/1096
f 1097/1144/1097 1023/1070/1023 1033/1080/1033
f 1033/1080/1033 1106/1153/1106 1097/1144/1097
f 1098/1145/1098 1097/1144/1097 1106/1153/1106
f 1106/1153/1106 1107/1154/1107 1098/1145/1098
f 1099/1146/1099 1098/1145/1098 1107/1154/1107
f 1107/1154/1107 1108/1155/1108 1099/1146/1099
f 1100/1147/1100 1099/1146/1099 1108/1155/1108
f 1108/1155/1108 1109/1156/1109 1100/1147/1100
f 1101/1148/1101 1100/1147/1100 1109/1156/1109
f 1109/1156/1109 1110/1157/1110 1101/1148/1101
f 1102/1149/1102 1101/1148/1101 1110/1157/1110
f 1110/1157/1110 1111/1158/1111 1102/1149/1102
f 1103/1150/1103 1102/1149/1102 1111/1158/1111
f 1111/1158/1111 1112/1159/1112 1103/1150/1103
f 1104/1151/1104 1103/1150/1103 1112/1159/1112
f 1112/1159/1112 1113/1160/1113 1104/1151/1104
f 1105/1152/1105 1104/1151/1104 1113/1160/1113
f 1113/1160/1113 1114/1161/1114 1105/1152/1105
f 1115/1162/1115 943/990/943 1116/1163/1116
f 1116/1163/1116 943/990/943 1117/1164/1117
f 1117/1164/1117 943/990/943 1118/1165/1118
f 1118/1165/1118 943/990/943 1119/1166/1119
f 1119/1166/1119 943/990/943 1120/1167/1120
f 1120/1167/1120 943/990/943 1121/1168/1121
f 1121/1168/1121 943/990/943 1122/1169/1122
f 1122/1169/1122 943/990/943 1123/1170/1123
f 1123/1170/1123 943/990/943 1042/1089/1042
f 1124/1171/1124 1115/1162/1115 1116/1163/1116
f 1116/1163/1116 1125/1172/1125 1124/1171/1124
f 1125/1172/1125 1116/1163/1116 1117/1164/1117
f 1117/1164/1117 1126/1173/1126 1125/1172/1125
f 1126/1173/1126 1117/1164/1117 1118/1165/1118
f 1118/1165/1118 1127/1174/1127 1126/1173/1126
f 1127/1174/1127 1118/1165/1118 1119/1166/1119
f 1119/1166/1119 1128/1175/1128 1127/1174/1127
f 1128/1175/1128 1119/1166/1119 1120/1167/1120
f 1120/1167/1120 1129/1176/1129 1128/1175/1128
f 1129/1176/1129 1120/1167/1120 1121/1168/1121
f 1121/1168/1121 1130/1177/1130 1129/1176/1129
f 1130/1177/1130 1121/1168/1121 1122/1169/1122
f 1122/1169/1122 1131/1178/1131 1130/1177/1130
f 1131/1178/1131 1122/1169/1122 1123/1170/1123
f 1123/1170/1123 1132/1179/1132 1131/1178/1131
f 1132/1179/1132 1123/1170/1123 1042/1089/1042
f 1042/1089/1042 1051/1098/1051 1132/1179/1132
f 1133/1180/1133 1124/1171/1124 1125/1172/1125
f 1125/1172/1125 1134/1181/1134 1133/1180/1133
f 1134/1181/1134 1125/1172/1125 1126/1173/1126
f 1126/1173/1126 1135/1182/1135 1134/1181/1134
f 1135/1182/1135 1126/1173/1126 1127/1174/1127
f 1127/1174/1127 1136/1183/1136 1135/1182/1135
f 1136/1183/1136 1127/1174/1127 1128/1175/1128
f 1128/1175/1128 1137/1184/1137 1136/1183/1136
f 1137/1184/1137 1128/1175/1128 1129/1176/1129
f 1129/1176/1129 1138/1185/1138 1137/1184/1137
f 1138/1185/1138 1129/1176/1129 1130/1177/1130
f 1130/1177/1130 1139/1186/1139 1138/1185/1138
f 1139/1186/1139 1130/1177/1130 1131/1178/1131
f 1131/1178/1131 1140/1187/1140 1139/1186/1139
f 1140/1187/1140 1131/1178/1131 1132/1179/1132
f 1132/1179/1132 1141/1188/1141 1140/1187/1140
f 1141/1188/1141 1132/1179/1132 1051/1098/1051
f 1051/1098/1051 1060/1107/1060 1141/1188/1141
f 1142/1189/1142 1133/1180/1133 1134/1181/1134
f 1134/1181/1134 1143/1190/1143 1142/1189/1142
f 1143/1190/1143 1134/1181/1134 1135/1182/1135
f 1135/1182/1135 1144/1191/1144 1143/1190/1143
f 1144/1191/1144 1135/1182/1135 1136/1183/1136
f 1136/1183/1136 1145/1192/1145 1144/1191/1144
f 1145/1192/1145 1136/1183/1136 1137/1184/1137
f 1137/1184/1137 1146/1193/1146 1145/1192/1145
f 1146/1193/1146 1137/1184/1137 1138/1185/1138
f 1138/1185/1138 1147/1194/1147 1146/1193/1146
f 1147/1194/1147 1138/1185/1138 1139/1186/1139
f 1139/1186/1139 1148/1195/1148 1147/1194/1147
f 1148/1195/1148 1139/1186/1139 1140/1187/1140
f 1140/1187/1140 1149/1196/1149 1148/1195/1148
f 1149/1196/1149 1140/1187/1140 1141/1188/1141
f 1141/1188/1141 1150/1197/1150 1149/1196/1149
f 1150/1197/1150 1141/1188/1141 1060/1107/1060
f 1060/1107/1060 1069/1116/1069 1150/1197/1150
f 1151/1198/1151 1142/1189/1142 1143/1190/1143
f 1143/1190/1143 1152/1199/1152 1151/1198/1151
f 1152/1199/1152 1143/1190/1143 1144/1191/1144
f 1144/1191/1144 1153/1200/1153 1152/1199/1152
f 1153/1200/1153 1144/1191/1144 1145/1192/1145
f 1145/1192/1145 1154/1201/1154 1153/1200/1153
f 1154/1201/1154 1145/1192/1145 1146/1193/1146
f 1146/1193/1146 1155/1202/1155 1154/1201/1154
f 1155/1202/1155 1146/1193/1146 1147/1194/1147
f 1147/1194/1147 1156/1203/1156 1155/1202/1155
f 1156/1203/1156 1147/1194/1147 1148/1195/1148
f 1148/1195/1148 1157/1204/1157 1156/1203/1156
f 1157/1204/1157 1148/1195/1148 1149/1196/1149
f 1149/1196/1149 1158/1205/1158 1157/1204/1157
f 1158/1205/1158 1149/1196/1149 1150/1197/1150
f 1150/1197/1150 1159/1206/1159 1158/1205/1158
f 1159/1206/1159 1150/1197/1150 1069/1116/1069
f 1069/1116/1069 1078/1125/1078 1159/1206/1159
f 1160/1207/1160 1151/1198/1151 1152/1199/1152
f 1152/1199/1152 1161/1208/1161 1160/1207/1160
f 1161/1208/1161 1152/1199/1152 1153/1200/1153
f 1153/1200/1153 1162/1209/1162 1161/1208/1161
f 1162/1209/1162 1153/1200/1153 1154/1201/1154
f 1154/1201/1154 1163/1210/1163 1162/1209/1162
f 1163/1210/1163 1154/1201/1154 1155/1202/1155
f 1155/1202/1155 1164/1211/1164 1163/1210/1163
f 1164/1211/1164 1155/1202/1155 1156/1203/1156
f 1156/1203/1156 1165/1212/1165 1164/1211/1164
f 1165/1212/1165 1156/1203/1156 1157/1204/1157
f 1157/1204/1157 1166/1213/1166 1165/1212/1165
f 1166/1213/1166 1157/1204/1157 1158/1205/1158
f 1158/1205/1158 1167/1214/1167 1166/1213/1166
f 1167/1214/1167 1158/1205/1158 1159/1206/1159
f 1159/1206/1159 1168/1215/1168 1167/1214/1167
f 1168/1215/1168 1159/1206/1159 1078/1125/1078
f 1078/1125/1078 1087/1134/1087 1168/1215/1168
f 1169/1216/1169 1160/1207/1160 1161/1208/1161
f 1161/1208/1161 1170/1217/1170 1169/1216/1169
f 1170/1217/1170 1161/1208/1161 1162/1209/1162
f 1162/1209/1162 1171/1218/1171 1170/1217/1170
f 1171/1218/1171 1162/1209/1162 1163/1210/1163
f 1163/1210/1163 1172/1219/1172 1171/1218/1171
f 1172/1219/1172 1163/1210/1163 1164/1211/1164
f 1164/1211/1164 1173/1220/1173 1172/1219/1172
f 1173/1220/1173 1164/1211/1164 1165/1212/1165
f 1165/1212/1165 1174/1221/1174 1173/1220/1173
f 1174/1221/1174 1165/1212/1165 1166/1213/1166
f 1166/1213/1166 1175/1222/1175 1174/1221/1174
f 1175/1222/1175 1166/1213/1166 1167/1214/1167
f 1167/1214/1167 1176/1223/1176 1175/1222/1175
f 1176/1223/1176 1167/1214/1167 1168/1215/1168
f 1168/1215/1168 1177/1224/1177 1176/1223/1176
f 1177/1224/1177 1168/1215/1168 1087/1134/1087
f 1087/1134/1087 1096/1143/1096 1177/1224/1177
f 1178/1225/1178 1169/1216/1169 1170/1217/1170
f 1170/1217/1170 1179/1226/1179 1178/1225/1178
f 1179/1226/1179 1170/1217/1170 1171/1218/1171
f 1171/1218/1171 1180/1227/1180 1179/1226/1179
f 1180/1227/1180 1171/1218/1171 1172/1219/1172
f 1172/1219/1172 1181/1228/1181 1180/1227/1180
f 1181/1228/1181 1172/1219/1172 1173/1220/1173
f 1173/1220/1173 1182/1229/1182 1181/1228/1181
f 1182/1229/1182 1173/1220/1173 1174/1221/1174
f 1174/1221/1174 1183/1230/1183 1182/1229/1182
f 1183/1230/1183 1174/1221/1174 1175/1222/1175
f 1175/1222/1175 1184/1231/1184 1183/1230/1183
f 1184/1231/1184 1175/1222/1175 1176/1223/1176
f 1176/1223/1176 1185/1232/1185 1184/1231/1184
f 1185/1232/1185 1176/1223/1176 1177/1224/1177
f 1177/1224/1177 1186/1233/1186 1185/1232/1185
f 1186/1233/1186 1177/1224/1177 1096/1143/1096
f 1096/1143/1096 1105/1152/1105 1186/1233/1186
f 1187/1234/1187 1178/1225/1178 1179/1226/1179
f 1179/1226/1179 1188/1235/1188 1187/1234/1187
f 1188/1235/1188 1179/1226/1179 1180/1227/1180
f 1180/1227/1180 1189/1236/1189 1188/1235/1188
f 1189/1236/1189 1180/1227/1180 1181/1228/1181
f 1181/1228/1181 1190/1237/1190 1189/1236/1189
f 1190/1237/1190 1181/1228/1181 1182/1229/1182
f 1182/1229/1182 1191/1238/1191 1190/1237/1190
f 1191/1238/1191 1182/1229/1182 1183/1230/1183
f 1183/1230/1183 1192/1239/1192 1191/1238/1191
f 1192/1239/1192 1183/1230/1183 1184/1231/1184
f 1184/1231/1184 1193/1240/1193 1192/1239/1192
f 1193/1240/1193 1184/1231/1184 1185/1232/1185
f 1185/1232/1185 1194/1241/1194 1193/1240/1193
f 1194/1241/1194 1185/1232/1185 1186/1233/1186
f 1186/1233/1186 1195/1242/1195 1194/1241/1194
f 1195/1242/1195 1186/1233/1186 1105/1152/1105
f 1105/1152/1105 1114/1161/1114 1195/1242/1195
f 944/991/944 943/990/943 1196/1243/1196
f 1196/1243/1196 943/990/943 1197/1244/1197
f 1197/1244/1197 943/990/943 1198/1245/1198
f 1198/1245/1198 943/990/943 1199/1246/1199
f 1199/1246/1199 943/990/943 1200/1247/1200
f 1200/1247/1200 943/990/943 1201/1248/1201
f 1201/1248/1201 943/990/943 1202/1249/1202
f 1202/1249/1202 943/990/943 1203/1250/1203
f 1203/1250/1203 943/990/943 1115/1162/1115
f 954/1001/954 944/991/944 1196/1243/1196
f 1196/1243/1196 1204/1251/1204 954/1001/954
f 1204/1251/1204 1196/1243/1196 1197/1244/1197
f 1197/1244/1197 1205/1252/1205 1204/1251/1204
f 1205/1252/1205 1197/1244/1197 1198/1245/1198
f 1198/1245/1198 1206/1253/1206 1205/1252/1205
f 1206/1253/1206 1198/1245/1198 1199/1246/1199
f 1199/1246/1199 1207/1254/1207 1206/1253/1206
f 1207/1254/1207 1199/1246/1199 1200/1247/1200
f 1200/1247/1200 1208/1255/1208 1207/1254/1207
f 1208/1255/1208 1200/1247/1200 1201/1248/1201
f 1201/1248/1201 1209/1256/1209 1208/1255/1208
f 1209/1256/1209 1201/1248/1201 1202/1249/1202
f 1202/1249/1202 1210/1257/1210 1209/1256/1209
f 1210/1257/1210 1202/1249/1202 1203/1250/1203
f 1203/1250/1203 1211/1258/1211 1210/1257/1210
f 1211/1258/1211 1203/1250/1203 1115/1162/1115
f 1115/1162/1115 1124/1171/1124 1211/1258/1211
f 964/1011/964 954/1001/954 1204/1251/1204
f 1204/1251/1204 1212/1259/1212 964/1011/964
f 1212/1259/1212 1204/1251/1204 1205/1252/1205
f 1205/1252/1205 1213/1260/1213 1212/1259/1212
f 1213/1260/1213 1205/1252/1205 1206/1253/1206
f 1206/1253/1206 1214/1261/1214 1213/1260/1213
f 1214/1261/1214 1206/1253/1206 1207/1254/1207
f 1207/1254/1207 1215/1262/1215 1214/1261/1214
f 1215/1262/1215 1207/1254/1207 1208/1255/1208
f 1208/1255/1208 1216/1263/1216 1215/1262/1215
f 1216/1263/1216 1208/1255/1208 1209/1256/1209
f 1209/1256/1209 1217/1264/1217 1216/1263/1216
f 1217/1264/1217 1209/1256/1209 1210/1257/1210
f 1210/1257/1210 1218/1265/1218 1217/1264/1217
f 1218/1265/1218 1210/1257/1210 1211/1258/1211
f 1211/1258/1211 1219/1266/1219 1218/1265/1218
f 1219/1266/1219 1211/1258/1211 1124/1171/1124
f 1124/1171/1124 1133/1180/1133 1219/1266/1219
f 974/1021/974 964/1011/964 1212/1259/1212
f 1212/1259/1212 1220/1267/1220 974/1021/974
f 1220/1267/1220 1212/1259/1212 1213/1260/1213
f 1213/1260/1213 1221/1268/1221 1220/1267/1220
f 1221/1268/1221 1213/1260/1213 1214/1261/1214
f 1214/1261/1214 1222/1269/1222 1221/1268/1221
f 1222/1269/1222 1214/1261/1214 1215/1262/1215
f 1215/1262/1215 1223/1270/1223 1222/1269/1222
f 1223/1270/1223 1215/1262/1215 1216/1263/1216
f 1216/1263/1216 1224/1271/1224 1223/1270/1223
f 1224/1271/1224 1216/1263/1216 1217/1264/1217
f 1217/1264/1217 1225/1272/1225 1224/1271/1224
f 1225/1272/1225 1217/1264/1217 1218/1265/1218
f 1218/1265/1218 1226/1273/1226 1225/1272/1225
f 1226/1273/1226 1218/1265/1218 1219/1266/1219
f 1219/1266/1219 1227/1274/1227 1226/1273/1226
f 1227/1274/1227 1219/1266/1219 1133/1180/1133
f 1133/1180/1133 1142/1189/1142 1227/1274/1227
f 984/1031/984 974/1021/974 1220/1267/1220
f 1220/1267/1220 1228/1275/1228 984/1031/984
f 1228/1275/1228 1220/1267/1220 1221/1268/1221
f 1221/1268/1221 1229/1276/1229 1228/1275/1228
f 1229/1276/1229 1221/1268/1221 1222/1269/1222
f 1222/1269/1222 1230/1277/1230 1229/1276/1229
f 1230/1277/1230 1222/1269/1222 1223/1270/1223
f 1223/1270/1223 1231/1278/1231 1230/1277/1230
f 1231/1278/1231 1223/1270/1223 1224/1271/1224
f 1224/1271/1224 1232/1279/1232 1231/1278/1231
f 1232/1279/1232 1224/1271/1224 1225/1272/1225
f 1225/1272/1225 1233/1280/1233 1232/1279/1232
f 1233/1280/1233 1225/1272/1225 1226/1273/1226
f 1226/1273/1226 1234/1281/1234 1233/1280/1233
f 1234/1281/1234 1226/1273/1226 1227/1274/1227
f 1227/1274/1227 1235/1282/1235 1234/1281/1234
f 1235/1282/1235 1227/1274/1227 1142/1189/1142
f 1142/1189/1142 1151/1198/1151 1235/1282/1235
f 994/1041/994 984/1031/984 1228/1275/1228
f 1228/1275/1228 1236/1283/1236 994/1041/994
f 1236/1283/1236 1228/1275/1228 1229/1276/1229
f 1229/1276/1229 1237/1284/1237 1236/1283/1236
f 1237/1284/1237 1229/1276/1229 1230/1277/1230
f 1230/1277/1230 1238/1285/1238 1237/1284/1237
f 1238/1285/1238 1230/1277/1230 1231/1278/1231
f 1231/1278/1231 1239/1286/1239 1238/1285/1238
f 1239/1286/1239 1231/1278/1231 1232/1279/1232
f 1232/1279/1232 1240/1287/1240 1239/1286/1239
f 1240/1287/1240 1232/1279/1232 1233/1280/1233
f 1233/1280/1233 1241/1288/1241 1240/1287/1240
f 1241/1288/1241 1233/1280/1233 1234/1281/1234
f 1234/1281/1234 1242/1289/1242 1241/1288/1241
f 1242/1289/1242 1234/1281/1234 1235/1282/1235
f 1235/1282/1235 1243/1290/1243 1242/1289/1242
f 1243/1290/1243 1235/1282/1235 1151/1198/1151
f 1151/1198/1151 1160/1207/1160 1243/1290/1243
f 1004/1051/1004 994/1041/994 1236/1283/1236
f 1236/1283/1236 1244/1291/1244 1004/1051/1004
f 1244/1291/1244 1236/1283/1236 1237/1284/1237
f 1237/1284/1237 1245/1292/1245 1244/1291/1244
f 1245/1292/1245 1237/1284/1237 1238/1285/1238
f 1238/1285/1238 1246/1293/1246 1245/1292/1245
f 1246/1293/1246 1238/1285/1238 1239/1286/1239
f 1239/1286/1239 1247/1294/1247 1246/1293/1246
f 1247/1294/1247 1239/1286/1239 1240/1287/1240
f 1240/1287/1240 1248/1295/1248 1247/1294/1247
f 1248/1295/1248 1240/1287/1240 1241/1288/1241
f 1241/1288/1241 1249/1296/1249 1248/1295/1248
f 1249/1296/1249 1241/1288/1241 1242/1289/1242
f 1242/1289/1242 1250/1297/1250 1249/1296/1249
f 1250/1297/1250 1242/1289/1242 1243/1290/1243
f 1243/1290/1243 1251/1298/1251 1250/1297/1250
f 1251/1298/1251 1243/1290/1243 1160/1207/1160
f 1160/1207/1160 1169/1216/1169 1251/1298/1251
f 1014/1061/1014 1004/1051/1004 1244/1291/1244
f 1244/1291/1244 1252/1299/1252 1014/1061/1014
f 1252/1299/1252 1244/1291/1244 1245/1292/1245
f 1245/1292/1245 1253/1300/1253 1252/1299/1252
f 1253/1300/1253 1245/1292/1245 1246/1293/1246
f 1246/1293/1246 1254/1301/1254 1253/1300/1253
f 1254/1301/1254 1246/1293/1246 1247/1294/1247
f 1247/1294/1247 1255/1302/1255 1254/1301/1254
f 1255/1302/1255 1247/1294/1247 1248/1295/1248
f 1248/1295/1248 1256/1303/1256 1255/1302/1255
f 1256/1303/1256 1248/1295/1248 1249/1296/1249
f 1249/1296/1249 1257/1304/1257 1256/1303/1256
f 1257/1304/1257 1249/1296/1249 1250/1297/1250
f 1250/1297/1250 1258/1305/1258 1257/1304/1257
f 1258/1305/1258 1250/1297/1250 1251/1298/1251
f 1251/1298/1251 1259/1306/1259 1258/1305/1258
f 1259/1306/1259 1251/1298/1251 1169/1216/1169
f 1169/1216/1169 1178/1225/1178 1259/1306/1259
f 1024/1071/1024 1014/1061/1014 1252/1299/1252
f 1252/1299/1252 1260/1307/1260 1024/1071/1024
f 1260/1307/1260 1252/1299/1252 1253/1300/1253
f 1253/1300/1253 1261/1308/1261 1260/1307/1260
f 1261/1308/1261 1253/1300/1253 1254/1301/1254
f 1254/1301/1254 1262/1309/1262 1261/1308/1261
f 1262/1309/1262 1254/1301/1254 1255/1302/1255
f 1255/1302/1255 1263/1310/1263 1262/1309/1262
f 1263/1310/1263 1255/1302/1255 1256/1303/1256
f 1256/1303/1256 1264/1311/1264 1263/1310/1263
f 1264/1311/1264 1256/1303/1256 1257/1304/1257
f 1257/1304/1257 1265/1312/1265 1264/1311/1264
f 1265/1312/1265 1257/1304/1257 1258/1305/1258
f 1258/1305/1258 1266/1313/1266 1265/1312/1265
f 1266/1313/1266 1258/1305/1258 1259/1306/1259
f 1259/1306/1259 1267/1314/1267 1266/1313/1266
f 1267/1314/1267 1259/1306/1259 1178/1225/1178
f 1178/1225/1178 1187/1234/1187 1267/1314/1267
f 1025/1316/1025 1024/1315/1024 1268/1325/1268
f 1268/1325/1268 1269/1326/1269 1025/1316/1025
f 1026/1317/1026 1025/1316/1025 1269/1326/1269
f 1269/1326/1269 1270/1327/1270 1026/1317/1026
f 1027/1318/1027 1026/1317/1026 1270/1327/1270
f 1270/1327/1270 1271/1328/1271 1027/1318/1027
f 1028/1319/1028 1027/1318/1027 1271/1328/1271
f 1271/1328/1271 1272/1329/1272 1028/1319/1028
f 1029/1320/1029 1028/1319/1028 1272/1329/1272
f 1272/1329/1272 1273/1330/1273 1029/1320/1029
f 1030/1321/1030 1029/1320/1029 1273/1330/1273
f 1273/1330/1273 1274/1331/1274 1030/1321/1030
f 1031/1322/1031 1030/1321/1030 1274/1331/1274
f 1274/1331/1274 1275/1332/1275 1031/1322/1031
f 1032/1323/1032 1031/1322/1031 1275/1332/1275
f 1275/1332/1275 1276/1333/1276 1032/1323/1032
f 1033/1324/1033 1032/1323/1032 1276/1333/1276
f 1276/1333/1276 1277/1334/1277 1033/1324/1033
f 1269/1326/1269 1268/1325/1268 1278/1335/1278
f 1278/1335/1278 1279/1336/1279 1269/1326/1269
f 1270/1327/1270 1269/1326/1269 1279/1336/1279
f 1279/1336/1279 1280/1337/1280 1270/1327/1270
f 1271/1328/1271 1270/1327/1270 1280/1337/1280
f 1280/1337/1280 1281/1338/1281 1271/1328/1271
f 1272/1329/1272 1271/1328/1271 1281/1338/1281
f 1281/1338/1281 1282/1339/1282 1272/1329/1272
f 1273/1330/1273 1272/1329/1272 1282/1339/1282
f 1282/1339/1282 1283/1340/1283 1273/1330/1273
f 1274/1331/1274 1273/1330/1273 1283/1340/1283
f 1283/1340/1283 1284/1341/1284 1274/1331/1274
f 1275/1332/1275 1274/1331/1274 1284/1341/1284
f 1284/1341/1284 1285/1342/1285 1275/1332/1275
f 1276/1333/1276 1275/1332/1275 1285/1342/1285
f 1285/1342/1285 1286/1343/1286 1276/1333/1276
f 1277/1334/1277 1276/1333/1276 1286/1343/1286
f 1286/1343/1286 1287/1344/1287 1277/1334/1277
f 1279/1336/1279 1278/1335/1278 1288/1345/1288
f 1288/1345/1288 1289/1346/1289 1279/1336/1279
f 1280/1337/1280 1279/1336/1279 1289/1346/1289
f 1289/1346/1289 1290/1347/1290 1280/1337/1280
f 1281/1338/1281 1280/1337/1280 1290/1347/1290
f 1290/1347/1290 1291/1348/1291 1281/1338/1281
f 1282/1339/1282 1281/1338/1281 1291/1348/1291
f 1291/1348/1291 1292/1349/1292 1282/1339/1282
f 1283/1340/1283 1282/1339/1282 1292/1349/1292
f 1292/1349/1292 1293/1350/1293 1283/1340/1283
f 1284/1341/1284 1283/1340/1283 1293/1350/1293
f 1293/1350/1293 1294/1351/1294 1284/1341/1284
f 1285/1342/1285 1284/1341/1284 1294/1351/1294
f 1294/1351/1294 1295/1352/1295 1285/1342/1285
f 1286/1343/1286 1285/1342/1285 1295/1352/1295
f 1295/1352/1295 1296/1353/1296 1286/1343/1286
f 1287/1344/1287 1286/1343/1286 1296/1353/1296
f 1296/1353/1296 1297/1354/1297 1287/1344/1287
f 1289/1346/1289 1288/1345/1288 1298/1355/1298
f 1298/1355/1298 1299/1356/1299 1289/1346/1289
f 1290/1347/1290 1289/1346/1289 1299/1356/1299
f 1299/1356/1299 1300/1357/1300 1290/1347/1290
f 1291/1348/1291 1290/1347/1290 1300/1357/1300
f 1300/1357/1300 1301/1358/1301 1291/1348/1291
f 1292/1349/1292 1291/1348/1291 1301/1358/1301
f 1301/1358/1301 1302/1359/1302 1292/1349/1292
f 1293/1350/1293 1292/1349/1292 1302/1359/1302
f 1302/1359/1302 1303/1360/1303 1293/1350/1293
f 1294/1351/1294 1293/1350/1293 1303/1360/1303
f 1303/1360/1303 1304/1361/1304 1294/1351/1294
f 1295/1352/1295 1294/1351/1294 1304/1361/1304
f 1304/1361/1304 1305/1362/1305 1295/1352/1295
f 1296/1353/1296 1295/1352/1295 1305/1362/1305
f 1305/1362/1305 1306/1363/1306 1296/1353/1296
f 1297/1354/1297 1296/1353/1296 1306/1363/1306
f 1306/1363/1306 1307/1364/1307 1297/1354/1297
f 1299/1356/1299 1298/1355/1298 1308/1365/1308
f 1308/1365/1308 1309/1366/1309 1299/1356/1299
f 1300/1357/1300 1299/1356/1299 1309/1366/1309
f 1309/1366/1309 1310/1367/1310 1300/1357/1300
f 1301/1358/1301 1300/1357/1300 1310/1367/1310
f 1310/1367/1310 1311/1368/1311 1301/1358/1301
f 1302/1359/1302 1301/1358/1301 1311/1368/1311
f 1311/1368/1311 1312/1369/1312 1302/1359/1302
f 1303/1360/1303 1302/1359/1302 1312/1369/1312
f 1312/1369/1312 1313/1370/1313 1303/1360/1303
f 1304/1361/1304 1303/1360/1303 1313/1370/1313
f 1313/1370/1313 1314/1371/1314 1304/1361/1304
f 1305/1362/1305 1304/1361/1304 1314/1371/1314
f 1314/1371/1314 1315/1372/1315 1305/1362/1305
f 1306/1363/1306 1305/1362/1305 1315/1372/1315
f 1315/1372/1315 1316/1373/1316 1306/1363/1306
f 1307/1364/1307 1306/1363/1306 1316/1373/1316
f 1316/1373/1316 1317/1374/1317 1307/1364/1307
f 1309/1366/1309 1308/1365/1308 1318/1375/1318
f 1318/1375/1318 1319/1376/1319 1309/1366/1309
f 1310/1367/1310 1309/1366/1309 1319/1376/1319
f 1319/1376/1319 1320/1377/1320 1310/1367/1310
f 1311/1368/1311 1310/1367/1310 1320/1377/1320
f 1320/1377/1320 1321/1378/1321 1311/1368/1311
f 1312/1369/1312 1311/1368/1311 1321/1378/1321
f 1321/1378/1321 1322/1379/1322 1312/1369/1312
f 1313/1370/1313 1312/1369/1312 1322/1379/1322
f 1322/1379/1322 1323/1380/1323 1313/1370/1313
f 1314/1371/1314 1313/1370/1313 1323/1380/1323
f 1323/1380/1323 1324/1381/1324 1314/1371/1314
f 1315/1372/1315 1314/1371/1314 1324/1381/1324
f 1324/1381/1324 1325/1382/1325 1315/1372/1315
f 1316/1373/1316 1315/1372/1315 1325/1382/1325
f 1325/1382/1325 1326/1383/1326 1316/1373/1316
f 1317/1374/1317 1316/1373/1316 1326/1383/1326
f 1326/1383/1326 1327/1384/1327 1317/1374/1317
f 1319/1376/1319 1318/1375/1318 1328/1385/1328
f 1328/1385/1328 1329/1386/1329 1319/1376/1319
f 1320/1377/1320 1319/1376/1319 1329/1386/1329
f 1329/1386/1329 1330/1387/1330 1320/1377/1320
f 1321/1378/1321 1320/1377/1320 1330/1387/1330
f 1330/1387/1330 1331/1388/1331 1321/1378/1321
f 1322/1379/1322 1321/1378/1321 1331/1388/1331
f 1331/1388/1331 1332/1389/1332 1322/1379/1322
f 1323/1380/1323 1322/1379/1322 1332/1389/1332
f 1332/1389/1332 1333/1390/1333 1323/1380/1323
f 1324/1381/1324 1323/1380/1323 1333/1390/1333
f 1333/1390/1333 1334/1391/1334 1324/1381/1324
f 1325/1382/1325 1324/1381/1324 1334/1391/1334
f 1334/1391/1334 1335/1392/1335 1325/1382/1325
f 1326/1383/1326 1325/1382/1325 1335/1392/1335
f 1335/1392/1335 1336/1393/1336 1326/1383/1326
f 1327/1384/1327 1326/1383/1326 1336/1393/1336
f 1336/1393/1336 1337/1394/1337 1327/1384/1327
f 1329/1386/1329 1328/1385/1328 1338/1395/1338
f 1338/1395/1338 1339/1396/1339 1329/1386/1329
f 1330/1387/1330 1329/1386/1329 1339/1396/1339
f 1339/1396/1339 1340/1397/1340 1330/1387/1330
f 1331/1388/1331 1330/1387/1330 1340/1397/1340
f 1340/1397/1340 1341/1398/1341 1331/1388/1331
f 1332/1389/1332 1331/1388/1331 1341/1398/1341
f 1341/1398/1341 1342/1399/1342 1332/1389/1332
f 1333/1390/1333 1332/1389/1332 1342/1399/1342
f 1342/1399/1342 1343/1400/1343 1333/1390/1333
f 1334/1391/1334 1333/1390/1333 1343/1400/1343
f 1343/1400/1343 1344/1401/1344 1334/1391/1334
f 1335/1392/1335 1334/1391/1334 1344/1401/1344
f 1344/1401/1344 1345/1402/1345 1335/1392/1335
f 1336/1393/1336 1335/1392/1335 1345/1402/1345
f 1345/1402/1345 1346/1403/1346 1336/1393/1336
f 1337/1394/1337 1336/1393/1336 1346/1403/1346
f 1346/1403/1346 1347/1404/1347 1337/1394/1337
f 1339/1396/1339 1338/1395/1338 1348/1405/1348
f 1348/1405/1348 1349/1406/1349 1339/1396/1339
f 1340/1397/1340 1339/1396/1339 1349/1406/1349
f 1349/1406/1349 1350/1407/1350 1340/1397/1340
f 1341/1398/1341 1340/1397/1340 1350/1407/1350
f 1350/1407/1350 1351/1408/1351 1341/1398/1341
f 1342/1399/1342 1341/1398/1341 1351/1408/1351
f 1351/1408/1351 1352/1409/1352 1342/1399/1342
f 1343/1400/1343 1342/1399/1342 1352/1409/1352
f 1352/1409/1352 1353/1410/1353 1343/1400/1343
f 1344/1401/1344 1343/1400/1343 1353/1410/1353
f 1353/1410/1353 1354/1411/1354 1344/1401/1344
f 1345/1402/1345 1344/1401/1344 1354/1411/1354
f 1354/1411/1354 1355/1412/1355 1345/1402/1345
f 1346/1403/1346 1345/1402/1345 1355/1412/1355
f 1355/1412/1355 1356/1413/1356 1346/1403/1346
f 1347/1404/1347 1346/1403/1346 1356/1413/1356
f 1356/1413/1356 1357/1414/1357 1347/1404/1347
f 1106/1415/1106 1033/1324/1033 1277/1334/1277
f 1277/1334/1277 1358/1424/1358 1106/1415/1106
f 1107/1416/1107 1106/1415/1106 1358/1424/1358
f 1358/1424/1358 1359/1425/1359 1107/1416/1107
f 1108/1417/1108 1107/1416/1107 1359/1425/1359
f 1359/1425/1359 1360/1426/1360 1108/1417/1108
f 1109/1418/1109 1108/1417/1108 1360/1426/1360
f 1360/1426/1360 1361/1427/1361 1109/1418/1109
f 1110/1419/1110 1109/1418/1109 1361/1427/1361
f 1361/1427/1361 1362/1428/1362 1110/1419/1110
f 1111/1420/1111 1110/1419/1110 1362/1428/1362
f 1362/1428/1362 1363/1429/1363 1111/1420/1111
f 1112/1421/1112 1111/1420/1111 1363/1429/1363
f 1363/1429/1363 1364/1430/1364 1112/1421/1112
f 1113/1422/1113 1112/1421/1112 1364/1430/1364
f 1364/1430/1364 1365/1431/1365 1113/1422/1113
f 1114/1423/1114 1113/1422/1113 1365/1431/1365
f 1365/1431/1365 1366/1432/1366 1114/1423/1114
f 1358/1424/1358 1277/1334/1277 1287/1344/1287
f 1287/1344/1287 1367/1433/1367 1358/1424/1358
f 1359/1425/1359 1358/1424/1358 1367/1433/1367
f 1367/1433/1367 1368/1434/1368 1359/1425/1359
f 1360/1426/1360 1359/1425/1359 1368/1434/1368
f 1368/1434/1368 1369/1435/1369 1360/1426/1360
f 1361/1427/1361 1360/1426/1360 1369/1435/1369
f 1369/1435/1369 1370/1436/1370 1361/1427/1361
f 1362/1428/1362 1361/1427/1361 1370/1436/1370
f 1370/1436/1370 1371/1437/1371 1362/1428/1362
f 1363/1429/1363 1362/1428/1362 1371/1437/1371
f 1371/1437/1371 1372/1438/1372 1363/1429/1363
f 1364/1430/1364 1363/1429/1363 1372/1438/1372
f 1372/1438/1372 1373/1439/1373 1364/1430/1364
f 1365/1431/1365 1364/1430/1364 1373/1439/1373
f 1373/1439/1373 1374/1440/1374 1365/1431/1365
f 1366/1432/1366 1365/1431/1365 1374/1440/1374
f 1374/1440/1374 1375/1441/1375 1366/1432/1366
f 1367/1433/1367 1287/1344/1287 1297/1354/1297
f 1297/1354/1297 1376/1442/1376 1367/1433/1367
f 1368/1434/1368 1367/1433/1367 1376/1442/1376
f 1376/1442/1376 1377/1443/1377 1368/1434/1368
f 1369/1435/1369 1368/1434/1368 1377/1443/1377
f 1377/1443/1377 1378/1444/1378 1369/1435/1369
f 1370/1436/1370 1369/1435/1369 1378/1444/1378
f 1378/1444/1378 1379/1445/1379 1370/1436/1370
f 1371/1437/1371 1370/1436/1370 1379/1445/1379
f 1379/1445/1379 1380/1446/1380 1371/1437/1371
f 1372/1438/1372 1371/1437/1371 1380/1446/1380
f 1380/1446/1380 1381/1447/1381 1372/1438/1372
f 1373/1439/1373 1372/1438/1372 1381/1447/1381
f 1381/1447/1381 1382/1448/1382 1373/1439/1373
f 1374/1440/1374 1373/1439/1373 1382/1448/1382
f 1382/1448/1382 1383/1449/1383 1374/1440/1374
f 1375/1441/1375 1374/1440/1374 1383/1449/1383
f 1383/1449/1383 1384/1450/1384 1375/1441/1375
f 1376/1442/1376 1297/1354/1297 1307/1364/1307
f 1307/1364/1307 1385/1451/1385 1376/1442/1376
f 1377/1443/1377 1376/1442/1376 1385/1451/1385
f 1385/1451/1385 1386/1452/1386 1377/1443/1377
f 1378/1444/1378 1377/1443/1377 1386/1452/1386
f 1386/1452/1386 1387/1453/1387 1378/1444/1378
f 1379/1445/1379 1378/1444/1378 1387/1453/1387
f 1387/1453/1387 1388/1454/1388 1379/1445/1379
f 1380/1446/1380 1379/1445/1379 1388/1454/1388
f 1388/1454/1388 1389/1455/1389 1380/1446/1380
f 1381/1447/1381 1380/1446/1380 1389/1455/1389
f 1389/1455/1389 1390/1456/1390 1381/1447/1381
f 1382/1448/1382 1381/1447/1381 1390/1456/1390
f 1390/1456/1390 1391/1457/1391 1382/1448/1382
f 1383/1449/1383 1382/1448/1382 1391/1457/1391
f 1391/1457/1391 1392/1458/1392 1383/1449/1383
f 1384/1450/1384 1383/1449/1383 1392/1458/1392
f 1392/1458/1392 1393/1459/1393 1384/1450/1384
f 1385/1451/1385 1307/1364/1307 1317/1374/1317
f 1317/1374/1317 1394/1460/1394 1385/1451/1385
f 1386/1452/1386 1385/1451/1385 1394/1460/1394
f 1394/1460/1394 1395/1461/1395 1386/1452/1386
f 1387/1453/1387 1386/1452/1386 1395/1461/1395
f 1395/1461/1395 1396/1462/1396 1387/1453/1387
f 1388/1454/1388 1387/1453/1387 1396/1462/1396
f 1396/1462/1396 1397/1463/1397 1388/1454/1388
f 1389/1455/1389 1388/1454/1388 1397/1463/1397
f 1397/1463/1397 1398/1464/1398 1389/1455/1389
f 1390/1456/1390 1389/1455/1389 1398/1464/1398
f 1398/1464/1398 1399/1465/1399 1390/1456/1390
f 1391/1457/1391 1390/1456/1390 1399/1465/1399
f 1399/1465/1399 1400/1466/1400 1391/1457/1391
f 1392/1458/1392 1391/1457/1391 1400/1466/1400
f 1400/1466/1400 1401/1467/1401 1392/1458/1392
f 1393/1459/1393 1392/1458/1392 1401/1467/1401
f 1401/1467/1401 1402/1468/1402 1393/1459/1393
f 1394/1460/1394 1317/1374/1317 1327/1384/1327
f 1327/1384/1327 1403/1469/1403 1394/1460/1394
f 1395/1461/1395 1394/1460/1394 1403/1469/1403
f 1403/1469/1403 1404/1470/1404 1395/1461/1395
f 1396/1462/1396 1395/1461/1395 1404/1470/1404
f 1404/1470/1404 1405/1471/1405 1396/1462/1396
f 1397/1463/1397 1396/1462/1396 1405/1471/1405
f 1405/1471/1405 1406/1472/1406 1397/1463/1397
f 1398/1464/1398 1397/1463/1397 1406/1472/1406
f 1406/1472/1406 1407/1473/1407 1398/1464/1398
f 1399/1465/1399 1398/1464/1398 1407/1473/1407
f 1407/1473/1407 1408/1474/1408 1399/1465/1399
f 1400/1466/1400 1399/1465/1399 1408/1474/1408
f 1408/1474/1408 1409/1475/1409 1400/1466/1400
f 1401/1467/1401 1400/1466/1400 1409/1475/1409
f 1409/1475/1409 1410/1476/1410 1401/1467/1401
f 1402/1468/1402 1401/1467/1401 1410/1476/1410
f 1410/1476/1410 1411/1477/1411 1402/1468/1402
f 1403/1469/1403 1327/1384/1327 1337/1394/1337
f 1337/1394/1337 1412/1478/1412 1403/1469/1403
f 1404/1470/1404 1403/1469/1403 1412/1478/1412
f 1412/1478/1412 1413/1479/1413 1404/1470/1404
f 1405/1471/1405 1404/1470/1404 1413/1479/1413
f 1413/1479/1413 1414/1480/1414 1405/1471/1405
f 1406/1472/1406 1405/1471/1405 1414/1480/1414
f 1414/1480/1414 1415/1481/1415 1406/1472/1406
f 1407/1473/1407 1406/1472/1406 1415/1481/1415
f 1415/1481/1415 1416/1482/1416 1407/1473/1407
f 1408/1474/1408 1407/1473/1407 1416/1482/1416
f 1416/1482/1416 1417/1483/1417 1408/1474/1408
f 1409/1475/1409 1408/1474/1408 1417/1483/1417
f 1417/1483/1417 1418/1484/1418 1409/1475/1409
f 1410/1476/1410 1409/1475/1409 1418/1484/1418
f 1418/1484/1418 1419/1485/1419 1410/1476/1410
f 1411/1477/1411 1410/1476/1410 1419/1485/1419
f 1419/1485/1419 1420/1486/1420 1411/1477/1411
f 1412/1478/1412 1337/1394/1337 1347/1404/1347
f 1347/1404/1347 1421/1487/1421 1412/1478/1412
f 1413/1479/1413 1412/1478/1412 1421/1487/1421
f 1421/1487/1421 1422/1488/1422 1413/1479/1413
f 1414/1480/1414 1413/1479/1413 1422/1488/1422
f 1422/1488/1422 1423/1489/1423 1414/1480/1414
f 1415/1481/1415 1414/1480/1414 1423/1489/1423
f 1423/1489/1423 1424/1490/1424 1415/1481/1415
f 1416/1482/1416 1415/1481/1415 1424/1490/1424
f 1424/1490/1424 1425/1491/1425 1416/1482/1416
f 1417/1483/1417 1416/1482/1416 1425/1491/1425
f 1425/1491/1425 1426/1492/1426 1417/1483/1417
f 1418/1484/1418 1417/1483/1417 1426/1492/1426
f 1426/1492/1426 1427/1493/1427 1418/1484/1418
f 1419/1485/1419 1418/1484/1418 1427/1493/1427
f 1427/1493/1427 1428/1494/1428 1419/1485/1419
f 1420/1486/1420 1419/1485/1419 1428/1494/1428
f 1428/1494/1428 1429/1495/1429 1420/1486/1420
f 1421/1487/1421 1347/1404/1347 1357/1414/1357
f 1357/1414/1357 1430/1496/1430 1421/1487/1421
f 1422/1488/1422 1421/1487/1421 1430/1496/1430
f 1430/1496/1430 1431/1497/1431 1422/1488/1422
f 1423/1489/1423 1422/1488/1422 1431/1497/1431
f 1431/1497/1431 1432/1498/1432 1423/1489/1423
f 1424/1490/1424 1423/1489/1423 1432/1498/1432
f 1432/1498/1432 1433/1499/1433 1424/1490/1424
f 1425/1491/1425 1424/1490/1424 1433/1499/1433
f 1433/1499/1433 1434/1500/1434 1425/1491/1425
f 1426/1492/1426 1425/1491/1425 1434/1500/1434
f 1434/1500/1434 1435/1501/1435 1426/1492/1426
f 1427/1493/1427 1426/1492/1426 1435/1501/1435
f 1435/1501/1435 1436/1502/1436 1427/1493/1427
f 1428/1494/1428 1427/1493/1427 1436/1502/1436
f 1436/1502/1436 1437/1503/1437 1428/1494/1428
f 1429/1495/1429 1428/1494/1428 1437/1503/1437
f 1437/1503/1437 1438/1504/1438 1429/1495/1429
f 1439/1514/1439 1187/1505/1187 1188/1506/1188
f 1188/1506/1188 1440/1515/1440 1439/1514/1439
f 1440/1515/1440 1188/1506/1188 1189/1507/1189
f 1189/1507/1189 1441/1516/1441 1440/1515/1440
f 1441/1516/1441 1189/1507/1189 1190/1508/1190
f 1190/1508/1190 1442/1517/1442 1441/1516/1441
f 1442/1517/1442 1190/1508/1190 1191/1509/1191
f 1191/1509/1191 1443/1518/1443 1442/1517/1442
f 1443/1518/1443 1191/1509/1191 1192/1510/1192
f 1192/1510/1192 1444/1519/1444 1443/1518/1443
f 1444/1519/1444 1192/1510/1192 1193/1511/1193
f 1193/1511/1193 1445/1520/1445 1444/1519/1444
f 1445/1520/1445 1193/1511/1193 1194/1512/1194
f 1194/1512/1194 1446/1521/1446 1445/1520/1445
f 1446/1521/1446 1194/1512/1194 1195/1513/1195
f 1195/1513/1195 1447/1522/1447 1446/1521/1446
f 1447/1522/1447 1195/1513/1195 1114/1423/1114
f 1114/1423/1114 1366/1432/1366 1447/1522/1447
f 1448/1523/1448 1439/1514/1439 1440/1515/1440
f 1440/1515/1440 1449/1524/1449 1448/1523/1448
f 1449/1524/1449 1440/1515/1440 1441/1516/1441
f 1441/1516/1441 1450/1525/1450 1449/1524/1449
f 1450/1525/1450 1441/1516/1441 1442/1517/1442
f 1442/1517/1442 1451/1526/1451 1450/1525/1450
f 1451/1526/1451 1442/1517/1442 1443/1518/1443
f 1443/1518/1443 1452/1527/1452 1451/1526/1451
f 1452/1527/1452 1443/1518/1443 1444/1519/1444
f 1444/1519/1444 1453/1528/1453 1452/1527/1452
f 1453/1528/1453 1444/1519/1444 1445/1520/1445
f 1445/1520/1445 1454/1529/1454 1453/1528/1453
f 1454/1529/1454 1445/1520/1445 1446/1521/1446
f 1446/1521/1446 1455/1530/1455 1454/1529/1454
f 1455/1530/1455 1446/1521/1446 1447/1522/1447
f 1447/1522/1447 1456/1531/1456 1455/1530/1455
f 1456/1531/1456 1447/1522/1447 1366/1432/1366
f 1366/1432/1366 1375/1441/1375 1456/1531/1456
f 1457/1532/1457 1448/1523/1448 1449/1524/1449
f 1449/1524/1449 1458/1533/1458 1457/1532/1457
f 1458/1533/1458 1449/1524/1449 1450/1525/1450
f 1450/1525/1450 1459/1534/1459 1458/1533/1458
f 1459/1534/1459 1450/1525/1450 1451/1526/1451
f 1451/1526/1451 1460/1535/1460 1459/1534/1459
f 1460/1535/1460 1451/1526/1451 1452/1527/1452
f 1452/1527/1452 1461/1536/1461 1460/1535/1460
f 1461/1536/1461 1452/1527/1452 1453/1528/1453
f 1453/1528/1453 1462/1537/1462 1461/1536/1461
f 1462/1537/1462 1453/1528/1453 1454/1529/1454
f 1454/1529/1454 1463/1538/1463 1462/1537/1462
f 1463/1538/1463 1454/1529/1454 1455/1530/1455
f 1455/1530/1455 1464/1539/1464 1463/1538/1463
f 1464/1539/1464 1455/1530/1455 1456/1531/1456
f 1456/1531/1456 1465/1540/1465 1464/1539/1464
f 1465/1540/1465 1456/1531/1456 1375/1441/1375
f 1375/1441/1375 1384/1450/1384 1465/1540/1465
f 1466/1541/1466 1457/1532/1457 1458/1533/1458
f 1458/1533/1458 1467/1542/1467 1466/1541/1466
f 1467/1542/1467 1458/1533/1458 1459/1534/1459
f 1459/1534/1459 1468/1543/1468 1467/1542/1467
f 1468/1543/1468 1459/1534/1459 1460/1535/1460
f 1460/1535/1460 1469/1544/1469 1468/1543/1468
f 1469/1544/1469 1460/1535/1460 1461/1536/1461
f 1461/1536/1461 1470/1545/1470 1469/1544/1469
f 1470/1545/1470 1461/1536/1461 1462/1537/1462
f 1462/1537/1462 1471/1546/1471 1470/1545/1470
f 1471/1546/1471 1462/1537/1462 1463/1538/1463
f 1463/1538/1463 1472/1547/1472 1471/1546/1471
f 1472/1547/1472 1463/1538/1463 1464/1539/1464
f 1464/1539/1464 1473/1548/1473 1472/1547/1472
f 1473/1548/1473 1464/1539/1464 1465/1540/1465
f 1465/1540/1465 1474/1549/1474 1473/1548/1473
f 1474/1549/1474 1465/1540/1465 1384/1450/1384
f 1384/1450/1384 1393/1459/1393 1474/1549/1474
f 1475/1550/1475 1466/1541/1466 1467/1542/1467
f 1467/1542/1467 1476/1551/1476 1475/1550/1475
f 1476/1551/1476 1467/1542/1467 1468/1543/1468
f 1468/1543/1468 1477/1552/1477 1476/1551/1476
f 1477/1552/1477 1468/1543/1468 1469/1544/1469
f 1469/1544/1469 1478/1553/1478 1477/1552/1477
f 1478/1553/1478 1469/1544/1469 1470/1545/1470
f 1470/1545/1470 1479/1554/1479 1478/1553/1478
f 1479/1554/1479 1470/1545/1470 1471/1546/1471
f 1471/1546/1471 1480/1555/1480 1479/1554/1479
f 1480/1555/1480 1471/1546/1471 1472/1547/1472
f 1472/1547/1472 1481/1556/1481 1480/1555/1480
f 1481/1556/1481 1472/1547/1472 1473/1548/1473
f 1473/1548/1473 1482/1557/1482 1481/1556/1481
f 1482/1557/1482 1473/1548/1473 1474/1549/1474
f 1474/1549/1474 1483/1558/1483 1482/1557/1482
f 1483/1558/1483 1474/1549/1474 1393/1459/1393
f 1393/1459/1393 1402/1468/1402 1483/1558/1483
f 1484/1559/1484 1475/1550/1475 1476/1551/1476
f 1476/1551/1476 1485/1560/1485 1484/1559/1484
f 1485/1560/1485 1476/1551/1476 1477/1552/1477
f 1477/1552/1477 1486/1561/1486 1485/1560/1485
f 1486/1561/1486 1477/1552/1477 1478/1553/1478
f 1478/1553/1478 1487/1562/1487 1486/1561/1486
f 1487/1562/1487 1478/1553/1478 1479/1554/1479
f 1479/1554/1479 1488/1563/1488 1487/1562/1487
f 1488/1563/1488 1479/1554/1479 1480/1555/1480
f 1480/1555/1480 1489/1564/1489 1488/1563/1488
f 1489/1564/1489 1480/1555/1480 1481/1556/1481
f 1481/1556/1481 1490/1565/1490 1489/1564/1489
f 1490/1565/1490 1481/1556/1481 1482/1557/1482
f 1482/1557/1482 1491/1566/1491 1490/1565/1490
f 1491/1566/1491 1482/1557/1482 1483/1558/1483
f 1483/1558/1483 1492/1567/1492 1491/1566/1491
f 1492/1567/1492 1483/1558/1483 1402/1468/1402
f 1402/1468/1402 1411/1477/1411 1492/1567/1492
f 1493/1568/1493 1484/1559/1484 1485/1560/1485
f 1485/1560/1485 1494/1569/1494 1493/1568/1493
f 1494/1569/1494 1485/1560/1485 1486/1561/1486
f 1486/1561/1486 1495/1570/1495 1494/1569/1494
f 1495/1570/1495 1486/1561/1486 1487/1562/1487
f 1487/1562/1487 1496/1571/1496 1495/1570/1495
f 1496/1571/1496 1487/1562/1487 1488/1563/1488
f 1488/1563/1488 1497/1572/1497 1496/1571/1496
f 1497/1572/1497 1488/1563/1488 1489/1564/1489
f 1489/1564/1489 1498/1573/1498 1497/1572/1497
f 1498/1573/1498 1489/1564/1489 1490/1565/1490
f 1490/1565/1490 1499/1574/1499 1498/1573/1498
f 1499/1574/1499 1490/1565/1490 1491/1566/1491
f 1491/1566/1491 1500/1575/1500 1499/1574/1499
f 1500/1575/1500 1491/1566/1491 1492/1567/1492
f 1492/1567/1492 1501/1576/1501 1500/1575/1500
f 1501/1576/1501 1492/1567/1492 1411/1477/1411
f 1411/1477/1411 1420/1486/1420 1501/1576/1501
f 1502/1577/1502 1493/1568/1493 1494/1569/1494
f 1494/1569/1494 1503/1578/1503 1502/1577/1502
f 1503/1578/1503 1494/1569/1494 1495/1570/1495
f 1495/1570/1495 1504/1579/1504 1503/1578/1503
f 1504/1579/1504 1495/1570/1495 1496/1571/1496
f 1496/1571/1496 1505/1580/1505 1504/1579/1504
f 1505/1580/1505 1496/1571/1496 1497/1572/1497
f 1497/1572/1497 1506/1581/1506 1505/1580/1505
f 1506/1581/1506 1497/1572/1497 1498/1573/1498
f 1498/1573/1498 1507/1582/1507 1506/1581/1506
f 1507/1582/1507 1498/1573/1498 1499/1574/1499
f 1499/1574/1499 1508/1583/1508 1507/1582/1507
f 1508/1583/1508 1499/1574/1499 1500/1575/1500
f 1500/1575/1500 1509/1584/1509 1508/1583/1508
f 1509/1584/1509 1500/1575/1500 1501/1576/1501
f 1501/1576/1501 1510/1585/1510 1509/1584/1509
f 1510/1585/1510 1501/1576/1501 1420/1486/1420
f 1420/1486/1420 1429/1495/1429 1510/1585/1510
f 1511/1586/1511 1502/1577/1502 1503/1578/1503
f 1503/1578/1503 1512/1587/1512 1511/1586/1511
f 1512/1587/1512 1503/1578/1503 1504/1579/1504
f 1504/1579/1504 1513/1588/1513 1512/1587/1512
f 1513/1588/1513 1504/1579/1504 1505/1580/1505
f 1505/1580/1505 1514/1589/1514 1513/1588/1513
f 1514/1589/1514 1505/1580/1505 1506/1581/1506
f 1506/1581/1506 1515/1590/1515 1514/1589/1514
f 1515/1590/1515 1506/1581/1506 1507/1582/1507
f 1507/1582/1507 1516/1591/1516 1515/1590/1515
f 1516/1591/1516 1507/1582/1507 1508/1583/1508
f 1508/1583/1508 1517/1592/1517 1516/1591/1516
f 1517/1592/1517 1508/1583/1508 1509/1584/1509
f 1509/1584/1509 1518/1593/1518 1517/1592/1517
f 1518/1593/1518 1509/1584/1509 1510/1585/1510
f 1510/1585/1510 1519/1594/1519 1518/1593/1518
f 1519/1594/1519 1510/1585/1510 1429/1495/1429
f 1429/1495/1429 1438/1504/1438 1519/1594/1519
f 1268/1325/1268 1024/1315/1024 1260/1595/1260
f 1260/1595/1260 1520/1603/1520 1268/1325/1268
f 1520/1603/1520 1260/1595/1260 1261/1596/1261
f 1261/1596/1261 1521/1604/1521 1520/1603/1520
f 1521/1604/1521 1261/1596/1261 1262/1597/1262
f 1262/1597/1262 1522/1605/1522 1521/1604/1521
f 1522/1605/1522 1262/1597/1262 1263/1598/1263
f 1263/1598/1263 1523/1606/1523 1522/1605/1522
f 1523/1606/1523 1263/1598/1263 1264/1599/1264
f 1264/1599/1264 1524/1607/1524 1523/1606/1523
f 1524/1607/1524 1264/1599/1264 1265/1600/1265
f 1265/1600/1265 1525/1608/1525 1524/1607/1524
f 1525/1608/1525 1265/1600/1265 1266/1601/1266
f 1266/1601/1266 1526/1609/1526 1525/1608/1525
f 1526/1609/1526 1266/1601/1266 1267/1602/1267
f 1267/1602/1267 1527/1610/1527 1526/1609/1526
f 1527/1610/1527 1267/1602/1267 1187/1505/1187
f 1187/1505/1187 1439/1514/1439 1527/1610/1527
f 1278/1335/1278 1268/1325/1268 1520/1603/1520
f 1520/1603/1520 1528/1611/1528 1278/1335/1278
f 1528/1611/1528 1520/1603/1520 1521/1604/1521
f 1521/1604/1521 1529/1612/1529 1528/1611/1528
f 1529/1612/1529 1521/1604/1521 1522/1605/1522
f 1522/1605/1522 1530/1613/1530 1529/1612/1529
f 1530/1613/1530 1522/1605/1522 1523/1606/1523
f 1523/1606/1523 1531/1614/1531 1530/1613/1530
f 1531/1614/1531 1523/1606/1523 1524/1607/1524
f 1524/1607/1524 1532/1615/1532 1531/1614/1531
f 1532/1615/1532 1524/1607/1524 1525/1608/1525
f 1525/1608/1525 1533/1616/1533 1532/1615/1532
f 1533/1616/1533 1525/1608/1525 1526/1609/1526
f 1526/1609/1526 1534/1617/1534 1533/1616/1533
f 1534/1617/1534 1526/1609/1526 1527/1610/1527
f 1527/1610/1527 1535/1618/1535 1534/1617/1534
f 1535/1618/1535 1527/1610/1527 1439/1514/1439
f 1439/1514/1439 1448/1523/1448 1535/1618/1535
f 1288/1345/1288 1278/1335/1278 1528/1611/1528
f 1528/1611/1528 1536/1619/1536 1288/1345/1288
f 1536/1619/1536 1528/1611/1528 1529/1612/1529
f 1529/1612/1529 1537/1620/1537 1536/1619/1536
f 1537/1620/1537 1529/1612/1529 1530/1613/1530
f 1530/1613/1530 1538/1621/1538 1537/1620/1537
f 1538/1621/1538 1530/1613/1530 1531/1614/1531
f 1531/1614/1531 1539/1622/1539 1538/1621/1538
f 1539/1622/1539 1531/1614/1531 1532/1615/1532
f 1532/1615/1532 1540/1623/1540 1539/1622/1539
f 1540/1623/1540 1532/1615/1532 1533/1616/1533
f 1533/1616/1533 1541/1624/1541 1540/1623/1540
f 1541/1624/1541 1533/1616/1533 1534/1617/1534
f 1534/1617/1534 1542/1625/1542 1541/1624/1541
f 1542/1625/1542 1534/1617/1534 1535/1618/1535
f 1535/1618/1535 1543/1626/1543 1542/1625/1542
f 1543/1626/1543 1535/1618/1535 1448/1523/1448
f 1448/1523/1448 1457/1532/1457 1543/1626/1543
f 1298/1355/1298 1288/1345/1288 1536/1619/1536
f 1536/1619/1536 1544/1627/1544 1298/1355/1298
f 1544/1627/1544 1536/1619/1536 1537/1620/1537
f 1537/1620/1537 1545/1628/1545 1544/1627/1544
f 1545/1628/1545 1537/1620/1537 1538/1621/1538
f 1538/1621/1538 1546/1629/1546 1545/1628/1545
f 1546/1629/1546 1538/1621/1538 1539/1622/1539
f 1539/1622/1539 1547/1630/1547 1546/1629/1546
f 1547/1630/1547 1539/1622/1539 1540/1623/1540
f 1540/1623/1540 1548/1631/1548 1547/1630/1547
f 1548/1631/1548 1540/1623/1540 1541/1624/1541
f 1541/1624/1541 1549/1632/1549 1548/1631/1548
f 1549/1632/1549 1541/1624/1541 1542/1625/1542
f 1542/1625/1542 1550/1633/1550 1549/1632/1549
f 1550/1633/1550 1542/1625/1542 1543/1626/1543
f 1543/1626/1543 1551/1634/1551 1550/1633/1550
f 1551/1634/1551 1543/1626/1543 1457/1532/1457
f 1457/1532/1457 1466/1541/1466 1551/1634/1551
f 1308/1365/1308 1298/1355/1298 1544/1627/1544
f 1544/1627/1544 1552/1635/1552 1308/1365/1308
f 1552/1635/1552 1544/1627/1544 1545/1628/1545
f 1545/1628/1545 1553/1636/1553 1552/1635/1552
f 1553/1636/1553 1545/1628/1545 1546/1629/1546
f 1546/1629/1546 1554/1637/1554 1553/1636/1553
f 1554/1637/1554 1546/1629/1546 1547/1630/1547
f 1547/1630/1547 1555/1638/1555 1554/1637/1554
f 1555/1638/1555 1547/1630/1547 1548/1631/1548
f 1548/1631/1548 1556/1639/1556 1555/1638/1555
f 1556/1639/1556 1548/1631/1548 1549/1632/1549
f 1549/1632/1549 1557/1640/1557 1556/1639/1556
f 1557/1640/1557 1549/1632/1549 1550/1633/1550
f 1550/1633/1550 1558/1641/1558 1557/1640/1557
f 1558/1641/1558 1550/1633/1550 1551/1634/1551
f 1551/1634/1551 1559/1642/1559 1558/1641/1558
f 1559/1642/1559 1551/1634/1551 1466/1541/1466
f 1466/1541/1466 1475/1550/1475 1559/1642/1559
f 1318/1375/1318 1308/1365/1308 1552/1635/1552
f 1552/1635/1552 1560/1643/1560 1318/1375/1318
f 1560/1643/1560 1552/1635/1552 1553/1636/1553
f 1553/1636/1553 1561/1644/1561 1560/1643/1560
f 1561/1644/1561 1553/1636/1553 1554/1637/1554
f 1554/1637/1554 1562/1645/1562 1561/1644/1561
f 1562/1645/1562 1554/1637/1554 1555/1638/1555
f 1555/1638/1555 1563/1646/1563 1562/1645/1562
f 1563/1646/1563 1555/1638/1555 1556/1639/1556
f 1556/1639/1556 1564/1647/1564 1563/1646/1563
f 1564/1647/1564 1556/1639/1556 1557/1640/1557
f 1557/1640/1557 1565/1648/1565 1564/1647/1564
f 1565/1648/1565 1557/1640/1557 1558/1641/1558
f 1558/1641/1558 1566/1649/1566 1565/1648/1565
f 1566/1649/1566 1558/1641/1558 1559/1642/1559
f 1559/1642/1559 1567/1650/1567 1566/1649/1566
f 1567/1650/1567 1559/1642/1559 1475/1550/1475
f 1475/1550/1475 1484/1559/1484 1567/1650/1567
f 1328/1385/1328 1318/1375/1318 1560/1643/1560
f 1560/1643/1560 1568/1651/1568 1328/1385/1328
f 1568/1651/1568 1560/1643/1560 1561/1644/1561
f 1561/1644/1561 1569/1652/1569 1568/1651/1568
f 1569/1652/1569 1561/1644/1561 1562/1645/1562
f 1562/1645/1562 1570/1653/1570 1569/1652/1569
f 1570/1653/1570 1562/1645/1562 1563/1646/1563
f 1563/1646/1563 1571/1654/1571 1570/1653/1570
f 1571/1654/1571 1563/1646/1563 1564/1647/1564
f 1564/1647/1564 1572/1655/1572 1571/1654/1571
f 1572/1655/1572 1564/1647/1564 1565/1648/1565
f 1565/1648/1565 1573/1656/1573 1572/1655/1572
f 1573/1656/1573 1565/1648/1565 1566/1649/1566
f 1566/1649/1566 1574/1657/1574 1573/1656/1573
f 1574/1657/1574 1566/1649/1566 1567/1650/1567
f 1567/1650/1567 1575/1658/1575 1574/1657/1574
f 1575/1658/1575 1567/1650/1567 1484/1559/1484
f 1484/1559/1484 1493/1568/1493 1575/1658/1575
f 1338/1395/1338 1328/1385/1328 1568/1651/1568
f 1568/1651/1568 1576/1659/1576 1338/1395/1338
f 1576/1659/1576 1568/1651/1568 1569/1652/1569
f 1569/1652/1569 1577/1660/1577 1576/1659/1576
f 1577/1660/1577 1569/1652/1569 1570/1653/1570
f 1570/1653/1570 1578/1661/1578 1577/1660/1577
f 1578/1661/1578 1570/1653/1570 1571/1654/1571
f 1571/1654/1571 1579/1662/1579 1578/1661/1578
f 1579/1662/1579 1571/1654/1571 1572/1655/1572
f 1572/1655/1572 1580/1663/1580 1579/1662/1579
f 1580/1663/1580 1572/1655/1572 1573/1656/1573
f 1573/1656/1573 1581/1664/1581 1580/1663/1580
f 1581/1664/1581 1573/1656/1573 1574/1657/1574
f 1574/1657/1574 1582/1665/1582 1581/1664/1581
f 1582/1665/1582 1574/1657/1574 1575/1658/1575
f 1575/1658/1575 1583/1666/1583 1582/1665/1582
f 1583/1666/1583 1575/1658/1575 1493/1568/1493
f 1493/1568/1493 1502/1577/1502 1583/1666/1583
f 1348/1405/1348 1338/1395/1338 1576/1659/1576
f 1576/1659/1576 1584/1667/1584 1348/1405/1348
f 1584/1667/1584 1576/1659/1576 1577/1660/1577
f 1577/1660/1577 1585/1668/1585 1584/1667/1584
f 1585/1668/1585 1577/1660/1577 1578/1661/1578
f 1578/1661/1578 1586/1669/1586 1585/1668/1585
f 1586/1669/1586 1578/1661/1578 1579/1662/1579
f 1579/1662/1579 1587/1670/1587 1586/1669/1586
f 1587/1670/1587 1579/1662/1579 1580/1663/1580
f 1580/1663/1580 1588/1671/1588 1587/1670/1587
f 1588/1671/1588 1580/1663/1580 1581/1664/1581
f 1581/1664/1581 1589/1672/1589 1588/1671/1588
f 1589/1672/1589 1581/1664/1581 1582/1665/1582
f 1582/1665/1582 1590/1673/1590 1589/1672/1589
f 1590/1673/1590 1582/1665/1582 1583/1666/1583
f 1583/1666/1583 1591/1674/1591 1590/1673/1590
f 1591/1674/1591 1583/1666/1583 1502/1577/1502
f 1502/1577/1502 1511/1586/1511 1591/1674/1591
f 1593/1676/1593 1592/1675/1592 1602/1685/1602
f 1602/1685/1602 1603/1686/1603 1593/1676/1593
f 1594/1677/1594 1593/1676/1593 1603/1686/1603
f 1603/1686/1603 1604/1687/1604 1594/1677/1594
f 1595/1678/1595 1594/1677/1594 1604/1687/1604
f 1604/1687/1604 1605/1688/1605 1595/1678/1595
f 1596/1679/1596 1595/1678/1595 1605/1688/1605
f 1605/1688/1605 1606/1689/1606 1596/1679/1596
f 1597/1680/1597 1596/1679/1596 1606/1689/1606
f 1606/1689/1606 1607/1690/1607 1597/1680/1597
f 1598/1681/1598 1597/1680/1597 1607/1690/1607
f 1607/1690/1607 1608/1691/1608 1598/1681/1598
f 1599/1682/1599 1598/1681/1598 1608/1691/1608
f 1608/1691/1608 1609/1692/1609 1599/1682/1599
f 1600/1683/1600 1599/1682/1599 1609/1692/1609
f 1609/1692/1609 1610/1693/1610 1600/1683/1600
f 1601/1684/1601 1600/1683/1600 1610/1693/1610
f 1610/1693/1610 1611/1694/1611 1601/1684/1601
f 1603/1686/1603 1602/1685/1602 1612/1695/1612
f 1612/1695/1612 1613/1696/1613 1603/1686/1603
f 1604/1687/1604 1603/1686/1603 1613/1696/1613
f 1613/1696/1613 1614/1697/1614 1604/1687/1604
f 1605/1688/1605 1604/1687/1604 1614/1697/1614
f 1614/1697/1614 1615/1698/1615 1605/1688/1605
f 1606/1689/1606 1605/1688/1605 1615/1698/1615
f 1615/1698/1615 1616/1699/1616 1606/1689/1606
f 1607/1690/1607 1606/1689/1606 1616/1699/1616
f 1616/1699/1616 1617/1700/1617 1607/1690/1607
f 1608/1691/1608 1607/1690/1607 1617/1700/1617
f 1617/1700/1617 1618/1701/1618 1608/1691/1608
f 1609/1692/1609 1608/1691/1608 1618/1701/1618
f 1618/1701/1618 1619/1702/1619 1609/1692/1609
f 1610/1693/1610 1609/1692/1609 1619/1702/1619
f 1619/1702/1619 1620/1703/1620 1610/1693/1610
f 1611/1694/1611 1610/1693/1610 1620/1703/1620
f 1620/1703/1620 1621/1704/1621 1611/1694/1611
f 1613/1696/1613 1612/1695/1612 1622/1705/1622
f 1622/1705/1622 1623/1706/1623 1613/1696/1613
f 1614/1697/1614 1613/1696/1613 1623/1706/1623
f 1623/1706/1623 1624/1707/1624 1614/1697/1614
f 1615/1698/1615 1614/1697/1614 1624/1707/1624
f 1624/1707/1624 1625/1708/1625 1615/1698/1615
f 1616/1699/1616 1615/1698/1615 1625/1708/1625
f 1625/1708/1625 1626/1709/1626 1616/1699/1616
f 1617/1700/1617 1616/1699/1616 1626/1709/1626
f 1626/1709/1626 1627/1710/1627 1617/1700/1617
f 1618/1701/1618 1617/1700/1617 1627/1710/1627
f 1627/1710/1627 1628/1711/1628 1618/1701/1618
f 1619/1702/1619 1618/1701/1618 1628/1711/1628
f 1628/1711/1628 1629/1712/1629 1619/1702/1619
f 1620/1703/1620 1619/1702/1619 1629/1712/1629
f 1629/1712/1629 1630/1713/1630 1620/1703/1620
f 1621/1704/1621 1620/1703/1620 1630/1713/1630
f 1630/1713/1630 1631/1714/1631 1621/1704/1621
f 1623/1706/1623 1622/1705/1622 1632/1715/1632
f 1632/1715/1632 1633/1716/1633 1623/1706/1623
f 1624/1707/1624 1623/1706/1623 1633/1716/1633
f 1633/1716/1633 1634/1717/1634 1624/1707/1624
f 1625/1708/1625 1624/1707/1624 1634/1717/1634
f 1634/1717/1634 1635/1718/1635 1625/1708/1625
f 1626/1709/1626 1625/1708/1625 1635/1718/1635
f 1635/1718/1635 1636/1719/1636 1626/1709/1626
f 1627/1710/1627 1626/1709/1626 1636/1719/1636
f 1636/1719/1636 1637/1720/1637 1627/1710/1627
f 1628/1711/1628 1627/1710/1627 1637/1720/1637
f 1637/1720/1637 1638/1721/1638 1628/1711/1628
f 1629/1712/1629 1628/1711/1628 1638/1721/1638
f 1638/1721/1638 1639/1722/1639 1629/1712/1629
f 1630/1713/1630 1629/1712/1629 1639/1722/1639
f 1639/1722/1639 1640/1723/1640 1630/1713/1630
f 1631/1714/1631 1630/1713/1630 1640/1723/1640
f 1640/1723/1640 1641/1724/1641 1631/1714/1631
f 1633/1716/1633 1632/1715/1632 1642/1725/1642
f 1642/1725/1642 1643/1726/1643 1633/1716/1633
f 1634/1717/1634 1633/1716/1633 1643/1726/1643
f 1643/1726/1643 1644/1727/1644 1634/1717/1634
f 1635/1718/1635 1634/1717/1634 1644/1727/1644
f 1644/1727/1644 1645/1728/1645 1635/1718/1635
f 1636/1719/1636 1635/1718/1635 1645/1728/1645
f 1645/1728/1645 1646/1729/1646 1636/1719/1636
f 1637/1720/1637 1636/1719/1636 1646/1729/1646
f 1646/1729/1646 1647/1730/1647 1637/1720/1637
f 1638/1721/1638 1637/1720/1637 1647/1730/1647
f 1647/1730/1647 1648/1731/1648 1638/1721/1638
f 1639/1722/1639 1638/1721/1638 1648/1731/1648
f 1648/1731/1648 1649/1732/1649 1639/1722/1639
f 1640/1723/1640 1639/1722/1639 1649/1732/1649
f 1649/1732/1649 1650/1733/1650 1640/1723/1640
f 1641/1724/1641 1640/1723/1640 1650/1733/1650
f 1650/1733/1650 1651/1734/1651 1641/1724/1641
f 1643/1726/1643 1642/1725/1642 1652/1735/1652
f 1652/1735/1652 1653/1736/1653 1643/1726/1643
f 1644/1727/1644 1643/1726/1643 1653/1736/1653
f 1653/1736/1653 1654/1737/1654 1644/1727/1644
f 1645/1728/1645 1644/1727/1644 1654/1737/1654
f 1654/1737/1654 1655/1738/1655 1645/1728/1645
f 1646/1729/1646 1645/1728/1645 1655/1738/1655
f 1655/1738/1655 1656/1739/1656 1646/1729/1646
f 1647/1730/1647 1646/1729/1646 1656/1739/1656
f 1656/1739/1656 1657/1740/1657 1647/1730/1647
f 1648/1731/1648 1647/1730/1647 1657/1740/1657
f 1657/1740/1657 1658/1741/1658 1648/1731/1648
f 1649/1732/1649 1648/1731/1648 1658/1741/1658
f 1658/1741/1658 1659/1742/1659 1649/1732/1649
f 1650/1733/1650 1649/1732/1649 1659/1742/1659
f 1659/1742/1659 1660/1743/1660 1650/1733/1650
f 1651/1734/1651 1650/1733/1650 1660/1743/1660
f 1660/1743/1660 1661/1744/1661 1651/1734/1651
f 1653/1736/1653 1652/1735/1652 1662/1745/1662
f 1662/1745/1662 1663/1746/1663 1653/1736/1653
f 1654/1737/1654 1653/1736/1653 1663/1746/1663
f 1663/1746/1663 1664/1747/1664 1654/1737/1654
f 1655/1738/1655 1654/1737/1654 1664/1747/1664
f 1664/1747/1664 1665/1748/1665 1655/1738/1655
f 1656/1739/1656 1655/1738/1655 1665/1748/1665
f 1665/1748/1665 1666/1749/1666 1656/1739/1656
f 1657/1740/1657 1656/1739/1656 1666/1749/1666
f 1666/1749/1666 1667/1750/1667 1657/1740/1657
f 1658/1741/1658 1657/1740/1657 1667/1750/1667
f 1667/1750/1667 1668/1751/1668 1658/1741/1658
f 1659/1742/1659 1658/1741/1658 1668/1751/1668
f 1668/1751/1668 1669/1752/1669 1659/1742/1659
f 1660/1743/1660 1659/1742/1659 1669/1752/1669
f 1669/1752/1669 1670/1753/1670 1660/1743/1660
f 1661/1744/1661 1660/1743/1660 1670/1753/1670
f 1670/1753/1670 1671/1754/1671 1661/1744/1661
f 1663/1746/1663 1662/1745/1662 1672/1755/1672
f 1672/1755/1672 1673/1756/1673 1663/1746/1663
f 1664/1747/1664 1663/1746/1663 1673/1756/1673
f 1673/1756/1673 1674/1757/1674 1664/1747/1664
f 1665/1748/1665 1664/1747/1664 1674/1757/1674
f 1674/1757/1674 1675/1758/1675 1665/1748/1665
f 1666/1749/1666 1665/1748/1665 1675/1758/1675
f 1675/1758/1675 1676/1759/1676 1666/1749/1666
f 1667/1750/1667 1666/1749/1666 1676/1759/1676
f 1676/1759/1676 1677/1760/1677 1667/1750/1667
f 1668/1751/1668 1667/1750/1667 1677/1760/1677
f 1677/1760/1677 1678/1761/1678 1668/1751/1668
f 1669/1752/1669 1668/1751/1668 1678/1761/1678
f 1678/1761/1678 1679/1762/1679 1669/1752/1669
f 1670/1753/1670 1669/1752/1669 1679/1762/1679
f 1679/1762/1679 1680/1763/1680 1670/1753/1670
f 1671/1754/1671 1670/1753/1670 1680/1763/1680
f 1680/1763/1680 1681/1764/1681 1671/1754/1671
f 1673/1756/1673 1672/1755/1672 1682/1765/1682
f 1682/1765/1682 1683/1766/1683 1673/1756/1673
f 1674/1757/1674 1673/1756/1673 1683/1766/1683
f 1683/1766/1683 1684/1767/1684 1674/1757/1674
f 1675/1758/1675 1674/1757/1674 1684/1767/1684
f 1684/1767/1684 1685/1768/1685 1675/1758/1675
f 1676/1759/1676 1675/1758/1675 1685/1768/1685
f 1685/1768/1685 1686/1769/1686 1676/1759/1676
f 1677/1760/1677 1676/1759/1676 1686/1769/1686
f 1686/1769/1686 1687/1770/1687 1677/1760/1677
f 1678/1761/1678 1677/1760/1677 1687/1770/1687
f 1687/1770/1687 1688/1771/1688 1678/1761/1678
f 1679/1762/1679 1678/1761/1678 1688/1771/1688
f 1688/1771/1688 1689/1772/1689 1679/1762/1679
f 1680/1763/1680 1679/1762/1679 1689/1772/1689
f 1689/1772/1689 1690/1773/1690 1680/1763/1680
f 1681/1764/1681 1680/1763/1680 1690/1773/1690
f 1690/1773/1690 1691/1774/1691 1681/1764/1681
f 1692/1775/1692 1601/1684/1601 1611/1694/1611
f 1611/1694/1611 1701/1784/1701 1692/1775/1692
f 1693/1776/1693 1692/1775/1692 1701/1784/1701
f 1701/1784/1701 1702/1785/1702 1693/1776/1693
f 1694/1777/1694 1693/1776/1693 1702/1785/1702
f 1702/1785/1702 1703/1786/1703 1694/1777/1694
f 1695/1778/1695 1694/1777/1694 1703/1786/1703
f 1703/1786/1703 1704/1787/1704 1695/1778/1695
f 1696/1779/1696 1695/1778/1695 1704/1787/1704
f 1704/1787/1704 1705/1788/1705 1696/1779/1696
f 1697/1780/1697 1696/1779/1696 1705/1788/1705
f 1705/1788/1705 1706/1789/1706 1697/1780/1697
f 1698/1781/1698 1697/1780/1697 1706/1789/1706
f 1706/1789/1706 1707/1790/1707 1698/1781/1698
f 1699/1782/1699 1698/1781/1698 1707/1790/1707
f 1707/1790/1707 1708/1791/1708 1699/1782/1699
f 1700/1783/1700 1699/1782/1699 1708/1791/1708
f 1708/1791/1708 1709/1792/1709 1700/1783/1700
f 1701/1784/1701 1611/1694/1611 1621/1704/1621
f 1621/1704/1621 1710/1793/1710 1701/1784/1701
f 1702/1785/1702 1701/1784/1701 1710/1793/1710
f 1710/1793/1710 1711/1794/1711 1702/1785/1702
f 1703/1786/1703 1702/1785/1702 1711/1794/1711
f 1711/1794/1711 1712/1795/1712 1703/1786/1703
f 1704/1787/1704 1703/1786/1703 1712/1795/1712
f 1712/1795/1712 1713/1796/1713 1704/1787/1704
f 1705/1788/1705 1704/1787/1704 1713/1796/1713
f 1713/1796/1713 1714/1797/1714 1705/1788/1705
f 1706/1789/1706 1705/1788/1705 1714/1797/1714
f 1714/1797/1714 1715/1798/1715 1706/1789/1706
f 1707/1790/1707 1706/1789/1706 1715/1798/1715
f 1715/1798/1715 1716/1799/1716 1707/1790/1707
f 1708/1791/1708 1707/1790/1707 1716/1799/1716
f 1716/1799/1716 1717/1800/1717 1708/1791/1708
f 1709/1792/1709 1708/1791/1708 1717/1800/1717
f 1717/1800/1717 1718/1801/1718 1709/1792/1709
f 1710/1793/1710 1621/1704/1621 1631/1714/1631
f 1631/1714/1631 1719/1802/1719 1710/1793/1710
f 1711/1794/1711 1710/1793/1710 1719/1802/1719
f 1719/1802/1719 1720/1803/1720 1711/1794/1711
f 1712/1795/1712 1711/1794/1711 1720/1803/1720
f 1720/1803/1720 1721/1804/1721 1712/1795/1712
f 1713/1796/1713 1712/1795/1712 1721/1804/1721
f 1721/1804/1721 1722/1805/1722 1713/1796/1713
f 1714/1797/1714 1713/1796/1713 1722/1805/1722
f 1722/1805/1722 1723/1806/1723 1714/1797/1714
f 1715/1798/1715 1714/1797/1714 1723/1806/1723
f 1723/1806/1723 1724/1807/1724 1715/1798/1715
f 1716/1799/1716 1715/1798/1715 1724/1807/1724
f 1724/1807/1724 1725/1808/1725 1716/1799/1716
f 1717/1800/1717 1716/1799/1716 1725/1808/1725
f 1725/1808/1725 1726/1809/1726 1717/1800/1717
f 1718/1801/1718 1717/1800/1717 1726/1809/1726
f 1726/1809/1726 1727/1810/1727 1718/1801/1718
f 1719/1802/1719 1631/1714/1631 1641/1724/1641
f 1641/1724/1641 1728/1811/1728 1719/1802/1719
f 1720/1803/1720 1719/1802/1719 1728/1811/1728
f 1728/1811/1728 1729/1812/1729 1720/1803/1720
f 1721/1804/1721 1720/1803/1720 1729/1812/1729
f 1729/1812/1729 1730/1813/1730 1721/1804/1721
f 1722/1805/1722 1721/1804/1721 1730/1813/1730
f 1730/1813/1730 1731/1814/1731 1722/1805/1722
f 1723/1806/1723 1722/1805/1722 1731/1814/1731
f 1731/1814/1731 1732/1815/1732 1723/1806/1723
f 1724/1807/1724 1723/1806/1723 1732/1815/1732
f 1732/1815/1732 1733/1816/1733 1724/1807/1724
f 1725/1808/1725 1724/1807/1724 1733/1816/1733
f 1733/1816/1733 1734/1817/1734 1725/1808/1725
f 1726/1809/1726 1725/1808/1725 1734/1817/1734
f 1734/1817/1734 1735/1818/1735 1726/1809/1726
f 1727/1810/1727 1726/1809/1726 1735/1818/1735
f 1735/1818/1735 1736/1819/1736 1727/1810/1727
f 1728/1811/1728 1641/1724/1641 1651/1734/1651
f 1651/1734/1651 1737/1820/1737 1728/1811/1728
f 1729/1812/1729 1728/1811/1728 1737/1820/1737
f 1737/1820/1737 1738/1821/1738 1729/1812/1729
f 1730/1813/1730 1729/1812/1729 1738/1821/1738
f 1738/1821/1738 1739/1822/1739 1730/1813/1730
f 1731/1814/1731 1730/1813/1730 1739/1822/1739
f 1739/1822/1739 1740/1823/1740 1731/1814/1731
f 1732/1815/1732 1731/1814/1731 1740/1823/1740
f 1740/1823/1740 1741/1824/1741 1732/1815/1732
f 1733/1816/1733 1732/1815/1732 1741/1824/1741
f 1741/1824/1741 1742/1825/1742 1733/1816/1733
f 1734/1817/1734 1733/1816/1733 1742/1825/1742
f 1742/1825/1742 1743/1826/1743 1734/1817/1734
f 1735/1818/1735 1734/1817/1734 1743/1826/1743
f 1743/1826/1743 1744/1827/1744 1735/1818/1735
f 1736/1819/1736 1735/1818/1735 1744/1827/1744
f 1744/1827/1744 1745/1828/1745 1736/1819/1736
f 1737/1820/1737 1651/1734/1651 1661/1744/1661
f 1661/1744/1661 1746/1829/1746 1737/1820/1737
f 1738/1821/1738 1737/1820/1737 1746/1829/1746
f 1746/1829/1746 1747/1830/1747 1738/1821/1738
f 1739/1822/1739 1738/1821/1738 1747/1830/1747
f 1747/1830/1747 1748/1831/1748 1739/1822/1739
f 1740/1823/1740 1739/1822/1739 1748/1831/1748
f 1748/1831/1748 1749/1832/1749 1740/1823/1740
f 1741/1824/1741 1740/1823/1740 1749/1832/1749
f 1749/1832/1749 1750/1833/1750 1741/1824/1741
f 1742/1825/1742 1741/1824/1741 1750/1833/1750
f 1750/1833/1750 1751/1834/1751 1742/1825/1742
f 1743/1826/1743 1742/1825/1742 1751/1834/1751
f 1751/1834/1751 1752/1835/1752 1743/1826/1743
f 1744/1827/1744 1743/1826/1743 1752/1835/1752
f 1752/1835/1752 1753/1836/1753 1744/1827/1744
f 1745/1828/1745 1744/1827/1744 1753/1836/1753
f 1753/1836/1753 1754/1837/1754 1745/1828/1745
f 1746/1829/1746 1661/1744/1661 1671/1754/1671
f 1671/1754/1671 1755/1838/1755 1746/1829/1746
f 1747/1830/1747 1746/1829/1746 1755/1838/1755
f 1755/1838/1755 1756/1839/1756 1747/1830/1747
f 1748/1831/1748 1747/1830/1747 1756/1839/1756
f 1756/1839/1756 1757/1840/1757 1748/1831/1748
f 1749/1832/1749 1748/1831/1748 1757/1840/1757
f 1757/1840/1757 1758/1841/1758 1749/1832/1749
f 1750/1833/1750 1749/1832/1749 1758/1841/1758
f 1758/1841/1758 1759/1842/1759 1750/1833/1750
f 1751/1834/1751 1750/1833/1750 1759/1842/1759
f 1759/1842/1759 1760/1843/1760 1751/1834/1751
f 1752/1835/1752 1751/1834/1751 1760/1843/1760
f 1760/1843/1760 1761/1844/1761 1752/1835/1752
f 1753/1836/1753 1752/1835/1752 1761/1844/1761
f 1761/1844/1761 1762/1845/1762 1753/1836/1753
f 1754/1837/1754 1753/1836/1753 1762/1845/1762
f 1762/1845/1762 1763/1846/1763 1754/1837/1754
f 1755/1838/1755 1671/1754/1671 1681/1764/1681
f 1681/1764/1681 1764/1847/1764 1755/1838/1755
f 1756/1839/1756 1755/1838/1755 1764/1847/1764
f 1764/1847/1764 1765/1848/1765 1756/1839/1756
f 1757/1840/1757 1756/1839/1756 1765/1848/1765
f 1765/1848/1765 1766/1849/1766 1757/1840/1757
f 1758/1841/1758 1757/1840/1757 1766/1849/1766
f 1766/1849/1766 1767/1850/1767 1758/1841/1758
f 1759/1842/1759 1758/1841/1758 1767/1850/1767
f 1767/1850/1767 1768/1851/1768 1759/1842/1759
f 1760/1843/1760 1759/1842/1759 1768/1851/1768
f 1768/1851/1768 1769/1852/1769 1760/1843/1760
f 1761/1844/1761 1760/1843/1760 1769/1852/1769
f 1769/1852/1769 1770/1853/1770 1761/1844/1761
f 1762/1845/1762 1761/1844/1761 1770/1853/1770
f 1770/1853/1770 1771/1854/1771 1762/1845/1762
f 1763/1846/1763 1762/1845/1762 1771/1854/1771
f 1771/1854/1771 1772/1855/1772 1763/1846/1763
f 1764/1847/1764 1681/1764/1681 1691/1774/1691
f 1691/1774/1691 1773/1856/1773 1764/1847/1764
f 1765/1848/1765 1764/1847/1764 1773/1856/1773
f 1773/1856/1773 1774/1857/1774 1765/1848/1765
f 1766/1849/1766 1765/1848/1765 1774/1857/1774
f 1774/1857/1774 1775/1858/1775 1766/1849/1766
f 1767/1850/1767 1766/1849/1766 1775/1858/1775
f 1775/1858/1775 1776/1859/1776 1767/1850/1767
f 1768/1851/1768 1767/1850/1767 1776/1859/1776
f 1776/1859/1776 1777/1860/1777 1768/1851/1768
f 1769/1852/1769 1768/1851/1768 1777/1860/1777
f 1777/1860/1777 1778/1861/1778 1769/1852/1769
f 1770/1853/1770 1769/1852/1769 1778/1861/1778
f 1778/1861/1778 1779/1862/1779 1770/1853/1770
f 1771/1854/1771 1770/1853/1770 1779/1862/1779
f 1779/1862/1779 1780/1863/1780 1771/1854/1771
f 1772/1855/1772 1771/1854/1771 1780/1863/1780
f 1780/1863/1780 1781/1864/1781 1772/1855/1772
f 1791/1874/1791 1782/1865/1782 1783/1866/1783
f 1783/1866/1783 1792/1875/1792 1791/1874/1791
f 1792/1875/1792 1783/1866/1783 1784/1867/1784
f 1784/1867/1784 1793/1876/1793 1792/1875/1792
f 1793/1876/1793 1784/1867/1784 1785/1868/1785
f 1785/1868/1785 1794/1877/1794 1793/1876/1793
f 1794/1877/1794 1785/1868/1785 1786/1869/1786
f 1786/1869/1786 1795/1878/1795 1794/1877/1794
f 1795/1878/1795 1786/1869/1786 1787/1870/1787
f 1787/1870/1787 1796/1879/1796 1795/1878/1795
f 1796/1879/1796 1787/1870/1787 1788/1871/1788
f 1788/1871/1788 1797/1880/1797 1796/1879/1796
f 1797/1880/1797 1788/1871/1788 1789/1872/1789
f 1789/1872/1789 1798/1881/1798 1797/1880/1797
f 1798/1881/1798 1789/1872/1789 1790/1873/1790
f 1790/1873/1790 1799/1882/1799 1798/1881/1798
f 1799/1882/1799 1790/1873/1790 1700/1783/1700
f 1700/1783/1700 1709/1792/1709 1799/1882/1799
f 1800/1883/1800 1791/1874/1791 1792/1875/1792
f 1792/1875/1792 1801/1884/1801 1800/1883/1800
f 1801/1884/1801 1792/1875/1792 1793/1876/1793
f 1793/1876/1793 1802/1885/1802 1801/1884/1801
f 1802/1885/1802 1793/1876/1793 1794/1877/1794
f 1794/1877/1794 1803/1886/1803 1802/1885/1802
f 1803/1886/1803 1794/1877/1794 1795/1878/1795
f 1795/1878/1795 1804/1887/1804 1803/1886/1803
f 1804/1887/1804 1795/1878/1795 1796/1879/1796
f 1796/1879/1796 1805/1888/1805 1804/1887/1804
f 1805/1888/1805 1796/1879/1796 1797/1880/1797
f 1797/1880/1797 1806/1889/1806 1805/1888/1805
f 1806/1889/1806 1797/1880/1797 1798/1881/1798
f 1798/1881/1798 1807/1890/1807 1806/1889/1806
f 1807/1890/1807 1798/1881/1798 1799/1882/1799
f 1799/1882/1799 1808/1891/1808 1807/1890/1807
f 1808/1891/1808 1799/1882/1799 1709/1792/1709
f 1709/1792/1709 1718/1801/1718 1808/1891/1808
f 1809/1892/1809 1800/1883/1800 1801/1884/1801
f 1801/1884/1801 1810/1893/1810 1809/1892/1809
f 1810/1893/1810 1801/1884/1801 1802/1885/1802
f 1802/1885/1802 1811/1894/1811 1810/1893/1810
f 1811/1894/1811 1802/1885/1802 1803/1886/1803
f 1803/1886/1803 1812/1895/1812 1811/1894/1811
f 1812/1895/1812 1803/1886/1803 1804/1887/1804
f 1804/1887/1804 1813/1896/1813 1812/1895/1812
f 1813/1896/1813 1804/1887/1804 1805/1888/1805
f 1805/1888/1805 1814/1897/1814 1813/1896/1813
f 1814/1897/1814 1805/1888/1805 1806/1889/1806
f 1806/1889/1806 1815/1898/1815 1814/1897/1814
f 1815/1898/1815 1806/1889/1806 1807/1890/1807
f 1807/1890/1807 1816/1899/1816 1815/1898/1815
f 1816/1899/1816 1807/1890/1807 1808/1891/1808
f 1808/1891/1808 1817/1900/1817 1816/1899/1816
f 1817/1900/1817 1808/1891/1808 1718/1801/1718
f 1718/1801/1718 1727/1810/1727 1817/1900/1817
f 1818/1901/1818 1809/1892/1809 1810/1893/1810
f 1810/1893/1810 1819/1902/1819 1818/1901/1818
f 1819/1902/1819 1810/1893/1810 1811/1894/1811
f 1811/1894/1811 1820/1903/1820 1819/1902/1819
f 1820/1903/1820 1811/1894/1811 1812/1895/1812
f 1812/1895/1812 1821/1904/1821 1820/1903/1820
f 1821/1904/1821 1812/1895/1812 1813/1896/1813
f 1813/1896/1813 1822/1905/1822 1821/1904/1821
f 1822/1905/1822 1813/1896/1813 1814/1897/1814
f 1814/1897/1814 1823/1906/1823 1822/1905/1822
f 1823/1906/1823 1814/1897/1814 1815/1898/1815
f 1815/1898/1815 1824/1907/1824 1823/1906/1823
f 1824/1907/1824 1815/1898/1815 1816/1899/1816
f 1816/1899/1816 1825/1908/1825 1824/1907/1824
f 1825/1908/1825 1816/1899/1816 1817/1900/1817
f 1817/1900/1817 1826/1909/1826 1825/1908/1825
f 1826/1909/1826 1817/1900/1817 1727/1810/1727
f 1727/1810/1727 1736/1819/1736 1826/1909/1826
f 1827/1910/1827 1818/1901/1818 1819/1902/1819
f 1819/1902/1819 1828/1911/1828 1827/1910/1827
f 1828/1911/1828 1819/1902/1819 1820/1903/1820
f 1820/1903/1820 1829/1912/1829 1828/1911/1828
f 1829/1912/1829 1820/1903/1820 1821/1904/1821
f 1821/1904/1821 1830/1913/1830 1829/1912/1829
f 1830/1913/1830 1821/1904/1821 1822/1905/1822
f 1822/1905/1822 1831/1914/1831 1830/1913/1830
f 1831/1914/1831 1822/1905/1822 1823/1906/1823
f 1823/1906/1823 1832/1915/1832 1831/1914/1831
f 1832/1915/1832 1823/1906/1823 1824/1907/1824
f 1824/1907/1824 1833/1916/1833 1832/1915/1832
f 1833/1916/1833 1824/1907/1824 1825/1908/1825
f 1825/1908/1825 1834/1917/1834 1833/1916/1833
f 1834/1917/1834 1825/1908/1825 1826/1909/1826
f 1826/1909/1826 1835/1918/1835 1834/1917/1834
f 1835/1918/1835 1826/1909/1826 1736/1819/1736
f 1736/1819/1736 1745/1828/1745 1835/1918/1835
f 1836/1919/1836 1827/1910/1827 1828/1911/1828
f 1828/1911/1828 1837/1920/1837 1836/1919/1836
f 1837/1920/1837 1828/1911/1828 1829/1912/1829
f 1829/1912/1829 1838/1921/1838 1837/1920/1837
f 1838/1921/1838 1829/1912/1829 1830/1913/1830
f 1830/1913/1830 1839/1922/1839 1838/1921/1838
f 1839/1922/1839 1830/1913/1830 1831/1914/1831
f 1831/1914/1831 1840/1923/1840 1839/1922/1839
f 1840/1923/1840 1831/1914/1831 1832/1915/1832
f 1832/1915/1832 1841/1924/1841 1840/1923/1840
f 1841/1924/1841 1832/1915/1832 1833/1916/1833
f 1833/1916/1833 1842/1925/1842 1841/1924/1841
f 1842/1925/1842 1833/1916/1833 1834/1917/1834
f 1834/1917/1834 1843/1926/1843 1842/1925/1842
f 1843/1926/1843 1834/1917/1834 1835/1918/1835
f 1835/1918/1835 1844/1927/1844 1843/1926/1843
f 1844/1927/1844 1835/1918/1835 1745/1828/1745
f 1745/1828/1745 1754/1837/1754 1844/1927/1844
f 1845/1928/1845 1836/1919/1836 1837/1920/1837
f 1837/1920/1837 1846/1929/1846 1845/1928/1845
f 1846/1929/1846 1837/1920/1837 1838/1921/1838
f 1838/1921/1838 1847/1930/1847 1846/1929/1846
f 1847/1930/1847 1838/1921/1838 1839/1922/1839
f 1839/1922/1839 1848/1931/1848 1847/1930/1847
f 1848/1931/1848 1839/1922/1839 1840/1923/1840
f 1840/1923/1840 1849/1932/1849 1848/1931/1848
f 1849/1932/1849 1840/1923/1840 1841/1924/1841
f 1841/1924/1841 1850/1933/1850 1849/1932/1849
f 1850/1933/1850 1841/1924/1841 1842/1925/1842
f 1842/1925/1842 1851/1934/1851 1850/1933/1850
f 1851/1934/1851 1842/1925/1842 1843/1926/1843
f 1843/1926/1843 1852/1935/1852 1851/1934/1851
f 1852/1935/1852 1843/1926/1843 1844/1927/1844
f 1844/1927/1844 1853/1936/1853 1852/1935/1852
f 1853/1936/1853 1844/1927/1844 1754/1837/1754
f 1754/1837/1754 1763/1846/1763 1853/1936/1853
f 1854/1937/1854 1845/1928/1845 1846/1929/1846
f 1846/1929/1846 1855/1938/1855 1854/1937/1854
f 1855/1938/1855 1846/1929/1846 1847/1930/1847
f 1847/1930/1847 1856/1939/1856 1855/1938/1855
f 1856/1939/1856 1847/1930/1847 1848/1931/1848
f 1848/1931/1848 1857/1940/1857 1856/1939/1856
f 1857/1940/1857 1848/1931/1848 1849/1932/1849
f 1849/1932/1849 1858/1941/1858 1857/1940/1857
f 1858/1941/1858 1849/1932/1849 1850/1933/1850
f 1850/1933/1850 1859/1942/1859 1858/1941/1858
f 1859/1942/1859 1850/1933/1850 1851/1934/1851
f 1851/1934/1851 1860/1943/1860 1859/1942/1859
f 1860/1943/1860 1851/1934/1851 1852/1935/1852
f 1852/1935/1852 1861/1944/1861 1860/1943/1860
f 1861/1944/1861 1852/1935/1852 1853/1936/1853
f 1853/1936/1853 1862/1945/1862 1861/1944/1861
f 1862/1945/1862 1853/1936/1853 1763/1846/1763
f 1763/1846/1763 1772/1855/1772 1862/1945/1862
f 1863/1946/1863 1854/1937/1854 1855/1938/1855
f 1855/1938/1855 1864/1947/1864 1863/1946/1863
f 1864/1947/1864 1855/1938/1855 1856/1939/1856
f 1856/1939/1856 1865/1948/1865 1864/1947/1864
f 1865/1948/1865 1856/1939/1856 1857/1940/1857
f 1857/1940/1857 1866/1949/1866 1865/1948/1865
f 1866/1949/1866 1857/1940/1857 1858/1941/1858
f 1858/1941/1858 1867/1950/1867 1866/1949/1866
f 1867/1950/1867 1858/1941/1858 1859/1942/1859
f 1859/1942/1859 1868/1951/1868 1867/1950/1867
f 1868/1951/1868 1859/1942/1859 1860/1943/1860
f 1860/1943/1860 1869/1952/1869 1868/1951/1868
f 1869/1952/1869 1860/1943/1860 1861/1944/1861
f 1861/1944/1861 1870/1953/1870 1869/1952/1869
f 1870/1953/1870 1861/1944/1861 1862/1945/1862
f 1862/1945/1862 1871/1954/1871 1870/1953/1870
f 1871/1954/1871 1862/1945/1862 1772/1855/1772
f 1772/1855/1772 1781/1864/1781 1871/1954/1871
f 1602/1964/1602 1592/1955/1592 1872/1956/1872
f 1872/1956/1872 1880/1965/1880 1602/1964/1602
f 1880/1965/1880 1872/1956/1872 1873/1957/1873
f 1873/1957/1873 1881/1966/1881 1880/1965/1880
f 1881/1966/1881 1873/1957/1873 1874/1958/1874
f 1874/1958/1874 1882/1967/1882 1881/1966/1881
f 1882/1967/1882 1874/1958/1874 1875/1959/1875
f 1875/1959/1875 1883/1968/1883 1882/1967/1882
f 1883/1968/1883 1875/1959/1875 1876/1960/1876
f 1876/1960/1876 1884/1969/1884 1883/1968/1883
f 1884/1969/1884 1876/1960/1876 1877/1961/1877
f 1877/1961/1877 1885/1970/1885 1884/1969/1884
f 1885/1970/1885 1877/1961/1877 1878/1962/1878
f 1878/1962/1878 1886/1971/1886 1885/1970/1885
f 1886/1971/1886 1878/1962/1878 1879/1963/1879
f 1879/1963/1879 1887/1972/1887 1886/1971/1886
f 1887/1972/1887 1879/1963/1879 1782/1865/1782
f 1782/1865/1782 1791/1874/1791 1887/1972/1887
f 1612/1973/1612 1602/1964/1602 1880/1965/1880
f 1880/1965/1880 1888/1974/1888 1612/1973/1612
f 1888/1974/1888 1880/1965/1880 1881/1966/1881
f 1881/1966/1881 1889/1975/1889 1888/1974/1888
f 1889/1975/1889 1881/1966/1881 1882/1967/1882
f 1882/1967/1882 1890/1976/1890 1889/1975/1889
f 1890/1976/1890 1882/1967/1882 1883/1968/1883
f 1883/1968/1883 1891/1977/1891 1890/1976/1890
f 1891/1977/1891 1883/1968/1883 1884/1969/1884
f 1884/1969/1884 1892/1978/1892 1891/1977/1891
f 1892/1978/1892 1884/1969/1884 1885/1970/1885
f 1885/1970/1885 1893/1979/1893 1892/1978/1892
f 1893/1979/1893 1885/1970/1885 1886/1971/1886
f 1886/1971/1886 1894/1980/1894 1893/1979/1893
f 1894/1980/1894 1886/1971/1886 1887/1972/1887
f 1887/1972/1887 1895/1981/1895 1894/1980/1894
f 1895/1981/1895 1887/1972/1887 1791/1874/1791
f 1791/1874/1791 1800/1883/1800 1895/1981/1895
f 1622/1982/1622 1612/1973/1612 1888/1974/1888
f 1888/1974/1888 1896/1983/1896 1622/1982/1622
f 1896/1983/1896 1888/1974/1888 1889/1975/1889
f 1889/1975/1889 1897/1984/1897 1896/1983/1896
f 1897/1984/1897 1889/1975/1889 1890/1976/1890
f 1890/1976/1890 1898/1985/1898 1897/1984/1897
f 1898/1985/1898 1890/1976/1890 1891/1977/1891
f 1891/1977/1891 1899/1986/1899 1898/1985/1898
f 1899/1986/1899 1891/1977/1891 1892/1978/1892
f 1892/1978/1892 1900/1987/1900 1899/1986/1899
f 1900/1987/1900 1892/1978/1892 1893/1979/1893
f 1893/1979/1893 1901/1988/1901 1900/1987/1900
f 1901/1988/1901 1893/1979/1893 1894/1980/1894
f 1894/1980/1894 1902/1989/1902 1901/1988/1901
f 1902/1989/1902 1894/1980/1894 1895/1981/1895
f 1895/1981/1895 1903/1990/1903 1902/1989/1902
f 1903/1990/1903 1895/1981/1895 1800/1883/1800
f 1800/1883/1800 1809/1892/1809 1903/1990/1903
f 1632/1991/1632 1622/1982/1622 1896/1983/1896
f 1896/1983/1896 1904/1992/1904 1632/1991/1632
f 1904/1992/1904 1896/1983/1896 1897/1984/1897
f 1897/1984/1897 1905/1993/1905 1904/1992/1904
f 1905/1993/1905 1897/1984/1897 1898/1985/1898
f 1898/1985/1898 1906/1994/1906 1905/1993/1905
f 1906/1994/1906 1898/1985/1898 1899/1986/1899
f 1899/1986/1899 1907/1995/1907 1906/1994/1906
f 1907/1995/1907 1899/1986/1899 1900/1987/1900
f 1900/1987/1900 1908/1996/1908 1907/1995/1907
f 1908/1996/1908 1900/1987/1900 1901/1988/1901
f 1901/1988/1901 1909/1997/1909 1908/1996/1908
f 1909/1997/1909 1901/1988/1901 1902/1989/1902
f 1902/1989/1902 1910/1998/1910 1909/1997/1909
f 1910/1998/1910 1902/1989/1902 1903/1990/1903
f 1903/1990/1903 1911/1999/1911 1910/1998/1910
f 1911/1999/1911 1903/1990/1903 1809/1892/1809
f 1809/1892/1809 1818/1901/1818 1911/1999/1911
f 1642/2000/1642 1632/1991/1632 1904/1992/1904
f 1904/1992/1904 1912/2001/1912 1642/2000/1642
f 1912/2001/1912 1904/1992/1904 1905/1993/1905
f 1905/1993/1905 1913/2002/1913 1912/2001/1912
f 1913/2002/1913 1905/1993/1905 1906/1994/1906
f 1906/1994/1906 1914/2003/1914 1913/2002/1913
f 1914/2003/1914 1906/1994/1906 1907/1995/1907
f 1907/1995/1907 1915/2004/1915 1914/2003/1914
f 1915/2004/1915 1907/1995/1907 1908/1996/1908
f 1908/1996/1908 1916/2005/1916 1915/2004/1915
f 1916/2005/1916 1908/1996/1908 1909/1997/1909
f 1909/1997/1909 1917/2006/1917 1916/2005/1916
f 1917/2006/1917 1909/1997/1909 1910/1998/1910
f 1910/1998/1910 1918/2007/1918 1917/2006/1917
f 1918/2007/1918 1910/1998/1910 1911/1999/1911
f 1911/1999/1911 1919/2008/1919 1918/2007/1918
f 1919/2008/1919 1911/1999/1911 1818/1901/1818
f 1818/1901/1818 1827/1910/1827 1919/2008/1919
f 1652/2009/1652 1642/2000/1642 1912/2001/1912
f 1912/2001/1912 1920/2010/1920 1652/2009/1652
f 1920/2010/1920 1912/2001/1912 1913/2002/1913
f 1913/2002/1913 1921/2011/1921 1920/2010/1920
f 1921/2011/1921 1913/2002/1913 1914/2003/1914
f 1914/2003/1914 1922/2012/1922 1921/2011/1921
f 1922/2012/1922 1914/2003/1914 1915/2004/1915
f 1915/2004/1915 1923/2013/1923 1922/2012/1922
f 1923/2013/1923 1915/2004/1915 1916/2005/1916
f 1916/2005/1916 1924/2014/1924 1923/2013/1923
f 1924/2014/1924 1916/2005/1916 1917/2006/1917
f 1917/2006/1917 1925/2015/1925 1924/2014/1924
f 1925/2015/1925 1917/2006/1917 1918/2007/1918
f 1918/2007/1918 1926/2016/1926 1925/2015/1925
f 1926/2016/1926 1918/2007/1918 1919/2008/1919
f 1919/2008/1919 1927/2017/1927 1926/2016/1926
f 1927/2017/1927 1919/2008/1919 1827/1910/1827
f 1827/1910/1827 1836/1919/1836 1927/2017/1927
f 1662/2018/1662 1652/2009/1652 1920/2010/1920
f 1920/2010/1920 1928/2019/1928 1662/2018/1662
f 1928/2019/1928 1920/2010/1920 1921/2011/1921
f 1921/2011/1921 1929/2020/1929 1928/2019/1928
f 1929/2020/1929 1921/2011/1921 1922/2012/1922
f 1922/2012/1922 1930/2021/1930 1929/2020/1929
f 1930/2021/1930 1922/2012/1922 1923/2013/1923
f 1923/2013/1923 1931/2022/1931 1930/2021/1930
f 1931/2022/1931 1923/2013/1923 1924/2014/1924
f 1924/2014/1924 1932/2023/1932 1931/2022/1931
f 1932/2023/1932 1924/2014/1924 1925/2015/1925
f 1925/2015/1925 1933/2024/1933 1932/2023/1932
f 1933/2024/1933 1925/2015/1925 1926/2016/1926
f 1926/2016/1926 1934/2025/1934 1933/2024/1933
f 1934/2025/1934 1926/2016/1926 1927/2017/1927
f 1927/2017/1927 1935/2026/1935 1934/2025/1934
f 1935/2026/1935 1927/2017/1927 1836/1919/1836
f 1836/1919/1836 1845/1928/1845 1935/2026/1935
f 1672/2027/1672 1662/2018/1662 1928/2019/1928
f 1928/2019/1928 1936/2028/1936 1672/2027/1672
f 1936/2028/1936 1928/2019/1928 1929/2020/1929
f 1929/2020/1929 1937/2029/1937 1936/2028/1936
f 1937/2029/1937 1929/2020/1929 1930/2021/1930
f 1930/2021/1930 1938/2030/1938 1937/2029/1937
f 1938/2030/1938 1930/2021/1930 1931/2022/1931
f 1931/2022/1931 1939/2031/1939 1938/2030/1938
f 1939/2031/1939 1931/2022/1931 1932/2023/1932
f 1932/2023/1932 1940/2032/1940 1939/2031/1939
f 1940/2032/1940 1932/2023/1932 1933/2024/1933
f 1933/2024/1933 1941/2033/1941 1940/2032/1940
f 1941/2033/1941 1933/2024/1933 1934/2025/1934
f 1934/2025/1934 1942/2034/1942 1941/2033/1941
f 1942/2034/1942 1934/2025/1934 1935/2026/1935
f 1935/2026/1935 1943/2035/1943 1942/2034/1942
f 1943/2035/1943 1935/2026/1935 1845/1928/1845
f 1845/1928/1845 1854/1937/1854 1943/2035/1943
f 1682/2036/1682 1672/2027/1672 1936/2028/1936
f 1936/2028/1936 1944/2037/1944 1682/2036/1682
f 1944/2037/1944 1936/2028/1936 1937/2029/1937
f 1937/2029/1937 1945/2038/1945 1944/2037/1944
f 1945/2038/1945 1937/2029/1937 1938/2030/1938
f 1938/2030/1938 1946/2039/1946 1945/2038/1945
f 1946/2039/1946 1938/2030/1938 1939/2031/1939
f 1939/2031/1939 1947/2040/1947 1946/2039/1946
f 1947/2040/1947 1939/2031/1939 1940/2032/1940
f 1940/2032/1940 1948/2041/1948 1947/2040/1947
f 1948/2041/1948 1940/2032/1940 1941/2033/1941
f 1941/2033/1941 1949/2042/1949 1948/2041/1948
f 1949/2042/1949 1941/2033/1941 1942/2034/1942
f 1942/2034/1942 1950/2043/1950 1949/2042/1949
f 1950/2043/1950 1942/2034/1942 1943/2035/1943
f 1943/2035/1943 1951/2044/1951 1950/2043/1950
f 1951/2044/1951 1943/2035/1943 1854/1937/1854
f 1854/1937/1854 1863/1946/1863 1951/2044/1951
f 1684/1767/1684 1683/1766/1683 1952/2045/1952
f 1952/2045/1952 1953/2046/1953 1684/1767/1684
f 1685/1768/1685 1684/1767/1684 1953/2046/1953
f 1953/2046/1953 1954/2047/1954 1685/1768/1685
f 1686/1769/1686 1685/1768/1685 1954/2047/1954
f 1954/2047/1954 1955/2048/1955 1686/1769/1686
f 1687/1770/1687 1686/1769/1686 1955/2048/1955
f 1955/2048/1955 1956/2049/1956 1687/1770/1687
f 1688/1771/1688 1687/1770/1687 1956/2049/1956
f 1956/2049/1956 1957/2050/1957 1688/1771/1688
f 1689/1772/1689 1688/1771/1688 1957/2050/1957
f 1957/2050/1957 1958/2051/1958 1689/1772/1689
f 1690/1773/1690 1689/1772/1689 1958/2051/1958
f 1958/2051/1958 1959/2052/1959 1690/1773/1690
f 1691/1774/1691 1690/1773/1690 1959/2052/1959
f 1959/2052/1959 1960/2053/1960 1691/1774/1691
f 1953/2046/1953 1952/2045/1952 1961/2054/1961
f 1961/2054/1961 1962/2055/1962 1953/2046/1953
f 1954/2047/1954 1953/2046/1953 1962/2055/1962
f 1962/2055/1962 1963/2056/1963 1954/2047/1954
f 1955/2048/1955 1954/2047/1954 1963/2056/1963
f 1963/2056/1963 1964/2057/1964 1955/2048/1955
f 1956/2049/1956 1955/2048/1955 1964/2057/1964
f 1964/2057/1964 1965/2058/1965 1956/2049/1956
f 1957/2050/1957 1956/2049/1956 1965/2058/1965
f 1965/2058/1965 1966/2059/1966 1957/2050/1957
f 1958/2051/1958 1957/2050/1957 1966/2059/1966
f 1966/2059/1966 1967/2060/1967 1958/2051/1958
f 1959/2052/1959 1958/2051/1958 1967/2060/1967
f 1967/2060/1967 1968/2061/1968 1959/2052/1959
f 1960/2053/1960 1959/2052/1959 1968/2061/1968
f 1968/2061/1968 1969/2062/1969 1960/2053/1960
f 1962/2055/1962 1961/2054/1961 1971/2064/1971
f 1971/2064/1971 1972/2065/1972 1962/2055/1962
f 1963/2056/1963 1962/2055/1962 1972/2065/1972
f 1972/2065/1972 1973/2066/1973 1963/2056/1963
f 1964/2057/1964 1963/2056/1963 1973/2066/1973
f 1973/2066/1973 1974/2067/1974 1964/2057/1964
f 1965/2058/1965 1964/2057/1964 1974/2067/1974
f 1974/2067/1974 1975/2068/1975 1965/2058/1965
f 1966/2059/1966 1965/2058/1965 1975/2068/1975
f 1975/2068/1975 1976/2069/1976 1966/2059/1966
f 1967/2060/1967 1966/2059/1966 1976/2069/1976
f 1976/2069/1976 1977/2070/1977 1967/2060/1967
f 1968/2061/1968 1967/2060/1967 1977/2070/1977
f 1977/2070/1977 1978/2071/1978 1968/2061/1968
f 1969/2062/1969 1968/2061/1968 1978/2071/1978
f 1978/2071/1978 1979/2072/1979 1969/2062/1969
f 1971/2064/1971 1970/2063/1970 1980/2073/1980
f 1980/2073/1980 1981/2074/1981 1971/2064/1971
f 1972/2065/1972 1971/2064/1971 1981/2074/1981
f 1981/2074/1981 1982/2075/1982 1972/2065/1972
f 1973/2066/1973 1972/2065/1972 1982/2075/1982
f 1982/2075/1982 1983/2076/1983 1973/2066/1973
f 1974/2067/1974 1973/2066/1973 1983/2076/1983
f 1983/2076/1983 1984/2077/1984 1974/2067/1974
f 1975/2068/1975 1974/2067/1974 1984/2077/1984
f 1984/2077/1984 1985/2078/1985 1975/2068/1975
f 1976/2069/1976 1975/2068/1975 1985/2078/1985
f 1985/2078/1985 1986/2079/1986 1976/2069/1976
f 1977/2070/1977 1976/2069/1976 1986/2079/1986
f 1986/2079/1986 1987/2080/1987 1977/2070/1977
f 1978/2071/1978 1977/2070/1977 1987/2080/1987
f 1987/2080/1987 1988/2081/1988 1978/2071/1978
f 1979/2072/1979 1978/2071/1978 1988/2081/1988
f 1988/2081/1988 1989/2082/1989 1979/2072/1979
f 1981/2074/1981 1980/2073/1980 1990/2083/1990
f 1990/2083/1990 1991/2084/1991 1981/2074/1981
f 1982/2075/1982 1981/2074/1981 1991/2084/1991
f 1991/2084/1991 1992/2085/1992 1982/2075/1982
f 1983/2076/1983 1982/2075/1982 1992/2085/1992
f 1992/2085/1992 1993/2086/1993 1983/2076/1983
f 1984/2077/1984 1983/2076/1983 1993/2086/1993
f 1993/2086/1993 1994/2087/1994 1984/2077/1984
f 1985/2078/1985 1984/2077/1984 1994/2087/1994
f 1994/2087/1994 1995/2088/1995 1985/2078/1985
f 1986/2079/1986 1985/2078/1985 1995/2088/1995
f 1995/2088/1995 1996/2089/1996 1986/2079/1986
f 1987/2080/1987 1986/2079/1986 1996/2089/1996
f 1996/2089/1996 1997/2090/1997 1987/2080/1987
f 1988/2081/1988 1987/2080/1987 1997/2090/1997
f 1997/2090/1997 1998/2091/1998 1988/2081/1988
f 1989/2082/1989 1988/2081/1988 1998/2091/1998
f 1998/2091/1998 1999/2092/1999 1989/2082/1989
f 1991/2084/1991 1990/2083/1990 2000/2093/2000
f 2000/2093/2000 2001/2094/2001 1991/2084/1991
f 1992/2085/1992 1991/2084/1991 2001/2094/2001
f 2001/2094/2001 2002/2095/2002 1992/2085/1992
f 1993/2086/1993 1992/2085/1992 2002/2095/2002
f 2002/2095/2002 2003/2096/2003 1993/2086/1993
f 1994/2087/1994 1993/2086/1993 2003/2096/2003
f 2003/2096/2003 2004/2097/2004 1994/2087/1994
f 1995/2088/1995 1994/2087/1994 2004/2097/2004
f 2004/2097/2004 2005/2098/2005 1995/2088/1995
f 1996/2089/1996 1995/2088/1995 2005/2098/2005
f 2005/2098/2005 2006/2099/2006 1996/2089/1996
f 1997/2090/1997 1996/2089/1996 2006/2099/2006
f 2006/2099/2006 2007/2100/2007 1997/2090/1997
f 1998/2091/1998 1997/2090/1997 2007/2100/2007
f 2007/2100/2007 2008/2101/2008 1998/2091/1998
f 1999/2092/1999 1998/2091/1998 2008/2101/2008
f 2008/2101/2008 2009/2102/2009 1999/2092/1999
f 2001/2094/2001 2000/2093/2000 2010/2103/2010
f 2010/2103/2010 2011/2104/2011 2001/2094/2001
f 2002/2095/2002 2001/2094/2001 2011/2104/2011
f 2011/2104/2011 2012/2105/2012 2002/2095/2002
f 2003/2096/2003 2002/2095/2002 2012/2105/2012
f 2012/2105/2012 2013/2106/2013 2003/2096/2003
f 2004/2097/2004 2003/2096/2003 2013/2106/2013
f 2013/2106/2013 2014/2107/2014 2004/2097/2004
f 2005/2098/2005 2004/2097/2004 2014/2107/2014
f 2014/2107/2014 2015/2108/2015 2005/2098/2005
f 2006/2099/2006 2005/2098/2005 2015/2108/2015
f 2015/2108/2015 2016/2109/2016 2006/2099/2006
f 2007/2100/2007 2006/2099/2006 2016/2109/2016
f 2016/2109/2016 2017/2110/2017 2007/2100/2007
f 2008/2101/2008 2007/2100/2007 2017/2110/2017
f 2017/2110/2017 2018/2111/2018 2008/2101/2008
f 2009/2102/2009 2008/2101/2008 2018/2111/2018
f 2018/2111/2018 2019/2112/2019 2009/2102/2009
f 2011/2104/2011 2010/2103/2010 2020/2113/2020
f 2020/2113/2020 2021/2114/2021 2011/2104/2011
f 2012/2105/2012 2011/2104/2011 2021/2114/2021
f 2021/2114/2021 2022/2115/2022 2012/2105/2012
f 2013/2106/2013 2012/2105/2012 2022/2115/2022
f 2022/2115/2022 2023/2116/2023 2013/2106/2013
f 2014/2107/2014 2013/2106/2013 2023/2116/2023
f 2023/2116/2023 2024/2117/2024 2014/2107/2014
f 2015/2108/2015 2014/2107/2014 2024/2117/2024
f 2024/2117/2024 2025/2118/2025 2015/2108/2015
f 2016/2109/2016 2015/2108/2015 2025/2118/2025
f 2025/2118/2025 2026/2119/2026 2016/2109/2016
f 2017/2110/2017 2016/2109/2016 2026/2119/2026
f 2026/2119/2026 2027/2120/2027 2017/2110/2017
f 2018/2111/2018 2017/2110/2017 2027/2120/2027
f 2027/2120/2027 2028/2121/2028 2018/2111/2018
f 2019/2112/2019 2018/2111/2018 2028/2121/2028
f 2028/2121/2028 2029/2122/2029 2019/2112/2019
f 2022/2115/2022 2021/2114/2021 2030/2123/2030
f 2030/2123/2030 2031/2124/2031 2022/2115/2022
f 2023/2116/2023 2022/2115/2022 2031/2124/2031
f 2031/2124/2031 2032/2125/2032 2023/2116/2023
f 2024/2117/2024 2023/2116/2023 2032/2125/2032
f 2032/2125/2032 2033/2126/2033 2024/2117/2024
f 2025/2118/2025 2024/2117/2024 2033/2126/2033
f 2033/2126/2033 2034/2127/2034 2025/2118/2025
f 2026/2119/2026 2025/2118/2025 2034/2127/2034
f 2034/2127/2034 2035/2128/2035 2026/2119/2026
f 2027/2120/2027 2026/2119/2026 2035/2128/2035
f 2035/2128/2035 2036/2129/2036 2027/2120/2027
f 2028/2121/2028 2027/2120/2027 2036/2129/2036
f 2036/2129/2036 2037/2130/2037 2028/2121/2028
f 2029/2122/2029 2028/2121/2028 2037/2130/2037
f 2037/2130/2037 2038/2131/2038 2029/2122/2029
f 108/2133/108 1682/1765/1682 105/2132/105
f 108/2133/108 1683/1766/1683 1682/1765/1682
f 111/2134/111 1683/1766/1683 108/2133/108
f 111/2134/111 1952/2045/1952 1683/1766/1683
f 114/2135/114 1952/2045/1952 111/2134/111
f 117/2136/117 1952/2045/1952 114/2135/114
f 117/2136/117 120/2137/120 1952/2045/1952
f 120/2137/120 123/2138/123 1961/2054/1961
f 120/2137/120 1961/2054/1961 1952/2045/1952
f 126/2139/126 1961/2054/1961 123/2138/123
f 129/2140/129 1961/2054/1961 126/2139/126
f 129/2140/129 1971/2064/1971 1961/2054/1961
f 132/2141/132 1971/2064/1971 129/2140/129
f 135/2142/135 1971/2064/1971 132/2141/132
f 135/2142/135 1970/2063/1970 1971/2064/1971
f 138/2143/138 1970/2063/1970 135/2142/135
f 349/2145/349 2020/2113/2020 346/2144/346
f 349/2145/349 2021/2114/2021 2020/2113/2020
f 352/2146/352 2021/2114/2021 349/2145/349
f 352/2146/352 2030/2123/2030 2021/2114/2021
f 355/2147/355 2030/2123/2030 352/2146/352
f 1773/1856/1773 1691/1774/1691 1960/2053/1960
f 1960/2053/1960 2039/2148/2039 1773/1856/1773
f 1774/1857/1774 1773/1856/1773 2039/2148/2039
f 2039/2148/2039 2040/2149/2040 1774/1857/1774
f 1775/1858/1775 1774/1857/1774 2040/2149/2040
f 2040/2149/2040 2041/2150/2041 1775/1858/1775
f 1776/1859/1776 1775/1858/1775 2041/2150/2041
f 2041/2150/2041 2042/2151/2042 1776/1859/1776
f 1777/1860/1777 1776/1859/1776 2042/2151/2042
f 2042/2151/2042 2043/2152/2043 1777/1860/1777
f 1778/1861/1778 1777/1860/1777 2043/2152/2043
f 2043/2152/2043 2044/2153/2044 1778/1861/1778
f 1779/1862/1779 1778/1861/1778 2044/2153/2044
f 2044/2153/2044 2045/2154/2045 1779/1862/1779
f 1780/1863/1780 1779/1862/1779 2045/2154/2045
f 2045/2154/2045 2046/2155/2046 1780/1863/1780
f 1781/1864/1781 1780/1863/1780 2046/2155/2046
f 2046/2155/2046 2047/2156/2047 1781/1864/1781
f 2039/2148/2039 1960/2053/1960 1969/2062/1969
f 1969/2062/1969 2048/2157/2048 2039/2148/2039
f 2040/2149/2040 2039/2148/2039 2048/2157/2048
f 2048/2157/2048 2049/2158/2049 2040/2149/2040
f 2041/2150/2041 2040/2149/2040 2049/2158/2049
f 2049/2158/2049 2050/2159/2050 2041/2150/2041
f 2042/2151/2042 2041/2150/2041 2050/2159/2050
f 2050/2159/2050 2051/2160/2051 2042/2151/2042
f 2043/2152/2043 2042/2151/2042 2051/2160/2051
f 2051/2160/2051 2052/2161/2052 2043/2152/2043
f 2044/2153/2044 2043/2152/2043 2052/2161/2052
f 2052/2161/2052 2053/2162/2053 2044/2153/2044
f 2045/2154/2045 2044/2153/2044 2053/2162/2053
f 2053/2162/2053 2054/2163/2054 2045/2154/2045
f 2046/2155/2046 2045/2154/2045 2054/2163/2054
f 2054/2163/2054 2055/2164/2055 2046/2155/2046
f 2047/2156/2047 2046/2155/2046 2055/2164/2055
f 2055/2164/2055 2056/2165/2056 2047/2156/2047
f 2048/2157/2048 1969/2062/1969 1979/2072/1979
f 1979/2072/1979 2057/2166/2057 2048/2157/2048
f 2049/2158/2049 2048/2157/2048 2057/2166/2057
f 2057/2166/2057 2058/2167/2058 2049/2158/2049
f 2050/2159/2050 2049/2158/2049 2058/2167/2058
f 2058/2167/2058 2059/2168/2059 2050/2159/2050
f 2051/2160/2051 2050/2159/2050 2059/2168/2059
f 2059/2168/2059 2060/2169/2060 2051/2160/2051
f 2052/2161/2052 2051/2160/2051 2060/2169/2060
f 2060/2169/2060 2061/2170/2061 2052/2161/2052
f 2053/2162/2053 2052/2161/2052 2061/2170/2061
f 2061/2170/2061 2062/2171/2062 2053/2162/2053
f 2054/2163/2054 2053/2162/2053 2062/2171/2062
f 2062/2171/2062 2063/2172/2063 2054/2163/2054
f 2055/2164/2055 2054/2163/2054 2063/2172/2063
f 2063/2172/2063 2064/2173/2064 2055/2164/2055
f 2056/2165/2056 2055/2164/2055 2064/2173/2064
f 2064/2173/2064 2065/2174/2065 2056/2165/2056
f 2057/2166/2057 1979/2072/1979 1989/2082/1989
f 1989/2082/1989 2066/2175/2066 2057/2166/2057
f 2058/2167/2058 2057/2166/2057 2066/2175/2066
f 2066/2175/2066 2067/2176/2067 2058/2167/2058
f 2059/2168/2059 2058/2167/2058 2067/2176/2067
f 2067/2176/2067 2068/2177/2068 2059/2168/2059
f 2060/2169/2060 2059/2168/2059 2068/2177/2068
f 2068/2177/2068 2069/2178/2069 2060/2169/2060
f 2061/2170/2061 2060/2169/2060 2069/2178/2069
f 2069/2178/2069 2070/2179/2070 2061/2170/2061
f 2062/2171/2062 2061/2170/2061 2070/2179/2070
f 2070/2179/2070 2071/2180/2071 2062/2171/2062
f 2063/2172/2063 2062/2171/2062 2071/2180/2071
f 2071/2180/2071 2072/2181/2072 2063/2172/2063
f 2064/2173/2064 2063/2172/2063 2072/2181/2072
f 2072/2181/2072 2073/2182/2073 2064/2173/2064
f 2065/2174/2065 2064/2173/2064 2073/2182/2073
f 2073/2182/2073 2074/2183/2074 2065/2174/2065
f 2066/2175/2066 1989/2082/1989 1999/2092/1999
f 1999/2092/1999 2075/2184/2075 2066/2175/2066
f 2067/2176/2067 2066/2175/2066 2075/2184/2075
f 2075/2184/2075 2076/2185/2076 2067/2176/2067
f 2068/2177/2068 2067/2176/2067 2076/2185/2076
f 2076/2185/2076 2077/2186/2077 2068/2177/2068
f 2069/2178/2069 2068/2177/2068 2077/2186/2077
f 2077/2186/2077 2078/2187/2078 2069/2178/2069
f 2070/2179/2070 2069/2178/2069 2078/2187/2078
f 2078/2187/2078 2079/2188/2079 2070/2179/2070
f 2071/2180/2071 2070/2179/2070 2079/2188/2079
f 2079/2188/2079 2080/2189/2080 2071/2180/2071
f 2072/2181/2072 2071/2180/2071 2080/2189/2080
f 2080/2189/2080 2081/2190/2081 2072/2181/2072
f 2073/2182/2073 2072/2181/2072 2081/2190/2081
f 2081/2190/2081 2082/2191/2082 2073/2182/2073
f 2074/2183/2074 2073/2182/2073 2082/2191/2082
f 2082/2191/2082 2083/2192/2083 2074/2183/2074
f 2075/2184/2075 1999/2092/1999 2009/2102/2009
f 2009/2102/2009 2084/2193/2084 2075/2184/2075
f 2076/2185/2076 2075/2184/2075 2084/2193/2084
f 2084/2193/2084 2085/2194/2085 2076/2185/2076
f 2077/2186/2077 2076/2185/2076 2085/2194/2085
f 2085/2194/2085 2086/2195/2086 2077/2186/2077
f 2078/2187/2078 2077/2186/2077 2086/2195/2086
f 2086/2195/2086 2087/2196/2087 2078/2187/2078
f 2079/2188/2079 2078/2187/2078 2087/2196/2087
f 2087/2196/2087 2088/2197/2088 2079/2188/2079
f 2080/2189/2080 2079/2188/2079 2088/2197/2088
f 2088/2197/2088 2089/2198/2089 2080/2189/2080
f 2081/2190/2081 2080/2189/2080 2089/2198/2089
f 2089/2198/2089 2090/2199/2090 2081/2190/2081
f 2084/2193/2084 2009/2102/2009 2019/2112/2019
f 2019/2112/2019 2091/2200/2091 2084/2193/2084
f 2085/2194/2085 2084/2193/2084 2091/2200/2091
f 2091/2200/2091 2092/2201/2092 2085/2194/2085
f 2086/2195/2086 2085/2194/2085 2092/2201/2092
f 2092/2201/2092 2093/2202/2093 2086/2195/2086
f 2087/2196/2087 2086/2195/2086 2093/2202/2093
f 2093/2202/2093 2094/2203/2094 2087/2196/2087
f 2088/2197/2088 2087/2196/2087 2094/2203/2094
f 2094/2203/2094 2095/2204/2095 2088/2197/2088
f 2089/2198/2089 2088/2197/2088 2095/2204/2095
f 2095/2204/2095 2096/2205/2096 2089/2198/2089
f 2090/2199/2090 2089/2198/2089 2096/2205/2096
f 2096/2205/2096 2097/2206/2097 2090/2199/2090
f 2091/2200/2091 2019/2112/2019 2029/2122/2029
f 2029/2122/2029 2098/2207/2098 2091/2200/2091
f 2092/2201/2092 2091/2200/2091 2098/2207/2098
f 2098/2207/2098 2099/2208/2099 2092/2201/2092
f 2093/2202/2093 2092/2201/2092 2099/2208/2099
f 2099/2208/2099 2100/2209/2100 2093/2202/2093
f 2094/2203/2094 2093/2202/2093 2100/2209/2100
f 2100/2209/2100 2101/2210/2101 2094/2203/2094
f 2095/2204/2095 2094/2203/2094 2101/2210/2101
f 2101/2210/2101 2102/2211/2102 2095/2204/2095
f 2096/2205/2096 2095/2204/2095 2102/2211/2102
f 2102/2211/2102 2103/2212/2103 2096/2205/2096
f 2097/2206/2097 2096/2205/2096 2103/2212/2103
f 2103/2212/2103 2104/2213/2104 2097/2206/2097
f 2098/2207/2098 2029/2122/2029 2038/2131/2038
f 2038/2131/2038 2105/2214/2105 2098/2207/2098
f 2099/2208/2099 2098/2207/2098 2105/2214/2105
f 2105/2214/2105 2106/2215/2106 2099/2208/2099
f 2100/2209/2100 2099/2208/2099 2106/2215/2106
f 2106/2215/2106 2107/2216/2107 2100/2209/2100
f 2101/2210/2101 2100/2209/2100 2107/2216/2107
f 2107/2216/2107 2108/2217/2108 2101/2210/2101
f 2102/2211/2102 2101/2210/2101 2108/2217/2108
f 2108/2217/2108 2109/2218/2109 2102/2211/2102
f 2103/2212/2103 2102/2211/2102 2109/2218/2109
f 2109/2218/2109 2110/2219/2110 2103/2212/2103
f 2104/2213/2104 2103/2212/2103 2110/2219/2110
f 2110/2219/2110 2111/2220/2111 2104/2213/2104
f 773/2222/773 770/2221/770 2083/2192/2083
f 773/2222/773 2083/2192/2083 2082/2191/2082
f 773/2222/773 2082/2191/2082 776/2223/776
f 779/2224/779 776/2223/776 2082/2191/2082
f 779/2224/779 2082/2191/2082 2081/2190/2081
f 779/2224/779 2081/2190/2081 2090/2199/2090
f 782/2225/782 779/2224/779 2090/2199/2090
f 785/2226/785 782/2225/782 2090/2199/2090
f 785/2226/785 2090/2199/2090 2097/2206/2097
f 788/2227/788 785/2226/785 2097/2206/2097
f 791/2228/791 788/2227/788 2097/2206/2097
f 791/2228/791 2097/2206/2097 2104/2213/2104
f 794/2229/794 791/2228/791 2104/2213/2104
f 797/2230/797 794/2229/794 2104/2213/2104
f 797/2230/797 2104/2213/2104 2111/2220/2111
f 797/2230/797 2111/2220/2111 800/2231/800
f 2112/2232/2112 1863/1946/1863 1864/1947/1864
f 1864/1947/1864 2113/2233/2113 2112/2232/2112
f 2113/2233/2113 1864/1947/1864 1865/1948/1865
f 1865/1948/1865 2114/2234/2114 2113/2233/2113
f 2114/2234/2114 1865/1948/1865 1866/1949/1866
f 1866/1949/1866 2115/2235/2115 2114/2234/2114
f 2115/2235/2115 1866/1949/1866 1867/1950/1867
f 1867/1950/1867 2116/2236/2116 2115/2235/2115
f 2116/2236/2116 1867/1950/1867 1868/1951/1868
f 1868/1951/1868 2117/2237/2117 2116/2236/2116
f 2117/2237/2117 1868/1951/1868 1869/1952/1869
f 1869/1952/1869 2118/2238/2118 2117/2237/2117
f 2118/2238/2118 1869/1952/1869 1870/1953/1870
f 1870/1953/1870 2119/2239/2119 2118/2238/2118
f 2119/2239/2119 1870/1953/1870 1871/1954/1871
f 1871/1954/1871 2120/2240/2120 2119/2239/2119
f 2120/2240/2120 1871/1954/1871 1781/1864/1781
f 1781/1864/1781 2047/2156/2047 2120/2240/2120
f 2121/2241/2121 2112/2232/2112 2113/2233/2113
f 2113/2233/2113 2122/2242/2122 2121/2241/2121
f 2122/2242/2122 2113/2233/2113 2114/2234/2114
f 2114/2234/2114 2123/2243/2123 2122/2242/2122
f 2123/2243/2123 2114/2234/2114 2115/2235/2115
f 2115/2235/2115 2124/2244/2124 2123/2243/2123
f 2124/2244/2124 2115/2235/2115 2116/2236/2116
f 2116/2236/2116 2125/2245/2125 2124/2244/2124
f 2125/2245/2125 2116/2236/2116 2117/2237/2117
f 2117/2237/2117 2126/2246/2126 2125/2245/2125
f 2126/2246/2126 2117/2237/2117 2118/2238/2118
f 2118/2238/2118 2127/2247/2127 2126/2246/2126
f 2127/2247/2127 2118/2238/2118 2119/2239/2119
f 2119/2239/2119 2128/2248/2128 2127/2247/2127
f 2128/2248/2128 2119/2239/2119 2120/2240/2120
f 2120/2240/2120 2129/2249/2129 2128/2248/2128
f 2129/2249/2129 2120/2240/2120 2047/2156/2047
f 2047/2156/2047 2056/2165/2056 2129/2249/2129
f 2130/2250/2130 2121/2241/2121 2122/2242/2122
f 2122/2242/2122 2131/2251/2131 2130/2250/2130
f 2131/2251/2131 2122/2242/2122 2123/2243/2123
f 2123/2243/2123 2132/2252/2132 2131/2251/2131
f 2132/2252/2132 2123/2243/2123 2124/2244/2124
f 2124/2244/2124 2133/2253/2133 2132/2252/2132
f 2133/2253/2133 2124/2244/2124 2125/2245/2125
f 2125/2245/2125 2134/2254/2134 2133/2253/2133
f 2134/2254/2134 2125/2245/2125 2126/2246/2126
f 2126/2246/2126 2135/2255/2135 2134/2254/2134
f 2135/2255/2135 2126/2246/2126 2127/2247/2127
f 2127/2247/2127 2136/2256/2136 2135/2255/2135
f 2136/2256/2136 2127/2247/2127 2128/2248/2128
f 2128/2248/2128 2137/2257/2137 2136/2256/2136
f 2137/2257/2137 2128/2248/2128 2129/2249/2129
f 2129/2249/2129 2138/2258/2138 2137/2257/2137
f 2138/2258/2138 2129/2249/2129 2056/2165/2056
f 2056/2165/2056 2065/2174/2065 2138/2258/2138
f 2139/2259/2139 2130/2250/2130 2131/2251/2131
f 2131/2251/2131 2140/2260/2140 2139/2259/2139
f 2140/2260/2140 2131/2251/2131 2132/2252/2132
f 2132/2252/2132 2141/2261/2141 2140/2260/2140
f 2141/2261/2141 2132/2252/2132 2133/2253/2133
f 2133/2253/2133 2142/2262/2142 2141/2261/2141
f 2142/2262/2142 2133/2253/2133 2134/2254/2134
f 2134/2254/2134 2143/2263/2143 2142/2262/2142
f 2143/2263/2143 2134/2254/2134 2135/2255/2135
f 2135/2255/2135 2144/2264/2144 2143/2263/2143
f 2144/2264/2144 2135/2255/2135 2136/2256/2136
f 2136/2256/2136 2145/2265/2145 2144/2264/2144
f 2145/2265/2145 2136/2256/2136 2137/2257/2137
f 2137/2257/2137 2146/2266/2146 2145/2265/2145
f 2146/2266/2146 2137/2257/2137 2138/2258/2138
f 2138/2258/2138 2147/2267/2147 2146/2266/2146
f 2147/2267/2147 2138/2258/2138 2065/2174/2065
f 2065/2174/2065 2074/2183/2074 2147/2267/2147
f 2148/2268/2148 2139/2259/2139 2140/2260/2140
f 2140/2260/2140 2149/2269/2149 2148/2268/2148
f 2149/2269/2149 2140/2260/2140 2141/2261/2141
f 2141/2261/2141 2150/2270/2150 2149/2269/2149
f 2150/2270/2150 2141/2261/2141 2142/2262/2142
f 2142/2262/2142 2151/2271/2151 2150/2270/2150
f 2151/2271/2151 2142/2262/2142 2143/2263/2143
f 2143/2263/2143 2152/2272/2152 2151/2271/2151
f 2152/2272/2152 2143/2263/2143 2144/2264/2144
f 2144/2264/2144 2153/2273/2153 2152/2272/2152
f 2153/2273/2153 2144/2264/2144 2145/2265/2145
f 2145/2265/2145 2154/2274/2154 2153/2273/2153
f 2154/2274/2154 2145/2265/2145 2146/2266/2146
f 2146/2266/2146 2155/2275/2155 2154/2274/2154
f 2155/2275/2155 2146/2266/2146 2147/2267/2147
f 2147/2267/2147 2156/2276/2156 2155/2275/2155
f 2156/2276/2156 2147/2267/2147 2074/2183/2074
f 2074/2183/2074 2083/2192/2083 2156/2276/2156
f 2157/2277/2157 2148/2268/2148 2149/2269/2149
f 2149/2269/2149 2158/2278/2158 2157/2277/2157
f 2158/2278/2158 2149/2269/2149 2150/2270/2150
f 2150/2270/2150 2159/2279/2159 2158/2278/2158
f 2159/2279/2159 2150/2270/2150 2151/2271/2151
f 2151/2271/2151 2160/2280/2160 2159/2279/2159
f 2160/2280/2160 2151/2271/2151 2152/2272/2152
f 2152/2272/2152 2161/2281/2161 2160/2280/2160
f 2161/2281/2161 2152/2272/2152 2153/2273/2153
f 2153/2273/2153 2162/2282/2162 2161/2281/2161
f 2162/2282/2162 2153/2273/2153 2154/2274/2154
f 2154/2274/2154 2163/2283/2163 2162/2282/2162
f 2163/2283/2163 2154/2274/2154 2155/2275/2155
f 2155/2275/2155 2164/2284/2164 2163/2283/2163
f 2165/2285/2165 2157/2277/2157 2158/2278/2158
f 2158/2278/2158 2166/2286/2166 2165/2285/2165
f 2166/2286/2166 2158/2278/2158 2159/2279/2159
f 2159/2279/2159 2167/2287/2167 2166/2286/2166
f 2167/2287/2167 2159/2279/2159 2160/2280/2160
f 2160/2280/2160 2168/2288/2168 2167/2287/2167
f 2168/2288/2168 2160/2280/2160 2161/2281/2161
f 2161/2281/2161 2169/2289/2169 2168/2288/2168
f 2169/2289/2169 2161/2281/2161 2162/2282/2162
f 2162/2282/2162 2170/2290/2170 2169/2289/2169
f 2170/2290/2170 2162/2282/2162 2163/2283/2163
f 2163/2283/2163 2171/2291/2171 2170/2290/2170
f 2171/2291/2171 2163/2283/2163 2164/2284/2164
f 2164/2284/2164 2172/2292/2172 2171/2291/2171
f 2173/2293/2173 2165/2285/2165 2166/2286/2166
f 2166/2286/2166 2174/2294/2174 2173/2293/2173
f 2174/2294/2174 2166/2286/2166 2167/2287/2167
f 2167/2287/2167 2175/2295/2175 2174/2294/2174
f 2175/2295/2175 2167/2287/2167 2168/2288/2168
f 2168/2288/2168 2176/2296/2176 2175/2295/2175
f 2176/2296/2176 2168/2288/2168 2169/2289/2169
f 2169/2289/2169 2177/2297/2177 2176/2296/2176
f 2177/2297/2177 2169/2289/2169 2170/2290/2170
f 2170/2290/2170 2178/2298/2178 2177/2297/2177
f 2178/2298/2178 2170/2290/2170 2171/2291/2171
f 2171/2291/2171 2179/2299/2179 2178/2298/2178
f 2179/2299/2179 2171/2291/2171 2172/2292/2172
f 2172/2292/2172 2180/2300/2180 2179/2299/2179
f 2181/2301/2181 2173/2293/2173 2174/2294/2174
f 2174/2294/2174 2182/2302/2182 2181/2301/2181
f 2182/2302/2182 2174/2294/2174 2175/2295/2175
f 2175/2295/2175 2183/2303/2183 2182/2302/2182
f 2183/2303/2183 2175/2295/2175 2176/2296/2176
f 2176/2296/2176 2184/2304/2184 2183/2303/2183
f 2184/2304/2184 2176/2296/2176 2177/2297/2177
f 2177/2297/2177 2185/2305/2185 2184/2304/2184
f 2185/2305/2185 2177/2297/2177 2178/2298/2178
f 2178/2298/2178 2186/2306/2186 2185/2305/2185
f 2186/2306/2186 2178/2298/2178 2179/2299/2179
f 2179/2299/2179 2187/2307/2187 2186/2306/2186
f 2187/2307/2187 2179/2299/2179 2180/2300/2180
f 2180/2300/2180 2188/2308/2188 2187/2307/2187
f 770/2221/770 900/2309/900 2083/2192/2083
f 2083/2192/2083 900/2309/900 2156/2276/2156
f 2156/2276/2156 900/2309/900 903/2310/903
f 903/2310/903 906/2311/906 2156/2276/2156
f 2156/2276/2156 906/2311/906 2155/2275/2155
f 2155/2275/2155 906/2311/906 2164/2284/2164
f 906/2311/906 909/2312/909 2164/2284/2164
f 909/2312/909 912/2313/912 2164/2284/2164
f 2164/2284/2164 912/2313/912 2172/2292/2172
f 912/2313/912 915/2314/915 2172/2292/2172
f 915/2314/915 918/2315/918 2172/2292/2172
f 2172/2292/2172 918/2315/918 2180/2300/2180
f 918/2315/918 921/2316/921 2180/2300/2180
f 921/2316/921 924/2317/924 2180/2300/2180
f 2180/2300/2180 924/2317/924 2188/2308/2188
f 2188/2308/2188 924/2317/924 927/2318/927
f 2189/2319/2189 1944/2037/1944 1945/2038/1945
f 1945/2038/1945 2190/2320/2190 2189/2319/2189
f 2190/2320/2190 1945/2038/1945 1946/2039/1946
f 1946/2039/1946 2191/2321/2191 2190/2320/2190
f 2191/2321/2191 1946/2039/1946 1947/2040/1947
f 1947/2040/1947 2192/2322/2192 2191/2321/2191
f 2192/2322/2192 1947/2040/1947 1948/2041/1948
f 1948/2041/1948 2193/2323/2193 2192/2322/2192
f 2193/2323/2193 1948/2041/1948 1949/2042/1949
f 1949/2042/1949 2194/2324/2194 2193/2323/2193
f 2194/2324/2194 1949/2042/1949 1950/2043/1950
f 1950/2043/1950 2195/2325/2195 2194/2324/2194
f 2195/2325/2195 1950/2043/1950 1951/2044/1951
f 1951/2044/1951 2196/2326/2196 2195/2325/2195
f 2196/2326/2196 1951/2044/1951 1863/1946/1863
f 1863/1946/1863 2112/2232/2112 2196/2326/2196
f 2197/2327/2197 2189/2319/2189 2190/2320/2190
f 2190/2320/2190 2198/2328/2198 2197/2327/2197
f 2198/2328/2198 2190/2320/2190 2191/2321/2191
f 2191/2321/2191 2199/2329/2199 2198/2328/2198
f 2199/2329/2199 2191/2321/2191 2192/2322/2192
f 2192/2322/2192 2200/2330/2200 2199/2329/2199
f 2200/2330/2200 2192/2322/2192 2193/2323/2193
f 2193/2323/2193 2201/2331/2201 2200/2330/2200
f 2201/2331/2201 2193/2323/2193 2194/2324/2194
f 2194/2324/2194 2202/2332/2202 2201/2331/2201
f 2202/2332/2202 2194/2324/2194 2195/2325/2195
f 2195/2325/2195 2203/2333/2203 2202/2332/2202
f 2203/2333/2203 2195/2325/2195 2196/2326/2196
f 2196/2326/2196 2204/2334/2204 2203/2333/2203
f 2204/2334/2204 2196/2326/2196 2112/2232/2112
f 2112/2232/2112 2121/2241/2121 2204/2334/2204
f 2205/2336/2205 2197/2327/2197 2198/2328/2198
f 2198/2328/2198 2206/2337/2206 2205/2336/2205
f 2206/2337/2206 2198/2328/2198 2199/2329/2199
f 2199/2329/2199 2207/2338/2207 2206/2337/2206
f 2207/2338/2207 2199/2329/2199 2200/2330/2200
f 2200/2330/2200 2208/2339/2208 2207/2338/2207
f 2208/2339/2208 2200/2330/2200 2201/2331/2201
f 2201/2331/2201 2209/2340/2209 2208/2339/2208
f 2209/2340/2209 2201/2331/2201 2202/2332/2202
f 2202/2332/2202 2210/2341/2210 2209/2340/2209
f 2210/2341/2210 2202/2332/2202 2203/2333/2203
f 2203/2333/2203 2211/2342/2211 2210/2341/2210
f 2211/2342/2211 2203/2333/2203 2204/2334/2204
f 2204/2334/2204 2212/2343/2212 2211/2342/2211
f 2212/2343/2212 2204/2334/2204 2121/2241/2121
f 2121/2241/2121 2130/2250/2130 2212/2343/2212
f 1980/2344/1980 1970/2335/1970 2205/2336/2205
f 2205/2336/2205 2213/2345/2213 1980/2344/1980
f 2213/2345/2213 2205/2336/2205 2206/2337/2206
f 2206/2337/2206 2214/2346/2214 2213/2345/2213
f 2214/2346/2214 2206/2337/2206 2207/2338/2207
f 2207/2338/2207 2215/2347/2215 2214/2346/2214
f 2215/2347/2215 2207/2338/2207 2208/2339/2208
f 2208/2339/2208 2216/2348/2216 2215/2347/2215
f 2216/2348/2216 2208/2339/2208 2209/2340/2209
f 2209/2340/2209 2217/2349/2217 2216/2348/2216
f 2217/2349/2217 2209/2340/2209 2210/2341/2210
f 2210/2341/2210 2218/2350/2218 2217/2349/2217
f 2218/2350/2218 2210/2341/2210 2211/2342/2211
f 2211/2342/2211 2219/2351/2219 2218/2350/2218
f 2219/2351/2219 2211/2342/2211 2212/2343/2212
f 2212/2343/2212 2220/2352/2220 2219/2351/2219
f 2220/2352/2220 2212/2343/2212 2130/2250/2130
f 2130/2250/2130 2139/2259/2139 2220/2352/2220
f 1990/2353/1990 1980/2344/1980 2213/2345/2213
f 2213/2345/2213 2221/2354/2221 1990/2353/1990
f 2221/2354/2221 2213/2345/2213 2214/2346/2214
f 2214/2346/2214 2222/2355/2222 2221/2354/2221
f 2222/2355/2222 2214/2346/2214 2215/2347/2215
f 2215/2347/2215 2223/2356/2223 2222/2355/2222
f 2223/2356/2223 2215/2347/2215 2216/2348/2216
f 2216/2348/2216 2224/2357/2224 2223/2356/2223
f 2224/2357/2224 2216/2348/2216 2217/2349/2217
f 2217/2349/2217 2225/2358/2225 2224/2357/2224
f 2225/2358/2225 2217/2349/2217 2218/2350/2218
f 2218/2350/2218 2226/2359/2226 2225/2358/2225
f 2226/2359/2226 2218/2350/2218 2219/2351/2219
f 2219/2351/2219 2227/2360/2227 2226/2359/2226
f 2227/2360/2227 2219/2351/2219 2220/2352/2220
f 2220/2352/2220 2228/2361/2228 2227/2360/2227
f 2228/2361/2228 2220/2352/2220 2139/2259/2139
f 2139/2259/2139 2148/2268/2148 2228/2361/2228
f 2000/2362/2000 1990/2353/1990 2221/2354/2221
f 2221/2354/2221 2229/2363/2229 2000/2362/2000
f 2229/2363/2229 2221/2354/2221 2222/2355/2222
f 2222/2355/2222 2230/2364/2230 2229/2363/2229
f 2230/2364/2230 2222/2355/2222 2223/2356/2223
f 2223/2356/2223 2231/2365/2231 2230/2364/2230
f 2231/2365/2231 2223/2356/2223 2224/2357/2224
f 2224/2357/2224 2232/2366/2232 2231/2365/2231
f 2232/2366/2232 2224/2357/2224 2225/2358/2225
f 2225/2358/2225 2233/2367/2233 2232/2366/2232
f 2233/2367/2233 2225/2358/2225 2226/2359/2226
f 2226/2359/2226 2234/2368/2234 2233/2367/2233
f 2234/2368/2234 2226/2359/2226 2227/2360/2227
f 2227/2360/2227 2235/2369/2235 2234/2368/2234
f 2235/2369/2235 2227/2360/2227 2228/2361/2228
f 2228/2361/2228 2236/2370/2236 2235/2369/2235
f 2236/2370/2236 2228/2361/2228 2148/2268/2148
f 2148/2268/2148 2157/2277/2157 2236/2370/2236
f 2010/2371/2010 2000/2362/2000 2229/2363/2229
f 2229/2363/2229 2237/2372/2237 2010/2371/2010
f 2237/2372/2237 2229/2363/2229 2230/2364/2230
f 2230/2364/2230 2238/2373/2238 2237/2372/2237
f 2238/2373/2238 2230/2364/2230 2231/2365/2231
f 2231/2365/2231 2239/2374/2239 2238/2373/2238
f 2239/2374/2239 2231/2365/2231 2232/2366/2232
f 2232/2366/2232 2240/2375/2240 2239/2374/2239
f 2240/2375/2240 2232/2366/2232 2233/2367/2233
f 2233/2367/2233 2241/2376/2241 2240/2375/2240
f 2241/2376/2241 2233/2367/2233 2234/2368/2234
f 2234/2368/2234 2242/2377/2242 2241/2376/2241
f 2242/2377/2242 2234/2368/2234 2235/2369/2235
f 2235/2369/2235 2243/2378/2243 2242/2377/2242
f 2243/2378/2243 2235/2369/2235 2236/2370/2236
f 2236/2370/2236 2244/2379/2244 2243/2378/2243
f 2244/2379/2244 2236/2370/2236 2157/2277/2157
f 2157/2277/2157 2165/2285/2165 2244/2379/2244
f 2020/2380/2020 2010/2371/2010 2237/2372/2237
f 2237/2372/2237 2245/2381/2245 2020/2380/2020
f 2245/2381/2245 2237/2372/2237 2238/2373/2238
f 2238/2373/2238 2246/2382/2246 2245/2381/2245
f 2246/2382/2246 2238/2373/2238 2239/2374/2239
f 2239/2374/2239 2247/2383/2247 2246/2382/2246
f 2247/2383/2247 2239/2374/2239 2240/2375/2240
f 2240/2375/2240 2248/2384/2248 2247/2383/2247
f 2248/2384/2248 2240/2375/2240 2241/2376/2241
f 2241/2376/2241 2249/2385/2249 2248/2384/2248
f 2249/2385/2249 2241/2376/2241 2242/2377/2242
f 2242/2377/2242 2250/2386/2250 2249/2385/2249
f 2250/2386/2250 2242/2377/2242 2243/2378/2243
f 2243/2378/2243 2251/2387/2251 2250/2386/2250
f 2251/2387/2251 2243/2378/2243 2244/2379/2244
f 2244/2379/2244 2252/2388/2252 2251/2387/2251
f 2252/2388/2252 2244/2379/2244 2165/2285/2165
f 2165/2285/2165 2173/2293/2173 2252/2388/2252
f 2253/2389/2253 2245/2381/2245 2246/2382/2246
f 2246/2382/2246 2254/2390/2254 2253/2389/2253
f 2254/2390/2254 2246/2382/2246 2247/2383/2247
f 2247/2383/2247 2255/2391/2255 2254/2390/2254
f 2255/2391/2255 2247/2383/2247 2248/2384/2248
f 2248/2384/2248 2256/2392/2256 2255/2391/2255
f 2256/2392/2256 2248/2384/2248 2249/2385/2249
f 2249/2385/2249 2257/2393/2257 2256/2392/2256
f 2257/2393/2257 2249/2385/2249 2250/2386/2250
f 2250/2386/2250 2258/2394/2258 2257/2393/2257
f 2258/2394/2258 2250/2386/2250 2251/2387/2251
f 2251/2387/2251 2259/2395/2259 2258/2394/2258
f 2259/2395/2259 2251/2387/2251 2252/2388/2252
f 2252/2388/2252 2260/2396/2260 2259/2395/2259
f 2260/2396/2260 2252/2388/2252 2173/2293/2173
f 2173/2293/2173 2181/2301/2181 2260/2396/2260
f 1682/2036/1682 223/2398/223 105/2397/105
f 1944/2037/1944 223/2398/223 1682/2036/1682
f 1944/2037/1944 226/2399/226 223/2398/223
f 2189/2319/2189 226/2399/226 1944/2037/1944
f 2189/2319/2189 229/2400/229 226/2399/226
f 2189/2319/2189 232/2401/232 229/2400/229
f 235/2402/235 232/2401/232 2189/2319/2189
f 238/2403/238 235/2402/235 2197/2327/2197
f 2197/2327/2197 235/2402/235 2189/2319/2189
f 2197/2327/2197 241/2404/241 238/2403/238
f 2197/2327/2197 244/2405/244 241/2404/241
f 2205/2336/2205 244/2405/244 2197/2327/2197
f 2205/2336/2205 247/2406/247 244/2405/244
f 2205/2336/2205 250/2407/250 247/2406/247
f 1970/2335/1970 250/2407/250 2205/2336/2205
f 1970/2335/1970 138/2408/138 250/2407/250
f 2020/2380/2020 460/2410/460 346/2409/346
f 2245/2381/2245 460/2410/460 2020/2380/2020
f 2245/2381/2245 463/2411/463 460/2410/460
f 2253/2389/2253 463/2411/463 2245/2381/2245
f 2253/2389/2253 466/2412/466 463/2411/463
f 2031/2124/2031 2030/2123/2030 2261/2413/2261
f 2261/2413/2261 2262/2414/2262 2031/2124/2031
f 2032/2125/2032 2031/2124/2031 2262/2414/2262
f 2262/2414/2262 2263/2415/2263 2032/2125/2032
f 2033/2126/2033 2032/2125/2032 2263/2415/2263
f 2263/2415/2263 2264/2416/2264 2033/2126/2033
f 2034/2127/2034 2033/2126/2033 2264/2416/2264
f 2264/2416/2264 2265/2417/2265 2034/2127/2034
f 2035/2128/2035 2034/2127/2034 2265/2417/2265
f 2265/2417/2265 2266/2418/2266 2035/2128/2035
f 2036/2129/2036 2035/2128/2035 2266/2418/2266
f 2266/2418/2266 2267/2419/2267 2036/2129/2036
f 2037/2130/2037 2036/2129/2036 2267/2419/2267
f 2267/2419/2267 2268/2420/2268 2037/2130/2037
f 2038/2131/2038 2037/2130/2037 2268/2420/2268
f 2268/2420/2268 2269/2421/2269 2038/2131/2038
f 2262/2414/2262 2261/2413/2261 2270/2422/2270
f 2270/2422/2270 2271/2423/2271 2262/2414/2262
f 2263/2415/2263 2262/2414/2262 2271/2423/2271
f 2271/2423/2271 2272/2424/2272 2263/2415/2263
f 2264/2416/2264 2263/2415/2263 2272/2424/2272
f 2272/2424/2272 2273/2425/2273 2264/2416/2264
f 2265/2417/2265 2264/2416/2264 2273/2425/2273
f 2273/2425/2273 2274/2426/2274 2265/2417/2265
f 2266/2418/2266 2265/2417/2265 2274/2426/2274
f 2274/2426/2274 2275/2427/2275 2266/2418/2266
f 2267/2419/2267 2266/2418/2266 2275/2427/2275
f 2275/2427/2275 2276/2428/2276 2267/2419/2267
f 2268/2420/2268 2267/2419/2267 2276/2428/2276
f 2276/2428/2276 2277/2429/2277 2268/2420/2268
f 2269/2421/2269 2268/2420/2268 2277/2429/2277
f 2277/2429/2277 2278/2430/2278 2269/2421/2269
f 2271/2423/2271 2270/2422/2270 2280/2432/2280
f 2280/2432/2280 2281/2433/2281 2271/2423/2271
f 2272/2424/2272 2271/2423/2271 2281/2433/2281
f 2281/2433/2281 2282/2434/2282 2272/2424/2272
f 2273/2425/2273 2272/2424/2272 2282/2434/2282
f 2282/2434/2282 2283/2435/2283 2273/2425/2273
f 2274/2426/2274 2273/2425/2273 2283/2435/2283
f 2283/2435/2283 2284/2436/2284 2274/2426/2274
f 2275/2427/2275 2274/2426/2274 2284/2436/2284
f 2284/2436/2284 2285/2437/2285 2275/2427/2275
f 2276/2428/2276 2275/2427/2275 2285/2437/2285
f 2285/2437/2285 2286/2438/2286 2276/2428/2276
f 2277/2429/2277 2276/2428/2276 2286/2438/2286
f 2286/2438/2286 2287/2439/2287 2277/2429/2277
f 2278/2430/2278 2277/2429/2277 2287/2439/2287
f 2287/2439/2287 2288/2440/2288 2278/2430/2278
f 2280/2432/2280 2279/2431/2279 2289/2441/2289
f 2289/2441/2289 2290/2442/2290 2280/2432/2280
f 2281/2433/2281 2280/2432/2280 2290/2442/2290
f 2290/2442/2290 2291/2443/2291 2281/2433/2281
f 2282/2434/2282 2281/2433/2281 2291/2443/2291
f 2291/2443/2291 2292/2444/2292 2282/2434/2282
f 2283/2435/2283 2282/2434/2282 2292/2444/2292
f 2292/2444/2292 2293/2445/2293 2283/2435/2283
f 2284/2436/2284 2283/2435/2283 2293/2445/2293
f 2293/2445/2293 2294/2446/2294 2284/2436/2284
f 2285/2437/2285 2284/2436/2284 2294/2446/2294
f 2294/2446/2294 2295/2447/2295 2285/2437/2285
f 2286/2438/2286 2285/2437/2285 2295/2447/2295
f 2295/2447/2295 2296/2448/2296 2286/2438/2286
f 2287/2439/2287 2286/2438/2286 2296/2448/2296
f 2296/2448/2296 2297/2449/2297 2287/2439/2287
f 2288/2440/2288 2287/2439/2287 2297/2449/2297
f 2297/2449/2297 2298/2450/2298 2288/2440/2288
f 2290/2442/2290 2289/2441/2289 2299/2451/2299
f 2299/2451/2299 2300/2452/2300 2290/2442/2290
f 2291/2443/2291 2290/2442/2290 2300/2452/2300
f 2300/2452/2300 2301/2453/2301 2291/2443/2291
f 2292/2444/2292 2291/2443/2291 2301/2453/2301
f 2301/2453/2301 2302/2454/2302 2292/2444/2292
f 2293/2445/2293 2292/2444/2292 2302/2454/2302
f 2302/2454/2302 2303/2455/2303 2293/2445/2293
f 2294/2446/2294 2293/2445/2293 2303/2455/2303
f 2303/2455/2303 2304/2456/2304 2294/2446/2294
f 2295/2447/2295 2294/2446/2294 2304/2456/2304
f 2304/2456/2304 2305/2457/2305 2295/2447/2295
f 2296/2448/2296 2295/2447/2295 2305/2457/2305
f 2305/2457/2305 2306/2458/2306 2296/2448/2296
f 2297/2449/2297 2296/2448/2296 2306/2458/2306
f 2306/2458/2306 2307/2459/2307 2297/2449/2297
f 2298/2450/2298 2297/2449/2297 2307/2459/2307
f 2307/2459/2307 2308/2460/2308 2298/2450/2298
f 2300/2452/2300 2299/2451/2299 2309/2461/2309
f 2309/2461/2309 2310/2462/2310 2300/2452/2300
f 2301/2453/2301 2300/2452/2300 2310/2462/2310
f 2310/2462/2310 2311/2463/2311 2301/2453/2301
f 2302/2454/2302 2301/2453/2301 2311/2463/2311
f 2311/2463/2311 2312/2464/2312 2302/2454/2302
f 2303/2455/2303 2302/2454/2302 2312/2464/2312
f 2312/2464/2312 2313/2465/2313 2303/2455/2303
f 2304/2456/2304 2303/2455/2303 2313/2465/2313
f 2313/2465/2313 2314/2466/2314 2304/2456/2304
f 2305/2457/2305 2304/2456/2304 2314/2466/2314
f 2314/2466/2314 2315/2467/2315 2305/2457/2305
f 2306/2458/2306 2305/2457/2305 2315/2467/2315
f 2315/2467/2315 2316/2468/2316 2306/2458/2306
f 2307/2459/2307 2306/2458/2306 2316/2468/2316
f 2316/2468/2316 2317/2469/2317 2307/2459/2307
f 2308/2460/2308 2307/2459/2307 2317/2469/2317
f 2317/2469/2317 2318/2470/2318 2308/2460/2308
f 2310/2462/2310 2309/2461/2309 2319/2471/2319
f 2319/2471/2319 2320/2472/2320 2310/2462/2310
f 2311/2463/2311 2310/2462/2310 2320/2472/2320
f 2320/2472/2320 2321/2473/2321 2311/2463/2311
f 2312/2464/2312 2311/2463/2311 2321/2473/2321
f 2321/2473/2321 2322/2474/2322 2312/2464/2312
f 2313/2465/2313 2312/2464/2312 2322/2474/2322
f 2322/2474/2322 2323/2475/2323 2313/2465/2313
f 2314/2466/2314 2313/2465/2313 2323/2475/2323
f 2323/2475/2323 2324/2476/2324 2314/2466/2314
f 2315/2467/2315 2314/2466/2314 2324/2476/2324
f 2324/2476/2324 2325/2477/2325 2315/2467/2315
f 2316/2468/2316 2315/2467/2315 2325/2477/2325
f 2325/2477/2325 2326/2478/2326 2316/2468/2316
f 2317/2469/2317 2316/2468/2316 2326/2478/2326
f 2326/2478/2326 2327/2479/2327 2317/2469/2317
f 2318/2470/2318 2317/2469/2317 2327/2479/2327
f 2327/2479/2327 2328/2480/2328 2318/2470/2318
f 2320/2472/2320 2319/2471/2319 2329/2481/2329
f 2329/2481/2329 2330/2482/2330 2320/2472/2320
f 2321/2473/2321 2320/2472/2320 2330/2482/2330
f 2330/2482/2330 2331/2483/2331 2321/2473/2321
f 2322/2474/2322 2321/2473/2321 2331/2483/2331
f 2331/2483/2331 2332/2484/2332 2322/2474/2322
f 2323/2475/2323 2322/2474/2322 2332/2484/2332
f 2332/2484/2332 2333/2485/2333 2323/2475/2323
f 2324/2476/2324 2323/2475/2323 2333/2485/2333
f 2333/2485/2333 2334/2486/2334 2324/2476/2324
f 2325/2477/2325 2324/2476/2324 2334/2486/2334
f 2334/2486/2334 2335/2487/2335 2325/2477/2325
f 2326/2478/2326 2325/2477/2325 2335/2487/2335
f 2335/2487/2335 2336/2488/2336 2326/2478/2326
f 2327/2479/2327 2326/2478/2326 2336/2488/2336
f 2336/2488/2336 2337/2489/2337 2327/2479/2327
f 2328/2480/2328 2327/2479/2327 2337/2489/2337
f 2337/2489/2337 2338/2490/2338 2328/2480/2328
f 2330/2482/2330 2329/2481/2329 2339/2491/2339
f 2339/2491/2339 2340/2492/2340 2330/2482/2330
f 2331/2483/2331 2330/2482/2330 2340/2492/2340
f 2340/2492/2340 2341/2493/2341 2331/2483/2331
f 2332/2484/2332 2331/2483/2331 2341/2493/2341
f 2341/2493/2341 2342/2494/2342 2332/2484/2332
f 2333/2485/2333 2332/2484/2332 2342/2494/2342
f 2342/2494/2342 2343/2495/2343 2333/2485/2333
f 2334/2486/2334 2333/2485/2333 2343/2495/2343
f 2343/2495/2343 2344/2496/2344 2334/2486/2334
f 2335/2487/2335 2334/2486/2334 2344/2496/2344
f 2344/2496/2344 2345/2497/2345 2335/2487/2335
f 2336/2488/2336 2335/2487/2335 2345/2497/2345
f 2345/2497/2345 2346/2498/2346 2336/2488/2336
f 2337/2489/2337 2336/2488/2336 2346/2498/2346
f 2346/2498/2346 2347/2499/2347 2337/2489/2337
f 2338/2490/2338 2337/2489/2337 2347/2499/2347
f 2347/2499/2347 2348/2500/2348 2338/2490/2338
f 358/2501/358 2030/2123/2030 355/2147/355
f 361/2502/361 2030/2123/2030 358/2501/358
f 361/2502/361 2261/2413/2261 2030/2123/2030
f 364/2503/364 2261/2413/2261 361/2502/361
f 367/2504/367 2261/2413/2261 364/2503/364
f 367/2504/367 2270/2422/2270 2261/2413/2261
f 370/2505/370 2270/2422/2270 367/2504/367
f 370/2505/370 373/2506/373 2270/2422/2270
f 373/2506/373 376/2507/376 2270/2422/2270
f 379/2508/379 2270/2422/2270 376/2507/376
f 379/2508/379 2280/2432/2280 2270/2422/2270
f 379/2508/379 2279/2431/2279 2280/2432/2280
f 382/2509/382 2279/2431/2279 379/2508/379
f 2105/2214/2105 2038/2131/2038 2269/2421/2269
f 2269/2421/2269 2349/2510/2349 2105/2214/2105
f 2106/2215/2106 2105/2214/2105 2349/2510/2349
f 2349/2510/2349 2350/2511/2350 2106/2215/2106
f 2107/2216/2107 2106/2215/2106 2350/2511/2350
f 2350/2511/2350 2351/2512/2351 2107/2216/2107
f 2108/2217/2108 2107/2216/2107 2351/2512/2351
f 2351/2512/2351 2352/2513/2352 2108/2217/2108
f 2109/2218/2109 2108/2217/2108 2352/2513/2352
f 2352/2513/2352 2353/2514/2353 2109/2218/2109
f 2110/2219/2110 2109/2218/2109 2353/2514/2353
f 2353/2514/2353 2354/2515/2354 2110/2219/2110
f 2111/2220/2111 2110/2219/2110 2354/2515/2354
f 2354/2515/2354 2355/2516/2355 2111/2220/2111
f 2349/2510/2349 2269/2421/2269 2278/2430/2278
f 2278/2430/2278 2356/2517/2356 2349/2510/2349
f 2350/2511/2350 2349/2510/2349 2356/2517/2356
f 2356/2517/2356 2357/2518/2357 2350/2511/2350
f 2351/2512/2351 2350/2511/2350 2357/2518/2357
f 2357/2518/2357 2358/2519/2358 2351/2512/2351
f 2352/2513/2352 2351/2512/2351 2358/2519/2358
f 2358/2519/2358 2359/2520/2359 2352/2513/2352
f 2353/2514/2353 2352/2513/2352 2359/2520/2359
f 2359/2520/2359 2360/2521/2360 2353/2514/2353
f 2354/2515/2354 2353/2514/2353 2360/2521/2360
f 2360/2521/2360 2361/2522/2361 2354/2515/2354
f 2355/2516/2355 2354/2515/2354 2361/2522/2361
f 2361/2522/2361 2362/2523/2362 2355/2516/2355
f 2356/2517/2356 2278/2430/2278 2288/2440/2288
f 2288/2440/2288 2365/2526/2365 2356/2517/2356
f 2357/2518/2357 2356/2517/2356 2365/2526/2365
f 2365/2526/2365 2366/2527/2366 2357/2518/2357
f 2358/2519/2358 2357/2518/2357 2366/2527/2366
f 2366/2527/2366 2367/2528/2367 2358/2519/2358
f 2359/2520/2359 2358/2519/2358 2367/2528/2367
f 2367/2528/2367 2368/2529/2368 2359/2520/2359
f 2360/2521/2360 2359/2520/2359 2368/2529/2368
f 2368/2529/2368 2369/2530/2369 2360/2521/2360
f 2361/2522/2361 2360/2521/2360 2369/2530/2369
f 2369/2530/2369 2370/2531/2370 2361/2522/2361
f 2362/2523/2362 2361/2522/2361 2370/2531/2370
f 2370/2531/2370 2371/2532/2371 2362/2523/2362
f 2363/2524/2363 2362/2523/2362 2371/2532/2371
f 2371/2532/2371 2372/2533/2372 2363/2524/2363
f 2364/2525/2364 2363/2524/2363 2372/2533/2372
f 2372/2533/2372 2373/2534/2373 2364/2525/2364
f 2365/2526/2365 2288/2440/2288 2298/2450/2298
f 2298/2450/2298 2374/2535/2374 2365/2526/2365
f 2366/2527/2366 2365/2526/2365 2374/2535/2374
f 2374/2535/2374 2375/2536/2375 2366/2527/2366
f 2367/2528/2367 2366/2527/2366 2375/2536/2375
f 2375/2536/2375 2376/2537/2376 2367/2528/2367
f 2368/2529/2368 2367/2528/2367 2376/2537/2376
f 2376/2537/2376 2377/2538/2377 2368/2529/2368
f 2369/2530/2369 2368/2529/2368 2377/2538/2377
f 2377/2538/2377 2378/2539/2378 2369/2530/2369
f 2370/2531/2370 2369/2530/2369 2378/2539/2378
f 2378/2539/2378 2379/2540/2379 2370/2531/2370
f 2371/2532/2371 2370/2531/2370 2379/2540/2379
f 2379/2540/2379 2380/2541/2380 2371/2532/2371
f 2372/2533/2372 2371/2532/2371 2380/2541/2380
f 2380/2541/2380 2381/2542/2381 2372/2533/2372
f 2373/2534/2373 2372/2533/2372 2381/2542/2381
f 2381/2542/2381 2382/2543/2382 2373/2534/2373
f 2374/2535/2374 2298/2450/2298 2308/2460/2308
f 2308/2460/2308 2383/2544/2383 2374/2535/2374
f 2375/2536/2375 2374/2535/2374 2383/2544/2383
f 2383/2544/2383 2384/2545/2384 2375/2536/2375
f 2376/2537/2376 2375/2536/2375 2384/2545/2384
f 2384/2545/2384 2385/2546/2385 2376/2537/2376
f 2377/2538/2377 2376/2537/2376 2385/2546/2385
f 2385/2546/2385 2386/2547/2386 2377/2538/2377
f 2378/2539/2378 2377/2538/2377 2386/2547/2386
f 2386/2547/2386 2387/2548/2387 2378/2539/2378
f 2379/2540/2379 2378/2539/2378 2387/2548/2387
f 2387/2548/2387 2388/2549/2388 2379/2540/2379
f 2380/2541/2380 2379/2540/2379 2388/2549/2388
f 2388/2549/2388 2389/2550/2389 2380/2541/2380
f 2381/2542/2381 2380/2541/2380 2389/2550/2389
f 2389/2550/2389 2390/2551/2390 2381/2542/2381
f 2382/2543/2382 2381/2542/2381 2390/2551/2390
f 2390/2551/2390 2391/2552/2391 2382/2543/2382
f 2383/2544/2383 2308/2460/2308 2318/2470/2318
f 2318/2470/2318 2392/2553/2392 2383/2544/2383
f 2384/2545/2384 2383/2544/2383 2392/2553/2392
f 2392/2553/2392 2393/2554/2393 2384/2545/2384
f 2385/2546/2385 2384/2545/2384 2393/2554/2393
f 2393/2554/2393 2394/2555/2394 2385/2546/2385
f 2386/2547/2386 2385/2546/2385 2394/2555/2394
f 2394/2555/2394 2395/2556/2395 2386/2547/2386
f 2387/2548/2387 2386/2547/2386 2395/2556/2395
f 2395/2556/2395 2396/2557/2396 2387/2548/2387
f 2388/2549/2388 2387/2548/2387 2396/2557/2396
f 2396/2557/2396 2397/2558/2397 2388/2549/2388
f 2389/2550/2389 2388/2549/2388 2397/2558/2397
f 2397/2558/2397 2398/2559/2398 2389/2550/2389
f 2390/2551/2390 2389/2550/2389 2398/2559/2398
f 2398/2559/2398 2399/2560/2399 2390/2551/2390
f 2391/2552/2391 2390/2551/2390 2399/2560/2399
f 2399/2560/2399 2400/2561/2400 2391/2552/2391
f 2392/2553/2392 2318/2470/2318 2328/2480/2328
f 2328/2480/2328 2401/2562/2401 2392/2553/2392
f 2393/2554/2393 2392/2553/2392 2401/2562/2401
f 2401/2562/2401 2402/2563/2402 2393/2554/2393
f 2394/2555/2394 2393/2554/2393 2402/2563/2402
f 2402/2563/2402 2403/2564/2403 2394/2555/2394
f 2395/2556/2395 2394/2555/2394 2403/2564/2403
f 2403/2564/2403 2404/2565/2404 2395/2556/2395
f 2396/2557/2396 2395/2556/2395 2404/2565/2404
f 2404/2565/2404 2405/2566/2405 2396/2557/2396
f 2397/2558/2397 2396/2557/2396 2405/2566/2405
f 2405/2566/2405 2406/2567/2406 2397/2558/2397
f 2398/2559/2398 2397/2558/2397 2406/2567/2406
f 2406/2567/2406 2407/2568/2407 2398/2559/2398
f 2399/2560/2399 2398/2559/2398 2407/2568/2407
f 2407/2568/2407 2408/2569/2408 2399/2560/2399
f 2400/2561/2400 2399/2560/2399 2408/2569/2408
f 2408/2569/2408 2409/2570/2409 2400/2561/2400
f 2401/2562/2401 2328/2480/2328 2338/2490/2338
f 2338/2490/2338 2410/2571/2410 2401/2562/2401
f 2402/2563/2402 2401/2562/2401 2410/2571/2410
f 2410/2571/2410 2411/2572/2411 2402/2563/2402
f 2403/2564/2403 2402/2563/2402 2411/2572/2411
f 2411/2572/2411 2412/2573/2412 2403/2564/2403
f 2404/2565/2404 2403/2564/2403 2412/2573/2412
f 2412/2573/2412 2413/2574/2413 2404/2565/2404
f 2405/2566/2405 2404/2565/2404 2413/2574/2413
f 2413/2574/2413 2414/2575/2414 2405/2566/2405
f 2406/2567/2406 2405/2566/2405 2414/2575/2414
f 2414/2575/2414 2415/2576/2415 2406/2567/2406
f 2407/2568/2407 2406/2567/2406 2415/2576/2415
f 2415/2576/2415 2416/2577/2416 2407/2568/2407
f 2408/2569/2408 2407/2568/2407 2416/2577/2416
f 2416/2577/2416 2417/2578/2417 2408/2569/2408
f 2409/2570/2409 2408/2569/2408 2417/2578/2417
f 2417/2578/2417 2418/2579/2418 2409/2570/2409
f 2410/2571/2410 2338/2490/2338 2348/2500/2348
f 2348/2500/2348 2419/2580/2419 2410/2571/2410
f 2411/2572/2411 2410/2571/2410 2419/2580/2419
f 2419/2580/2419 2420/2581/2420 2411/2572/2411
f 2412/2573/2412 2411/2572/2411 2420/2581/2420
f 2420/2581/2420 2421/2582/2421 2412/2573/2412
f 2413/2574/2413 2412/2573/2412 2421/2582/2421
f 2421/2582/2421 2422/2583/2422 2413/2574/2413
f 2414/2575/2414 2413/2574/2413 2422/2583/2422
f 2422/2583/2422 2423/2584/2423 2414/2575/2414
f 2415/2576/2415 2414/2575/2414 2423/2584/2423
f 2423/2584/2423 2424/2585/2424 2415/2576/2415
f 2416/2577/2416 2415/2576/2415 2424/2585/2424
f 2424/2585/2424 2425/2586/2425 2416/2577/2416
f 2417/2578/2417 2416/2577/2416 2425/2586/2425
f 2425/2586/2425 2426/2587/2426 2417/2578/2417
f 2418/2579/2418 2417/2578/2417 2426/2587/2426
f 2426/2587/2426 2427/2588/2427 2418/2579/2418
f 803/2589/803 800/2231/800 2111/2220/2111
f 803/2589/803 2111/2220/2111 2355/2516/2355
f 803/2589/803 2355/2516/2355 806/2590/806
f 806/2590/806 2363/2524/2363 809/2591/809
f 806/2590/806 2362/2523/2362 2363/2524/2363
f 806/2590/806 2355/2516/2355 2362/2523/2362
f 812/2592/812 809/2591/809 2363/2524/2363
f 812/2592/812 2363/2524/2363 815/2593/815
f 818/2594/818 815/2593/815 2363/2524/2363
f 818/2594/818 2363/2524/2363 2364/2525/2364
f 2428/2595/2428 2181/2301/2181 2182/2302/2182
f 2182/2302/2182 2429/2596/2429 2428/2595/2428
f 2429/2596/2429 2182/2302/2182 2183/2303/2183
f 2183/2303/2183 2430/2597/2430 2429/2596/2429
f 2430/2597/2430 2183/2303/2183 2184/2304/2184
f 2184/2304/2184 2431/2598/2431 2430/2597/2430
f 2431/2598/2431 2184/2304/2184 2185/2305/2185
f 2185/2305/2185 2432/2599/2432 2431/2598/2431
f 2432/2599/2432 2185/2305/2185 2186/2306/2186
f 2186/2306/2186 2433/2600/2433 2432/2599/2432
f 2433/2600/2433 2186/2306/2186 2187/2307/2187
f 2187/2307/2187 2434/2601/2434 2433/2600/2433
f 2434/2601/2434 2187/2307/2187 2188/2308/2188
f 2188/2308/2188 2435/2602/2435 2434/2601/2434
f 2436/2603/2436 2428/2595/2428 2429/2596/2429
f 2429/2596/2429 2437/2604/2437 2436/2603/2436
f 2437/2604/2437 2429/2596/2429 2430/2597/2430
f 2430/2597/2430 2438/2605/2438 2437/2604/2437
f 2438/2605/2438 2430/2597/2430 2431/2598/2431
f 2431/2598/2431 2439/2606/2439 2438/2605/2438
f 2439/2606/2439 2431/2598/2431 2432/2599/2432
f 2432/2599/2432 2440/2607/2440 2439/2606/2439
f 2440/2607/2440 2432/2599/2432 2433/2600/2433
f 2433/2600/2433 2441/2608/2441 2440/2607/2440
f 2441/2608/2441 2433/2600/2433 2434/2601/2434
f 2434/2601/2434 2442/2609/2442 2441/2608/2441
f 2442/2609/2442 2434/2601/2434 2435/2602/2435
f 2435/2602/2435 2443/2610/2443 2442/2609/2442
f 2445/2612/2445 2436/2603/2436 2437/2604/2437
f 2437/2604/2437 2446/2613/2446 2445/2612/2445
f 2446/2613/2446 2437/2604/2437 2438/2605/2438
f 2438/2605/2438 2447/2614/2447 2446/2613/2446
f 2447/2614/2447 2438/2605/2438 2439/2606/2439
f 2439/2606/2439 2448/2615/2448 2447/2614/2447
f 2448/2615/2448 2439/2606/2439 2440/2607/2440
f 2440/2607/2440 2449/2616/2449 2448/2615/2448
f 2449/2616/2449 2440/2607/2440 2441/2608/2441
f 2441/2608/2441 2450/2617/2450 2449/2616/2449
f 2450/2617/2450 2441/2608/2441 2442/2609/2442
f 2442/2609/2442 2451/2618/2451 2450/2617/2450
f 2451/2618/2451 2442/2609/2442 2443/2610/2443
f 2443/2610/2443 2452/2619/2452 2451/2618/2451
f 2452/2619/2452 2443/2610/2443 2444/2611/2444
f 2444/2611/2444 2453/2620/2453 2452/2619/2452
f 2453/2620/2453 2444/2611/2444 2364/2525/2364
f 2364/2525/2364 2373/2534/2373 2453/2620/2453
f 2454/2621/2454 2445/2612/2445 2446/2613/2446
f 2446/2613/2446 2455/2622/2455 2454/2621/2454
f 2455/2622/2455 2446/2613/2446 2447/2614/2447
f 2447/2614/2447 2456/2623/2456 2455/2622/2455
f 2456/2623/2456 2447/2614/2447 2448/2615/2448
f 2448/2615/2448 2457/2624/2457 2456/2623/2456
f 2457/2624/2457 2448/2615/2448 2449/2616/2449
f 2449/2616/2449 2458/2625/2458 2457/2624/2457
f 2458/2625/2458 2449/2616/2449 2450/2617/2450
f 2450/2617/2450 2459/2626/2459 2458/2625/2458
f 2459/2626/2459 2450/2617/2450 2451/2618/2451
f 2451/2618/2451 2460/2627/2460 2459/2626/2459
f 2460/2627/2460 2451/2618/2451 2452/2619/2452
f 2452/2619/2452 2461/2628/2461 2460/2627/2460
f 2461/2628/2461 2452/2619/2452 2453/2620/2453
f 2453/2620/2453 2462/2629/2462 2461/2628/2461
f 2462/2629/2462 2453/2620/2453 2373/2534/2373
f 2373/2534/2373 2382/2543/2382 2462/2629/2462
f 2463/2630/2463 2454/2621/2454 2455/2622/2455
f 2455/2622/2455 2464/2631/2464 2463/2630/2463
f 2464/2631/2464 2455/2622/2455 2456/2623/2456
f 2456/2623/2456 2465/2632/2465 2464/2631/2464
f 2465/2632/2465 2456/2623/2456 2457/2624/2457
f 2457/2624/2457 2466/2633/2466 2465/2632/2465
f 2466/2633/2466 2457/2624/2457 2458/2625/2458
f 2458/2625/2458 2467/2634/2467 2466/2633/2466
f 2467/2634/2467 2458/2625/2458 2459/2626/2459
f 2459/2626/2459 2468/2635/2468 2467/2634/2467
f 2468/2635/2468 2459/2626/2459 2460/2627/2460
f 2460/2627/2460 2469/2636/2469 2468/2635/2468
f 2469/2636/2469 2460/2627/2460 2461/2628/2461
f 2461/2628/2461 2470/2637/2470 2469/2636/2469
f 2470/2637/2470 2461/2628/2461 2462/2629/2462
f 2462/2629/2462 2471/2638/2471 2470/2637/2470
f 2471/2638/2471 2462/2629/2462 2382/2543/2382
f 2382/2543/2382 2391/2552/2391 2471/2638/2471
f 2472/2639/2472 2463/2630/2463 2464/2631/2464
f 2464/2631/2464 2473/2640/2473 2472/2639/2472
f 2473/2640/2473 2464/2631/2464 2465/2632/2465
f 2465/2632/2465 2474/2641/2474 2473/2640/2473
f 2474/2641/2474 2465/2632/2465 2466/2633/2466
f 2466/2633/2466 2475/2642/2475 2474/2641/2474
f 2475/2642/2475 2466/2633/2466 2467/2634/2467
f 2467/2634/2467 2476/2643/2476 2475/2642/2475
f 2476/2643/2476 2467/2634/2467 2468/2635/2468
f 2468/2635/2468 2477/2644/2477 2476/2643/2476
f 2477/2644/2477 2468/2635/2468 2469/2636/2469
f 2469/2636/2469 2478/2645/2478 2477/2644/2477
f 2478/2645/2478 2469/2636/2469 2470/2637/2470
f 2470/2637/2470 2479/2646/2479 2478/2645/2478
f 2479/2646/2479 2470/2637/2470 2471/2638/2471
f 2471/2638/2471 2480/2647/2480 2479/2646/2479
f 2480/2647/2480 2471/2638/2471 2391/2552/2391
f 2391/2552/2391 2400/2561/2400 2480/2647/2480
f 2481/2648/2481 2472/2639/2472 2473/2640/2473
f 2473/2640/2473 2482/2649/2482 2481/2648/2481
f 2482/2649/2482 2473/2640/2473 2474/2641/2474
f 2474/2641/2474 2483/2650/2483 2482/2649/2482
f 2483/2650/2483 2474/2641/2474 2475/2642/2475
f 2475/2642/2475 2484/2651/2484 2483/2650/2483
f 2484/2651/2484 2475/2642/2475 2476/2643/2476
f 2476/2643/2476 2485/2652/2485 2484/2651/2484
f 2485/2652/2485 2476/2643/2476 2477/2644/2477
f 2477/2644/2477 2486/2653/2486 2485/2652/2485
f 2486/2653/2486 2477/2644/2477 2478/2645/2478
f 2478/2645/2478 2487/2654/2487 2486/2653/2486
f 2487/2654/2487 2478/2645/2478 2479/2646/2479
f 2479/2646/2479 2488/2655/2488 2487/2654/2487
f 2488/2655/2488 2479/2646/2479 2480/2647/2480
f 2480/2647/2480 2489/2656/2489 2488/2655/2488
f 2489/2656/2489 2480/2647/2480 2400/2561/2400
f 2400/2561/2400 2409/2570/2409 2489/2656/2489
f 2490/2657/2490 2481/2648/2481 2482/2649/2482
f 2482/2649/2482 2491/2658/2491 2490/2657/2490
f 2491/2658/2491 2482/2649/2482 2483/2650/2483
f 2483/2650/2483 2492/2659/2492 2491/2658/2491
f 2492/2659/2492 2483/2650/2483 2484/2651/2484
f 2484/2651/2484 2493/2660/2493 2492/2659/2492
f 2493/2660/2493 2484/2651/2484 2485/2652/2485
f 2485/2652/2485 2494/2661/2494 2493/2660/2493
f 2494/2661/2494 2485/2652/2485 2486/2653/2486
f 2486/2653/2486 2495/2662/2495 2494/2661/2494
f 2495/2662/2495 2486/2653/2486 2487/2654/2487
f 2487/2654/2487 2496/2663/2496 2495/2662/2495
f 2496/2663/2496 2487/2654/2487 2488/2655/2488
f 2488/2655/2488 2497/2664/2497 2496/2663/2496
f 2497/2664/2497 2488/2655/2488 2489/2656/2489
f 2489/2656/2489 2498/2665/2498 2497/2664/2497
f 2498/2665/2498 2489/2656/2489 2409/2570/2409
f 2409/2570/2409 2418/2579/2418 2498/2665/2498
f 2499/2666/2499 2490/2657/2490 2491/2658/2491
f 2491/2658/2491 2500/2667/2500 2499/2666/2499
f 2500/2667/2500 2491/2658/2491 2492/2659/2492
f 2492/2659/2492 2501/2668/2501 2500/2667/2500
f 2501/2668/2501 2492/2659/2492 2493/2660/2493
f 2493/2660/2493 2502/2669/2502 2501/2668/2501
f 2502/2669/2502 2493/2660/2493 2494/2661/2494
f 2494/2661/2494 2503/2670/2503 2502/2669/2502
f 2503/2670/2503 2494/2661/2494 2495/2662/2495
f 2495/2662/2495 2504/2671/2504 2503/2670/2503
f 2504/2671/2504 2495/2662/2495 2496/2663/2496
f 2496/2663/2496 2505/2672/2505 2504/2671/2504
f 2505/2672/2505 2496/2663/2496 2497/2664/2497
f 2497/2664/2497 2506/2673/2506 2505/2672/2505
f 2506/2673/2506 2497/2664/2497 2498/2665/2498
f 2498/2665/2498 2507/2674/2507 2506/2673/2506
f 2507/2674/2507 2498/2665/2498 2418/2579/2418
f 2418/2579/2418 2427/2588/2427 2507/2674/2507
f 927/2318/927 930/2675/930 2188/2308/2188
f 2188/2308/2188 930/2675/930 2435/2602/2435
f 2435/2602/2435 930/2675/930 933/2676/933
f 2444/2611/2444 933/2676/933 936/2677/936
f 2443/2610/2443 933/2676/933 2444/2611/2444
f 2435/2602/2435 933/2676/933 2443/2610/2443
f 936/2677/936 939/2678/939 2444/2611/2444
f 2444/2611/2444 939/2678/939 942/2679/942
f 942/2679/942 818/2594/818 2444/2611/2444
f 2444/2611/2444 818/2594/818 2364/2525/2364
f 2508/2680/2508 2253/2389/2253 2254/2390/2254
f 2254/2390/2254 2509/2681/2509 2508/2680/2508
f 2509/2681/2509 2254/2390/2254 2255/2391/2255
f 2255/2391/2255 2510/2682/2510 2509/2681/2509
f 2510/2682/2510 2255/2391/2255 2256/2392/2256
f 2256/2392/2256 2511/2683/2511 2510/2682/2510
f 2511/2683/2511 2256/2392/2256 2257/2393/2257
f 2257/2393/2257 2512/2684/2512 2511/2683/2511
f 2512/2684/2512 2257/2393/2257 2258/2394/2258
f 2258/2394/2258 2513/2685/2513 2512/2684/2512
f 2513/2685/2513 2258/2394/2258 2259/2395/2259
f 2259/2395/2259 2514/2686/2514 2513/2685/2513
f 2514/2686/2514 2259/2395/2259 2260/2396/2260
f 2260/2396/2260 2515/2687/2515 2514/2686/2514
f 2515/2687/2515 2260/2396/2260 2181/2301/2181
f 2181/2301/2181 2428/2595/2428 2515/2687/2515
f 2516/2688/2516 2508/2680/2508 2509/2681/2509
f 2509/2681/2509 2517/2689/2517 2516/2688/2516
f 2517/2689/2517 2509/2681/2509 2510/2682/2510
f 2510/2682/2510 2518/2690/2518 2517/2689/2517
f 2518/2690/2518 2510/2682/2510 2511/2683/2511
f 2511/2683/2511 2519/2691/2519 2518/2690/2518
f 2519/2691/2519 2511/2683/2511 2512/2684/2512
f 2512/2684/2512 2520/2692/2520 2519/2691/2519
f 2520/2692/2520 2512/2684/2512 2513/2685/2513
f 2513/2685/2513 2521/2693/2521 2520/2692/2520
f 2521/2693/2521 2513/2685/2513 2514/2686/2514
f 2514/2686/2514 2522/2694/2522 2521/2693/2521
f 2522/2694/2522 2514/2686/2514 2515/2687/2515
f 2515/2687/2515 2523/2695/2523 2522/2694/2522
f 2523/2695/2523 2515/2687/2515 2428/2595/2428
f 2428/2595/2428 2436/2603/2436 2523/2695/2523
f 2524/2697/2524 2516/2688/2516 2517/2689/2517
f 2517/2689/2517 2525/2698/2525 2524/2697/2524
f 2525/2698/2525 2517/2689/2517 2518/2690/2518
f 2518/2690/2518 2526/2699/2526 2525/2698/2525
f 2526/2699/2526 2518/2690/2518 2519/2691/2519
f 2519/2691/2519 2527/2700/2527 2526/2699/2526
f 2527/2700/2527 2519/2691/2519 2520/2692/2520
f 2520/2692/2520 2528/2701/2528 2527/2700/2527
f 2528/2701/2528 2520/2692/2520 2521/2693/2521
f 2521/2693/2521 2529/2702/2529 2528/2701/2528
f 2529/2702/2529 2521/2693/2521 2522/2694/2522
f 2522/2694/2522 2530/2703/2530 2529/2702/2529
f 2530/2703/2530 2522/2694/2522 2523/2695/2523
f 2523/2695/2523 2531/2704/2531 2530/2703/2530
f 2531/2704/2531 2523/2695/2523 2436/2603/2436
f 2436/2603/2436 2445/2612/2445 2531/2704/2531
f 2289/2705/2289 2279/2696/2279 2524/2697/2524
f 2524/2697/2524 2532/2706/2532 2289/2705/2289
f 2532/2706/2532 2524/2697/2524 2525/2698/2525
f 2525/2698/2525 2533/2707/2533 2532/2706/2532
f 2533/2707/2533 2525/2698/2525 2526/2699/2526
f 2526/2699/2526 2534/2708/2534 2533/2707/2533
f 2534/2708/2534 2526/2699/2526 2527/2700/2527
f 2527/2700/2527 2535/2709/2535 2534/2708/2534
f 2535/2709/2535 2527/2700/2527 2528/2701/2528
f 2528/2701/2528 2536/2710/2536 2535/2709/2535
f 2536/2710/2536 2528/2701/2528 2529/2702/2529
f 2529/2702/2529 2537/2711/2537 2536/2710/2536
f 2537/2711/2537 2529/2702/2529 2530/2703/2530
f 2530/2703/2530 2538/2712/2538 2537/2711/2537
f 2538/2712/2538 2530/2703/2530 2531/2704/2531
f 2531/2704/2531 2539/2713/2539 2538/2712/2538
f 2539/2713/2539 2531/2704/2531 2445/2612/2445
f 2445/2612/2445 2454/2621/2454 2539/2713/2539
f 2299/2714/2299 2289/2705/2289 2532/2706/2532
f 2532/2706/2532 2540/2715/2540 2299/2714/2299
f 2540/2715/2540 2532/2706/2532 2533/2707/2533
f 2533/2707/2533 2541/2716/2541 2540/2715/2540
f 2541/2716/2541 2533/2707/2533 2534/2708/2534
f 2534/2708/2534 2542/2717/2542 2541/2716/2541
f 2542/2717/2542 2534/2708/2534 2535/2709/2535
f 2535/2709/2535 2543/2718/2543 2542/2717/2542
f 2543/2718/2543 2535/2709/2535 2536/2710/2536
f 2536/2710/2536 2544/2719/2544 2543/2718/2543
f 2544/2719/2544 2536/2710/2536 2537/2711/2537
f 2537/2711/2537 2545/2720/2545 2544/2719/2544
f 2545/2720/2545 2537/2711/2537 2538/2712/2538
f 2538/2712/2538 2546/2721/2546 2545/2720/2545
f 2546/2721/2546 2538/2712/2538 2539/2713/2539
f 2539/2713/2539 2547/2722/2547 2546/2721/2546
f 2547/2722/2547 2539/2713/2539 2454/2621/2454
f 2454/2621/2454 2463/2630/2463 2547/2722/2547
f 2309/2723/2309 2299/2714/2299 2540/2715/2540
f 2540/2715/2540 2548/2724/2548 2309/2723/2309
f 2548/2724/2548 2540/2715/2540 2541/2716/2541
f 2541/2716/2541 2549/2725/2549 2548/2724/2548
f 2549/2725/2549 2541/2716/2541 2542/2717/2542
f 2542/2717/2542 2550/2726/2550 2549/2725/2549
f 2550/2726/2550 2542/2717/2542 2543/2718/2543
f 2543/2718/2543 2551/2727/2551 2550/2726/2550
f 2551/2727/2551 2543/2718/2543 2544/2719/2544
f 2544/2719/2544 2552/2728/2552 2551/2727/2551
f 2552/2728/2552 2544/2719/2544 2545/2720/2545
f 2545/2720/2545 2553/2729/2553 2552/2728/2552
f 2553/2729/2553 2545/2720/2545 2546/2721/2546
f 2546/2721/2546 2554/2730/2554 2553/2729/2553
f 2554/2730/2554 2546/2721/2546 2547/2722/2547
f 2547/2722/2547 2555/2731/2555 2554/2730/2554
f 2555/2731/2555 2547/2722/2547 2463/2630/2463
f 2463/2630/2463 2472/2639/2472 2555/2731/2555
f 2319/2732/2319 2309/2723/2309 2548/2724/2548
f 2548/2724/2548 2556/2733/2556 2319/2732/2319
f 2556/2733/2556 2548/2724/2548 2549/2725/2549
f 2549/2725/2549 2557/2734/2557 2556/2733/2556
f 2557/2734/2557 2549/2725/2549 2550/2726/2550
f 2550/2726/2550 2558/2735/2558 2557/2734/2557
f 2558/2735/2558 2550/2726/2550 2551/2727/2551
f 2551/2727/2551 2559/2736/2559 2558/2735/2558
f 2559/2736/2559 2551/2727/2551 2552/2728/2552
f 2552/2728/2552 2560/2737/2560 2559/2736/2559
f 2560/2737/2560 2552/2728/2552 2553/2729/2553
f 2553/2729/2553 2561/2738/2561 2560/2737/2560
f 2561/2738/2561 2553/2729/2553 2554/2730/2554
f 2554/2730/2554 2562/2739/2562 2561/2738/2561
f 2562/2739/2562 2554/2730/2554 2555/2731/2555
f 2555/2731/2555 2563/2740/2563 2562/2739/2562
f 2563/2740/2563 2555/2731/2555 2472/2639/2472
f 2472/2639/2472 2481/2648/2481 2563/2740/2563
f 2329/2741/2329 2319/2732/2319 2556/2733/2556
f 2556/2733/2556 2564/2742/2564 2329/2741/2329
f 2564/2742/2564 2556/2733/2556 2557/2734/2557
f 2557/2734/2557 2565/2743/2565 2564/2742/2564
f 2565/2743/2565 2557/2734/2557 2558/2735/2558
f 2558/2735/2558 2566/2744/2566 2565/2743/2565
f 2566/2744/2566 2558/2735/2558 2559/2736/2559
f 2559/2736/2559 2567/2745/2567 2566/2744/2566
f 2567/2745/2567 2559/2736/2559 2560/2737/2560
f 2560/2737/2560 2568/2746/2568 2567/2745/2567
f 2568/2746/2568 2560/2737/2560 2561/2738/2561
f 2561/2738/2561 2569/2747/2569 2568/2746/2568
f 2569/2747/2569 2561/2738/2561 2562/2739/2562
f 2562/2739/2562 2570/2748/2570 2569/2747/2569
f 2570/2748/2570 2562/2739/2562 2563/2740/2563
f 2563/2740/2563 2571/2749/2571 2570/2748/2570
f 2571/2749/2571 2563/2740/2563 2481/2648/2481
f 2481/2648/2481 2490/2657/2490 2571/2749/2571
f 2339/2750/2339 2329/2741/2329 2564/2742/2564
f 2564/2742/2564 2572/2751/2572 2339/2750/2339
f 2572/2751/2572 2564/2742/2564 2565/2743/2565
f 2565/2743/2565 2573/2752/2573 2572/2751/2572
f 2573/2752/2573 2565/2743/2565 2566/2744/2566
f 2566/2744/2566 2574/2753/2574 2573/2752/2573
f 2574/2753/2574 2566/2744/2566 2567/2745/2567
f 2567/2745/2567 2575/2754/2575 2574/2753/2574
f 2575/2754/2575 2567/2745/2567 2568/2746/2568
f 2568/2746/2568 2576/2755/2576 2575/2754/2575
f 2576/2755/2576 2568/2746/2568 2569/2747/2569
f 2569/2747/2569 2577/2756/2577 2576/2755/2576
f 2577/2756/2577 2569/2747/2569 2570/2748/2570
f 2570/2748/2570 2578/2757/2578 2577/2756/2577
f 2578/2757/2578 2570/2748/2570 2571/2749/2571
f 2571/2749/2571 2579/2758/2579 2578/2757/2578
f 2579/2758/2579 2571/2749/2571 2490/2657/2490
f 2490/2657/2490 2499/2666/2499 2579/2758/2579
f 2253/2389/2253 469/2759/469 466/2412/466
f 2253/2389/2253 472/2760/472 469/2759/469
f 2508/2680/2508 472/2760/472 2253/2389/2253
f 2508/2680/2508 475/2761/475 472/2760/472
f 2508/2680/2508 478/2762/478 475/2761/475
f 2516/2688/2516 478/2762/478 2508/2680/2508
f 2516/2688/2516 481/2763/481 478/2762/478
f 484/2764/484 481/2763/481 2516/2688/2516
f 487/2765/487 484/2764/484 2516/2688/2516
f 2516/2688/2516 490/2766/490 487/2765/487
f 2524/2697/2524 490/2766/490 2516/2688/2516
f 2279/2696/2279 490/2766/490 2524/2697/2524
f 2279/2696/2279 382/2767/382 490/2766/490
f 2340/2769/2340 2339/2768/2339 2580/2778/2580
f 2580/2778/2580 2581/2779/2581 2340/2769/2340
f 2341/2770/2341 2340/2769/2340 2581/2779/2581
f 2581/2779/2581 2582/2780/2582 2341/2770/2341
f 2342/2771/2342 2341/2770/2341 2582/2780/2582
f 2582/2780/2582 2583/2781/2583 2342/2771/2342
f 2343/2772/2343 2342/2771/2342 2583/2781/2583
f 2583/2781/2583 2584/2782/2584 2343/2772/2343
f 2344/2773/2344 2343/2772/2343 2584/2782/2584
f 2584/2782/2584 2585/2783/2585 2344/2773/2344
f 2345/2774/2345 2344/2773/2344 2585/2783/2585
f 2585/2783/2585 2586/2784/2586 2345/2774/2345
f 2346/2775/2346 2345/2774/2345 2586/2784/2586
f 2586/2784/2586 2587/2785/2587 2346/2775/2346
f 2347/2776/2347 2346/2775/2346 2587/2785/2587
f 2587/2785/2587 2588/2786/2588 2347/2776/2347
f 2348/2777/2348 2347/2776/2347 2588/2786/2588
f 2588/2786/2588 2589/2787/2589 2348/2777/2348
f 2581/2779/2581 2580/2778/2580 2590/2788/2590
f 2590/2788/2590 2591/2789/2591 2581/2779/2581
f 2582/2780/2582 2581/2779/2581 2591/2789/2591
f 2591/2789/2591 2592/2790/2592 2582/2780/2582
f 2583/2781/2583 2582/2780/2582 2592/2790/2592
f 2592/2790/2592 2593/2791/2593 2583/2781/2583
f 2584/2782/2584 2583/2781/2583 2593/2791/2593
f 2593/2791/2593 2594/2792/2594 2584/2782/2584
f 2585/2783/2585 2584/2782/2584 2594/2792/2594
f 2594/2792/2594 2595/2793/2595 2585/2783/2585
f 2586/2784/2586 2585/2783/2585 2595/2793/2595
f 2595/2793/2595 2596/2794/2596 2586/2784/2586
f 2587/2785/2587 2586/2784/2586 2596/2794/2596
f 2596/2794/2596 2597/2795/2597 2587/2785/2587
f 2588/2786/2588 2587/2785/2587 2597/2795/2597
f 2597/2795/2597 2598/2796/2598 2588/2786/2588
f 2589/2787/2589 2588/2786/2588 2598/2796/2598
f 2598/2796/2598 2599/2797/2599 2589/2787/2589
f 2591/2789/2591 2590/2788/2590 2600/2798/2600
f 2600/2798/2600 2601/2799/2601 2591/2789/2591
f 2592/2790/2592 2591/2789/2591 2601/2799/2601
f 2601/2799/2601 2602/2800/2602 2592/2790/2592
f 2593/2791/2593 2592/2790/2592 2602/2800/2602
f 2602/2800/2602 2603/2801/2603 2593/2791/2593
f 2594/2792/2594 2593/2791/2593 2603/2801/2603
f 2603/2801/2603 2604/2802/2604 2594/2792/2594
f 2595/2793/2595 2594/2792/2594 2604/2802/2604
f 2604/2802/2604 2605/2803/2605 2595/2793/2595
f 2596/2794/2596 2595/2793/2595 2605/2803/2605
f 2605/2803/2605 2606/2804/2606 2596/2794/2596
f 2597/2795/2597 2596/2794/2596 2606/2804/2606
f 2606/2804/2606 2607/2805/2607 2597/2795/2597
f 2598/2796/2598 2597/2795/2597 2607/2805/2607
f 2607/2805/2607 2608/2806/2608 2598/2796/2598
f 2599/2797/2599 2598/2796/2598 2608/2806/2608
f 2608/2806/2608 2609/2807/2609 2599/2797/2599
f 2601/2799/2601 2600/2798/2600 2610/2808/2610
f 2610/2808/2610 2611/2809/2611 2601/2799/2601
f 2602/2800/2602 2601/2799/2601 2611/2809/2611
f 2611/2809/2611 2612/2810/2612 2602/2800/2602
f 2603/2801/2603 2602/2800/2602 2612/2810/2612
f 2612/2810/2612 2613/2811/2613 2603/2801/2603
f 2604/2802/2604 2603/2801/2603 2613/2811/2613
f 2613/2811/2613 2614/2812/2614 2604/2802/2604
f 2605/2803/2605 2604/2802/2604 2614/2812/2614
f 2614/2812/2614 2615/2813/2615 2605/2803/2605
f 2606/2804/2606 2605/2803/2605 2615/2813/2615
f 2615/2813/2615 2616/2814/2616 2606/2804/2606
f 2607/2805/2607 2606/2804/2606 2616/2814/2616
f 2616/2814/2616 2617/2815/2617 2607/2805/2607
f 2608/2806/2608 2607/2805/2607 2617/2815/2617
f 2617/2815/2617 2618/2816/2618 2608/2806/2608
f 2609/2807/2609 2608/2806/2608 2618/2816/2618
f 2618/2816/2618 2619/2817/2619 2609/2807/2609
f 2611/2809/2611 2610/2808/2610 2620/2818/2620
f 2620/2818/2620 2621/2819/2621 2611/2809/2611
f 2612/2810/2612 2611/2809/2611 2621/2819/2621
f 2621/2819/2621 2622/2820/2622 2612/2810/2612
f 2613/2811/2613 2612/2810/2612 2622/2820/2622
f 2622/2820/2622 2623/2821/2623 2613/2811/2613
f 2614/2812/2614 2613/2811/2613 2623/2821/2623
f 2623/2821/2623 2624/2822/2624 2614/2812/2614
f 2615/2813/2615 2614/2812/2614 2624/2822/2624
f 2624/2822/2624 2625/2823/2625 2615/2813/2615
f 2616/2814/2616 2615/2813/2615 2625/2823/2625
f 2625/2823/2625 2626/2824/2626 2616/2814/2616
f 2617/2815/2617 2616/2814/2616 2626/2824/2626
f 2626/2824/2626 2627/2825/2627 2617/2815/2617
f 2618/2816/2618 2617/2815/2617 2627/2825/2627
f 2627/2825/2627 2628/2826/2628 2618/2816/2618
f 2619/2817/2619 2618/2816/2618 2628/2826/2628
f 2628/2826/2628 2629/2827/2629 2619/2817/2619
f 2621/2819/2621 2620/2818/2620 2630/2828/2630
f 2630/2828/2630 2631/2829/2631 2621/2819/2621
f 2622/2820/2622 2621/2819/2621 2631/2829/2631
f 2631/2829/2631 2632/2830/2632 2622/2820/2622
f 2623/2821/2623 2622/2820/2622 2632/2830/2632
f 2632/2830/2632 2633/2831/2633 2623/2821/2623
f 2624/2822/2624 2623/2821/2623 2633/2831/2633
f 2633/2831/2633 2634/2832/2634 2624/2822/2624
f 2625/2823/2625 2624/2822/2624 2634/2832/2634
f 2634/2832/2634 2635/2833/2635 2625/2823/2625
f 2626/2824/2626 2625/2823/2625 2635/2833/2635
f 2635/2833/2635 2636/2834/2636 2626/2824/2626
f 2627/2825/2627 2626/2824/2626 2636/2834/2636
f 2636/2834/2636 2637/2835/2637 2627/2825/2627
f 2628/2826/2628 2627/2825/2627 2637/2835/2637
f 2637/2835/2637 2638/2836/2638 2628/2826/2628
f 2629/2827/2629 2628/2826/2628 2638/2836/2638
f 2638/2836/2638 2639/2837/2639 2629/2827/2629
f 2631/2829/2631 2630/2828/2630 2640/2838/2640
f 2640/2838/2640 2641/2839/2641 2631/2829/2631
f 2632/2830/2632 2631/2829/2631 2641/2839/2641
f 2641/2839/2641 2642/2840/2642 2632/2830/2632
f 2633/2831/2633 2632/2830/2632 2642/2840/2642
f 2642/2840/2642 2643/2841/2643 2633/2831/2633
f 2634/2832/2634 2633/2831/2633 2643/2841/2643
f 2643/2841/2643 2644/2842/2644 2634/2832/2634
f 2635/2833/2635 2634/2832/2634 2644/2842/2644
f 2644/2842/2644 2645/2843/2645 2635/2833/2635
f 2636/2834/2636 2635/2833/2635 2645/2843/2645
f 2645/2843/2645 2646/2844/2646 2636/2834/2636
f 2637/2835/2637 2636/2834/2636 2646/2844/2646
f 2646/2844/2646 2647/2845/2647 2637/2835/2637
f 2638/2836/2638 2637/2835/2637 2647/2845/2647
f 2647/2845/2647 2648/2846/2648 2638/2836/2638
f 2639/2837/2639 2638/2836/2638 2648/2846/2648
f 2648/2846/2648 2649/2847/2649 2639/2837/2639
f 2641/2839/2641 2640/2838/2640 2650/2848/2650
f 2650/2848/2650 2651/2849/2651 2641/2839/2641
f 2642/2840/2642 2641/2839/2641 2651/2849/2651
f 2651/2849/2651 2652/2850/2652 2642/2840/2642
f 2643/2841/2643 2642/2840/2642 2652/2850/2652
f 2652/2850/2652 2653/2851/2653 2643/2841/2643
f 2644/2842/2644 2643/2841/2643 2653/2851/2653
f 2653/2851/2653 2654/2852/2654 2644/2842/2644
f 2645/2843/2645 2644/2842/2644 2654/2852/2654
f 2654/2852/2654 2655/2853/2655 2645/2843/2645
f 2646/2844/2646 2645/2843/2645 2655/2853/2655
f 2655/2853/2655 2656/2854/2656 2646/2844/2646
f 2647/2845/2647 2646/2844/2646 2656/2854/2656
f 2656/2854/2656 2657/2855/2657 2647/2845/2647
f 2648/2846/2648 2647/2845/2647 2657/2855/2657
f 2657/2855/2657 2658/2856/2658 2648/2846/2648
f 2649/2847/2649 2648/2846/2648 2658/2856/2658
f 2658/2856/2658 2659/2857/2659 2649/2847/2649
f 2651/2849/2651 2650/2848/2650 2660/2858/2660
f 2652/2850/2652 2651/2849/2651 2660/2858/2660
f 2653/2851/2653 2652/2850/2652 2660/2858/2660
f 2654/2852/2654 2653/2851/2653 2660/2858/2660
f 2655/2853/2655 2654/2852/2654 2660/2858/2660
f 2656/2854/2656 2655/2853/2655 2660/2858/2660
f 2657/2855/2657 2656/2854/2656 2660/2858/2660
f 2658/2856/2658 2657/2855/2657 2660/2858/2660
f 2659/2857/2659 2658/2856/2658 2660/2858/2660
f 2419/2859/2419 2348/2777/2348 2589/2787/2589
f 2589/2787/2589 2661/2868/2661 2419/2859/2419
f 2420/2860/2420 2419/2859/2419 2661/2868/2661
f 2661/2868/2661 2662/2869/2662 2420/2860/2420
f 2421/2861/2421 2420/2860/2420 2662/2869/2662
f 2662/2869/2662 2663/2870/2663 2421/2861/2421
f 2422/2862/2422 2421/2861/2421 2663/2870/2663
f 2663/2870/2663 2664/2871/2664 2422/2862/2422
f 2423/2863/2423 2422/2862/2422 2664/2871/2664
f 2664/2871/2664 2665/2872/2665 2423/2863/2423
f 2424/2864/2424 2423/2863/2423 2665/2872/2665
f 2665/2872/2665 2666/2873/2666 2424/2864/2424
f 2425/2865/2425 2424/2864/2424 2666/2873/2666
f 2666/2873/2666 2667/2874/2667 2425/2865/2425
f 2426/2866/2426 2425/2865/2425 2667/2874/2667
f 2667/2874/2667 2668/2875/2668 2426/2866/2426
f 2427/2867/2427 2426/2866/2426 2668/2875/2668
f 2668/2875/2668 2669/2876/2669 2427/2867/2427
f 2661/2868/2661 2589/2787/2589 2599/2797/2599
f 2599/2797/2599 2670/2877/2670 2661/2868/2661
f 2662/2869/2662 2661/2868/2661 2670/2877/2670
f 2670/2877/2670 2671/2878/2671 2662/2869/2662
f 2663/2870/2663 2662/2869/2662 2671/2878/2671
f 2671/2878/2671 2672/2879/2672 2663/2870/2663
f 2664/2871/2664 2663/2870/2663 2672/2879/2672
f 2672/2879/2672 2673/2880/2673 2664/2871/2664
f 2665/2872/2665 2664/2871/2664 2673/2880/2673
f 2673/2880/2673 2674/2881/2674 2665/2872/2665
f 2666/2873/2666 2665/2872/2665 2674/2881/2674
f 2674/2881/2674 2675/2882/2675 2666/2873/2666
f 2667/2874/2667 2666/2873/2666 2675/2882/2675
f 2675/2882/2675 2676/2883/2676 2667/2874/2667
f 2668/2875/2668 2667/2874/2667 2676/2883/2676
f 2676/2883/2676 2677/2884/2677 2668/2875/2668
f 2669/2876/2669 2668/2875/2668 2677/2884/2677
f 2677/2884/2677 2678/2885/2678 2669/2876/2669
f 2670/2877/2670 2599/2797/2599 2609/2807/2609
f 2609/2807/2609 2679/2886/2679 2670/2877/2670
f 2671/2878/2671 2670/2877/2670 2679/2886/2679
f 2679/2886/2679 2680/2887/2680 2671/2878/2671
f 2672/2879/2672 2671/2878/2671 2680/2887/2680
f 2680/2887/2680 2681/2888/2681 2672/2879/2672
f 2673/2880/2673 2672/2879/2672 2681/2888/2681
f 2681/2888/2681 2682/2889/2682 2673/2880/2673
f 2674/2881/2674 2673/2880/2673 2682/2889/2682
f 2682/2889/2682 2683/2890/2683 2674/2881/2674
f 2675/2882/2675 2674/2881/2674 2683/2890/2683
f 2683/2890/2683 2684/2891/2684 2675/2882/2675
f 2676/2883/2676 2675/2882/2675 2684/2891/2684
f 2684/2891/2684 2685/2892/2685 2676/2883/2676
f 2677/2884/2677 2676/2883/2676 2685/2892/2685
f 2685/2892/2685 2686/2893/2686 2677/2884/2677
f 2678/2885/2678 2677/2884/2677 2686/2893/2686
f 2686/2893/2686 2687/2894/2687 2678/2885/2678
f 2679/2886/2679 2609/2807/2609 2619/2817/2619
f 2619/2817/2619 2688/2895/2688 2679/2886/2679
f 2680/2887/2680 2679/2886/2679 2688/2895/2688
f 2688/2895/2688 2689/2896/2689 2680/2887/2680
f 2681/2888/2681 2680/2887/2680 2689/2896/2689
f 2689/2896/2689 2690/2897/2690 2681/2888/2681
f 2682/2889/2682 2681/2888/2681 2690/2897/2690
f 2690/2897/2690 2691/2898/2691 2682/2889/2682
f 2683/2890/2683 2682/2889/2682 2691/2898/2691
f 2691/2898/2691 2692/2899/2692 2683/2890/2683
f 2684/2891/2684 2683/2890/2683 2692/2899/2692
f 2692/2899/2692 2693/2900/2693 2684/2891/2684
f 2685/2892/2685 2684/2891/2684 2693/2900/2693
f 2693/2900/2693 2694/2901/2694 2685/2892/2685
f 2686/2893/2686 2685/2892/2685 2694/2901/2694
f 2694/2901/2694 2695/2902/2695 2686/2893/2686
f 2687/2894/2687 2686/2893/2686 2695/2902/2695
f 2695/2902/2695 2696/2903/2696 2687/2894/2687
f 2688/2895/2688 2619/2817/2619 2629/2827/2629
f 2629/2827/2629 2697/2904/2697 2688/2895/2688
f 2689/2896/2689 2688/2895/2688 2697/2904/2697
f 2697/2904/2697 2698/2905/2698 2689/2896/2689
f 2690/2897/2690 2689/2896/2689 2698/2905/2698
f 2698/2905/2698 2699/2906/2699 2690/2897/2690
f 2691/2898/2691 2690/2897/2690 2699/2906/2699
f 2699/2906/2699 2700/2907/2700 2691/2898/2691
f 2692/2899/2692 2691/2898/2691 2700/2907/2700
f 2700/2907/2700 2701/2908/2701 2692/2899/2692
f 2693/2900/2693 2692/2899/2692 2701/2908/2701
f 2701/2908/2701 2702/2909/2702 2693/2900/2693
f 2694/2901/2694 2693/2900/2693 2702/2909/2702
f 2702/2909/2702 2703/2910/2703 2694/2901/2694
f 2695/2902/2695 2694/2901/2694 2703/2910/2703
f 2703/2910/2703 2704/2911/2704 2695/2902/2695
f 2696/2903/2696 2695/2902/2695 2704/2911/2704
f 2704/2911/2704 2705/2912/2705 2696/2903/2696
f 2697/2904/2697 2629/2827/2629 2639/2837/2639
f 2639/2837/2639 2706/2913/2706 2697/2904/2697
f 2698/2905/2698 2697/2904/2697 2706/2913/2706
f 2706/2913/2706 2707/2914/2707 2698/2905/2698
f 2699/2906/2699 2698/2905/2698 2707/2914/2707
f 2707/2914/2707 2708/2915/2708 2699/2906/2699
f 2700/2907/2700 2699/2906/2699 2708/2915/2708
f 2708/2915/2708 2709/2916/2709 2700/2907/2700
f 2701/2908/2701 2700/2907/2700 2709/2916/2709
f 2709/2916/2709 2710/2917/2710 2701/2908/2701
f 2702/2909/2702 2701/2908/2701 2710/2917/2710
f 2710/2917/2710 2711/2918/2711 2702/2909/2702
f 2703/2910/2703 2702/2909/2702 2711/2918/2711
f 2711/2918/2711 2712/2919/2712 2703/2910/2703
f 2704/2911/2704 2703/2910/2703 2712/2919/2712
f 2712/2919/2712 2713/2920/2713 2704/2911/2704
f 2705/2912/2705 2704/2911/2704 2713/2920/2713
f 2713/2920/2713 2714/2921/2714 2705/2912/2705
f 2706/2913/2706 2639/2837/2639 2649/2847/2649
f 2649/2847/2649 2715/2922/2715 2706/2913/2706
f 2707/2914/2707 2706/2913/2706 2715/2922/2715
f 2715/2922/2715 2716/2923/2716 2707/2914/2707
f 2708/2915/2708 2707/2914/2707 2716/2923/2716
f 2716/2923/2716 2717/2924/2717 2708/2915/2708
f 2709/2916/2709 2708/2915/2708 2717/2924/2717
f 2717/2924/2717 2718/2925/2718 2709/2916/2709
f 2710/2917/2710 2709/2916/2709 2718/2925/2718
f 2718/2925/2718 2719/2926/2719 2710/2917/2710
f 2711/2918/2711 2710/2917/2710 2719/2926/2719
f 2719/2926/2719 2720/2927/2720 2711/2918/2711
f 2712/2919/2712 2711/2918/2711 2720/2927/2720
f 2720/2927/2720 2721/2928/2721 2712/2919/2712
f 2713/2920/2713 2712/2919/2712 2721/2928/2721
f 2721/2928/2721 2722/2929/2722 2713/2920/2713
f 2714/2921/2714 2713/2920/2713 2722/2929/2722
f 2722/2929/2722 2723/2930/2723 2714/2921/2714
f 2715/2922/2715 2649/2847/2649 2659/2857/2659
f 2659/2857/2659 2724/2931/2724 2715/2922/2715
f 2716/2923/2716 2715/2922/2715 2724/2931/2724
f 2724/2931/2724 2725/2932/2725 2716/2923/2716
f 2717/2924/2717 2716/2923/2716 2725/2932/2725
f 2725/2932/2725 2726/2933/2726 2717/2924/2717
f 2718/2925/2718 2717/2924/2717 2726/2933/2726
f 2726/2933/2726 2727/2934/2727 2718/2925/2718
f 2719/2926/2719 2718/2925/2718 2727/2934/2727
f 2727/2934/2727 2728/2935/2728 2719/2926/2719
f 2720/2927/2720 2719/2926/2719 2728/2935/2728
f 2728/2935/2728 2729/2936/2729 2720/2927/2720
f 2721/2928/2721 2720/2927/2720 2729/2936/2729
f 2729/2936/2729 2730/2937/2730 2721/2928/2721
f 2722/2929/2722 2721/2928/2721 2730/2937/2730
f 2730/2937/2730 2731/2938/2731 2722/2929/2722
f 2723/2930/2723 2722/2929/2722 2731/2938/2731
f 2731/2938/2731 2732/2939/2732 2723/2930/2723
f 2724/2931/2724 2659/2857/2659 2660/2858/2660
f 2725/2932/2725 2724/2931/2724 2660/2858/2660
f 2726/2933/2726 2725/2932/2725 2660/2858/2660
f 2727/2934/2727 2726/2933/2726 2660/2858/2660
f 2728/2935/2728 2727/2934/2727 2660/2858/2660
f 2729/2936/2729 2728/2935/2728 2660/2858/2660
f 2730/2937/2730 2729/2936/2729 2660/2858/2660
f 2731/2938/2731 2730/2937/2730 2660/2858/2660
f 2732/2939/2732 2731/2938/2731 2660/2858/2660
f 2733/2949/2733 2499/2940/2499 2500/2941/2500
f 2500/2941/2500 2734/2950/2734 2733/2949/2733
f 2734/2950/2734 2500/2941/2500 2501/2942/2501
f 2501/2942/2501 2735/2951/2735 2734/2950/2734
f 2735/2951/2735 2501/2942/2501 2502/2943/2502
f 2502/2943/2502 2736/2952/2736 2735/2951/2735
f 2736/2952/2736 2502/2943/2502 2503/2944/2503
f 2503/2944/2503 2737/2953/2737 2736/2952/2736
f 2737/2953/2737 2503/2944/2503 2504/2945/2504
f 2504/2945/2504 2738/2954/2738 2737/2953/2737
f 2738/2954/2738 2504/2945/2504 2505/2946/2505
f 2505/2946/2505 2739/2955/2739 2738/2954/2738
f 2739/2955/2739 2505/2946/2505 2506/2947/2506
f 2506/2947/2506 2740/2956/2740 2739/2955/2739
f 2740/2956/2740 2506/2947/2506 2507/2948/2507
f 2507/2948/2507 2741/2957/2741 2740/2956/2740
f 2741/2957/2741 2507/2948/2507 2427/2867/2427
f 2427/2867/2427 2669/2876/2669 2741/2957/2741
f 2742/2958/2742 2733/2949/2733 2734/2950/2734
f 2734/2950/2734 2743/2959/2743 2742/2958/2742
f 2743/2959/2743 2734/2950/2734 2735/2951/2735
f 2735/2951/2735 2744/2960/2744 2743/2959/2743
f 2744/2960/2744 2735/2951/2735 2736/2952/2736
f 2736/2952/2736 2745/2961/2745 2744/2960/2744
f 2745/2961/2745 2736/2952/2736 2737/2953/2737
f 2737/2953/2737 2746/2962/2746 2745/2961/2745
f 2746/2962/2746 2737/2953/2737 2738/2954/2738
f 2738/2954/2738 2747/2963/2747 2746/2962/2746
f 2747/2963/2747 2738/2954/2738 2739/2955/2739
f 2739/2955/2739 2748/2964/2748 2747/2963/2747
f 2748/2964/2748 2739/2955/2739 2740/2956/2740
f 2740/2956/2740 2749/2965/2749 2748/2964/2748
f 2749/2965/2749 2740/2956/2740 2741/2957/2741
f 2741/2957/2741 2750/2966/2750 2749/2965/2749
f 2750/2966/2750 2741/2957/2741 2669/2876/2669
f 2669/2876/2669 2678/2885/2678 2750/2966/2750
f 2751/2967/2751 2742/2958/2742 2743/2959/2743
f 2743/2959/2743 2752/2968/2752 2751/2967/2751
f 2752/2968/2752 2743/2959/2743 2744/2960/2744
f 2744/2960/2744 2753/2969/2753 2752/2968/2752
f 2753/2969/2753 2744/2960/2744 2745/2961/2745
f 2745/2961/2745 2754/2970/2754 2753/2969/2753
f 2754/2970/2754 2745/2961/2745 2746/2962/2746
f 2746/2962/2746 2755/2971/2755 2754/2970/2754
f 2755/2971/2755 2746/2962/2746 2747/2963/2747
f 2747/2963/2747 2756/2972/2756 2755/2971/2755
f 2756/2972/2756 2747/2963/2747 2748/2964/2748
f 2748/2964/2748 2757/2973/2757 2756/2972/2756
f 2757/2973/2757 2748/2964/2748 2749/2965/2749
f 2749/2965/2749 2758/2974/2758 2757/2973/2757
f 2758/2974/2758 2749/2965/2749 2750/2966/2750
f 2750/2966/2750 2759/2975/2759 2758/2974/2758
f 2759/2975/2759 2750/2966/2750 2678/2885/2678
f 2678/2885/2678 2687/2894/2687 2759/2975/2759
f 2760/2976/2760 2751/2967/2751 2752/2968/2752
f 2752/2968/2752 2761/2977/2761 2760/2976/2760
f 2761/2977/2761 2752/2968/2752 2753/2969/2753
f 2753/2969/2753 2762/2978/2762 2761/2977/2761
f 2762/2978/2762 2753/2969/2753 2754/2970/2754
f 2754/2970/2754 2763/2979/2763 2762/2978/2762
f 2763/2979/2763 2754/2970/2754 2755/2971/2755
f 2755/2971/2755 2764/2980/2764 2763/2979/2763
f 2764/2980/2764 2755/2971/2755 2756/2972/2756
f 2756/2972/2756 2765/2981/2765 2764/2980/2764
f 2765/2981/2765 2756/2972/2756 2757/2973/2757
f 2757/2973/2757 2766/2982/2766 2765/2981/2765
f 2766/2982/2766 2757/2973/2757 2758/2974/2758
f 2758/2974/2758 2767/2983/2767 2766/2982/2766
f 2767/2983/2767 2758/2974/2758 2759/2975/2759
f 2759/2975/2759 2768/2984/2768 2767/2983/2767
f 2768/2984/2768 2759/2975/2759 2687/2894/2687
f 2687/2894/2687 2696/2903/2696 2768/2984/2768
f 2769/2985/2769 2760/2976/2760 2761/2977/2761
f 2761/2977/2761 2770/2986/2770 2769/2985/2769
f 2770/2986/2770 2761/2977/2761 2762/2978/2762
f 2762/2978/2762 2771/2987/2771 2770/2986/2770
f 2771/2987/2771 2762/2978/2762 2763/2979/2763
f 2763/2979/2763 2772/2988/2772 2771/2987/2771
f 2772/2988/2772 2763/2979/2763 2764/2980/2764
f 2764/2980/2764 2773/2989/2773 2772/2988/2772
f 2773/2989/2773 2764/2980/2764 2765/2981/2765
f 2765/2981/2765 2774/2990/2774 2773/2989/2773
f 2774/2990/2774 2765/2981/2765 2766/2982/2766
f 2766/2982/2766 2775/2991/2775 2774/2990/2774
f 2775/2991/2775 2766/2982/2766 2767/2983/2767
f 2767/2983/2767 2776/2992/2776 2775/2991/2775
f 2776/2992/2776 2767/2983/2767 2768/2984/2768
f 2768/2984/2768 2777/2993/2777 2776/2992/2776
f 2777/2993/2777 2768/2984/2768 2696/2903/2696
f 2696/2903/2696 2705/2912/2705 2777/2993/2777
f 2778/2994/2778 2769/2985/2769 2770/2986/2770
f 2770/2986/2770 2779/2995/2779 2778/2994/2778
f 2779/2995/2779 2770/2986/2770 2771/2987/2771
f 2771/2987/2771 2780/2996/2780 2779/2995/2779
f 2780/2996/2780 2771/2987/2771 2772/2988/2772
f 2772/2988/2772 2781/2997/2781 2780/2996/2780
f 2781/2997/2781 2772/2988/2772 2773/2989/2773
f 2773/2989/2773 2782/2998/2782 2781/2997/2781
f 2782/2998/2782 2773/2989/2773 2774/2990/2774
f 2774/2990/2774 2783/2999/2783 2782/2998/2782
f 2783/2999/2783 2774/2990/2774 2775/2991/2775
f 2775/2991/2775 2784/3000/2784 2783/2999/2783
f 2784/3000/2784 2775/2991/2775 2776/2992/2776
f 2776/2992/2776 2785/3001/2785 2784/3000/2784
f 2785/3001/2785 2776/2992/2776 2777/2993/2777
f 2777/2993/2777 2786/3002/2786 2785/3001/2785
f 2786/3002/2786 2777/2993/2777 2705/2912/2705
f 2705/2912/2705 2714/2921/2714 2786/3002/2786
f 2787/3003/2787 2778/2994/2778 2779/2995/2779
f 2779/2995/2779 2788/3004/2788 2787/3003/2787
f 2788/3004/2788 2779/2995/2779 2780/2996/2780
f 2780/2996/2780 2789/3005/2789 2788/3004/2788
f 2789/3005/2789 2780/2996/2780 2781/2997/2781
f 2781/2997/2781 2790/3006/2790 2789/3005/2789
f 2790/3006/2790 2781/2997/2781 2782/2998/2782
f 2782/2998/2782 2791/3007/2791 2790/3006/2790
f 2791/3007/2791 2782/2998/2782 2783/2999/2783
f 2783/2999/2783 2792/3008/2792 2791/3007/2791
f 2792/3008/2792 2783/2999/2783 2784/3000/2784
f 2784/3000/2784 2793/3009/2793 2792/3008/2792
f 2793/3009/2793 2784/3000/2784 2785/3001/2785
f 2785/3001/2785 2794/3010/2794 2793/3009/2793
f 2794/3010/2794 2785/3001/2785 2786/3002/2786
f 2786/3002/2786 2795/3011/2795 2794/3010/2794
f 2795/3011/2795 2786/3002/2786 2714/2921/2714
f 2714/2921/2714 2723/2930/2723 2795/3011/2795
f 2796/3012/2796 2787/3003/2787 2788/3004/2788
f 2788/3004/2788 2797/3013/2797 2796/3012/2796
f 2797/3013/2797 2788/3004/2788 2789/3005/2789
f 2789/3005/2789 2798/3014/2798 2797/3013/2797
f 2798/3014/2798 2789/3005/2789 2790/3006/2790
f 2790/3006/2790 2799/3015/2799 2798/3014/2798
f 2799/3015/2799 2790/3006/2790 2791/3007/2791
f 2791/3007/2791 2800/3016/2800 2799/3015/2799
f 2800/3016/2800 2791/3007/2791 2792/3008/2792
f 2792/3008/2792 2801/3017/2801 2800/3016/2800
f 2801/3017/2801 2792/3008/2792 2793/3009/2793
f 2793/3009/2793 2802/3018/2802 2801/3017/2801
f 2802/3018/2802 2793/3009/2793 2794/3010/2794
f 2794/3010/2794 2803/3019/2803 2802/3018/2802
f 2803/3019/2803 2794/3010/2794 2795/3011/2795
f 2795/3011/2795 2804/3020/2804 2803/3019/2803
f 2804/3020/2804 2795/3011/2795 2723/2930/2723
f 2723/2930/2723 2732/2939/2732 2804/3020/2804
f 2796/3012/2796 2797/3013/2797 2660/2858/2660
f 2797/3013/2797 2798/3014/2798 2660/2858/2660
f 2798/3014/2798 2799/3015/2799 2660/2858/2660
f 2799/3015/2799 2800/3016/2800 2660/2858/2660
f 2800/3016/2800 2801/3017/2801 2660/2858/2660
f 2801/3017/2801 2802/3018/2802 2660/2858/2660
f 2802/3018/2802 2803/3019/2803 2660/2858/2660
f 2803/3019/2803 2804/3020/2804 2660/2858/2660
f 2804/3020/2804 2732/2939/2732 2660/2858/2660
f 2580/2778/2580 2339/2768/2339 2572/3021/2572
f 2572/3021/2572 2805/3029/2805 2580/2778/2580
f 2805/3029/2805 2572/3021/2572 2573/3022/2573
f 2573/3022/2573 2806/3030/2806 2805/3029/2805
f 2806/3030/2806 2573/3022/2573 2574/3023/2574
f 2574/3023/2574 2807/3031/2807 2806/3030/2806
f 2807/3031/2807 2574/3023/2574 2575/3024/2575
f 2575/3024/2575 2808/3032/2808 2807/3031/2807
f 2808/3032/2808 2575/3024/2575 2576/3025/2576
f 2576/3025/2576 2809/3033/2809 2808/3032/2808
f 2809/3033/2809 2576/3025/2576 2577/3026/2577
f 2577/3026/2577 2810/3034/2810 2809/3033/2809
f 2810/3034/2810 2577/3026/2577 2578/3027/2578
f 2578/3027/2578 2811/3035/2811 2810/3034/2810
f 2811/3035/2811 2578/3027/2578 2579/3028/2579
f 2579/3028/2579 2812/3036/2812 2811/3035/2811
f 2812/3036/2812 2579/3028/2579 2499/2940/2499
f 2499/2940/2499 2733/2949/2733 2812/3036/2812
f 2590/2788/2590 2580/2778/2580 2805/3029/2805
f 2805/3029/2805 2813/3037/2813 2590/2788/2590
f 2813/3037/2813 2805/3029/2805 2806/3030/2806
f 2806/3030/2806 2814/3038/2814 2813/3037/2813
f 2814/3038/2814 2806/3030/2806 2807/3031/2807
f 2807/3031/2807 2815/3039/2815 2814/3038/2814
f 2815/3039/2815 2807/3031/2807 2808/3032/2808
f 2808/3032/2808 2816/3040/2816 2815/3039/2815
f 2816/3040/2816 2808/3032/2808 2809/3033/2809
f 2809/3033/2809 2817/3041/2817 2816/3040/2816
f 2817/3041/2817 2809/3033/2809 2810/3034/2810
f 2810/3034/2810 2818/3042/2818 2817/3041/2817
f 2818/3042/2818 2810/3034/2810 2811/3035/2811
f 2811/3035/2811 2819/3043/2819 2818/3042/2818
f 2819/3043/2819 2811/3035/2811 2812/3036/2812
f 2812/3036/2812 2820/3044/2820 2819/3043/2819
f 2820/3044/2820 2812/3036/2812 2733/2949/2733
f 2733/2949/2733 2742/2958/2742 2820/3044/2820
f 2600/2798/2600 2590/2788/2590 2813/3037/2813
f 2813/3037/2813 2821/3045/2821 2600/2798/2600
f 2821/3045/2821 2813/3037/2813 2814/3038/2814
f 2814/3038/2814 2822/3046/2822 2821/3045/2821
f 2822/3046/2822 2814/3038/2814 2815/3039/2815
f 2815/3039/2815 2823/3047/2823 2822/3046/2822
f 2823/3047/2823 2815/3039/2815 2816/3040/2816
f 2816/3040/2816 2824/3048/2824 2823/3047/2823
f 2824/3048/2824 2816/3040/2816 2817/3041/2817
f 2817/3041/2817 2825/3049/2825 2824/3048/2824
f 2825/3049/2825 2817/3041/2817 2818/3042/2818
f 2818/3042/2818 2826/3050/2826 2825/3049/2825
f 2826/3050/2826 2818/3042/2818 2819/3043/2819
f 2819/3043/2819 2827/3051/2827 2826/3050/2826
f 2827/3051/2827 2819/3043/2819 2820/3044/2820
f 2820/3044/2820 2828/3052/2828 2827/3051/2827
f 2828/3052/2828 2820/3044/2820 2742/2958/2742
f 2742/2958/2742 2751/2967/2751 2828/3052/2828
f 2610/2808/2610 2600/2798/2600 2821/3045/2821
f 2821/3045/2821 2829/3053/2829 2610/2808/2610
f 2829/3053/2829 2821/3045/2821 2822/3046/2822
f 2822/3046/2822 2830/3054/2830 2829/3053/2829
f 2830/3054/2830 2822/3046/2822 2823/3047/2823
f 2823/3047/2823 2831/3055/2831 2830/3054/2830
f 2831/3055/2831 2823/3047/2823 2824/3048/2824
f 2824/3048/2824 2832/3056/2832 2831/3055/2831
f 2832/3056/2832 2824/3048/2824 2825/3049/2825
f 2825/3049/2825 2833/3057/2833 2832/3056/2832
f 2833/3057/2833 2825/3049/2825 2826/3050/2826
f 2826/3050/2826 2834/3058/2834 2833/3057/2833
f 2834/3058/2834 2826/3050/2826 2827/3051/2827
f 2827/3051/2827 2835/3059/2835 2834/3058/2834
f 2835/3059/2835 2827/3051/2827 2828/3052/2828
f 2828/3052/2828 2836/3060/2836 2835/3059/2835
f 2836/3060/2836 2828/3052/2828 2751/2967/2751
f 2751/2967/2751 2760/2976/2760 2836/3060/2836
f 2620/2818/2620 2610/2808/2610 2829/3053/2829
f 2829/3053/2829 2837/3061/2837 2620/2818/2620
f 2837/3061/2837 2829/3053/2829 2830/3054/2830
f 2830/3054/2830 2838/3062/2838 2837/3061/2837
f 2838/3062/2838 2830/3054/2830 2831/3055/2831
f 2831/3055/2831 2839/3063/2839 2838/3062/2838
f 2839/3063/2839 2831/3055/2831 2832/3056/2832
f 2832/3056/2832 2840/3064/2840 2839/3063/2839
f 2840/3064/2840 2832/3056/2832 2833/3057/2833
f 2833/3057/2833 2841/3065/2841 2840/3064/2840
f 2841/3065/2841 2833/3057/2833 2834/3058/2834
f 2834/3058/2834 2842/3066/2842 2841/3065/2841
f 2842/3066/2842 2834/3058/2834 2835/3059/2835
f 2835/3059/2835 2843/3067/2843 2842/3066/2842
f 2843/3067/2843 2835/3059/2835 2836/3060/2836
f 2836/3060/2836 2844/3068/2844 2843/3067/2843
f 2844/3068/2844 2836/3060/2836 2760/2976/2760
f 2760/2976/2760 2769/2985/2769 2844/3068/2844
f 2630/2828/2630 2620/2818/2620 2837/3061/2837
f 2837/3061/2837 2845/3069/2845 2630/2828/2630
f 2845/3069/2845 2837/3061/2837 2838/3062/2838
f 2838/3062/2838 2846/3070/2846 2845/3069/2845
f 2846/3070/2846 2838/3062/2838 2839/3063/2839
f 2839/3063/2839 2847/3071/2847 2846/3070/2846
f 2847/3071/2847 2839/3063/2839 2840/3064/2840
f 2840/3064/2840 2848/3072/2848 2847/3071/2847
f 2848/3072/2848 2840/3064/2840 2841/3065/2841
f 2841/3065/2841 2849/3073/2849 2848/3072/2848
f 2849/3073/2849 2841/3065/2841 2842/3066/2842
f 2842/3066/2842 2850/3074/2850 2849/3073/2849
f 2850/3074/2850 2842/3066/2842 2843/3067/2843
f 2843/3067/2843 2851/3075/2851 2850/3074/2850
f 2851/3075/2851 2843/3067/2843 2844/3068/2844
f 2844/3068/2844 2852/3076/2852 2851/3075/2851
f 2852/3076/2852 2844/3068/2844 2769/2985/2769
f 2769/2985/2769 2778/2994/2778 2852/3076/2852
f 2640/2838/2640 2630/2828/2630 2845/3069/2845
f 2845/3069/2845 2853/3077/2853 2640/2838/2640
f 2853/3077/2853 2845/3069/2845 2846/3070/2846
f 2846/3070/2846 2854/3078/2854 2853/3077/2853
f 2854/3078/2854 2846/3070/2846 2847/3071/2847
f 2847/3071/2847 2855/3079/2855 2854/3078/2854
f 2855/3079/2855 2847/3071/2847 2848/3072/2848
f 2848/3072/2848 2856/3080/2856 2855/3079/2855
f 2856/3080/2856 2848/3072/2848 2849/3073/2849
f 2849/3073/2849 2857/3081/2857 2856/3080/2856
f 2857/3081/2857 2849/3073/2849 2850/3074/2850
f 2850/3074/2850 2858/3082/2858 2857/3081/2857
f 2858/3082/2858 2850/3074/2850 2851/3075/2851
f 2851/3075/2851 2859/3083/2859 2858/3082/2858
f 2859/3083/2859 2851/3075/2851 2852/3076/2852
f 2852/3076/2852 2860/3084/2860 2859/3083/2859
f 2860/3084/2860 2852/3076/2852 2778/2994/2778
f 2778/2994/2778 2787/3003/2787 2860/3084/2860
f 2650/2848/2650 2640/2838/2640 2853/3077/2853
f 2853/3077/2853 2861/3085/2861 2650/2848/2650
f 2861/3085/2861 2853/3077/2853 2854/3078/2854
f 2854/3078/2854 2862/3086/2862 2861/3085/2861
f 2862/3086/2862 2854/3078/2854 2855/3079/2855
f 2855/3079/2855 2863/3087/2863 2862/3086/2862
f 2863/3087/2863 2855/3079/2855 2856/3080/2856
f 2856/3080/2856 2864/3088/2864 2863/3087/2863
f 2864/3088/2864 2856/3080/2856 2857/3081/2857
f 2857/3081/2857 2865/3089/2865 2864/3088/2864
f 2865/3089/2865 2857/3081/2857 2858/3082/2858
f 2858/3082/2858 2866/3090/2866 2865/3089/2865
f 2866/3090/2866 2858/3082/2858 2859/3083/2859
f 2859/3083/2859 2867/3091/2867 2866/3090/2866
f 2867/3091/2867 2859/3083/2859 2860/3084/2860
f 2860/3084/2860 2868/3092/2868 2867/3091/2867
f 2868/3092/2868 2860/3084/2860 2787/3003/2787
f 2787/3003/2787 2796/3012/2796 2868/3092/2868
f 2650/2848/2650 2861/3085/2861 2660/2858/2660
f 2861/3085/2861 2862/3086/2862 2660/2858/2660
f 2862/3086/2862 2863/3087/2863 2660/2858/2660
f 2863/3087/2863 2864/3088/2864 2660/2858/2660
f 2864/3088/2864 2865/3089/2865 2660/2858/2660
f 2865/3089/2865 2866/3090/2866 2660/2858/2660
f 2866/3090/2866 2867/3091/2867 2660/2858/2660
f 2867/3091/2867 2868/3092/2868 2660/2858/2660
f 2868/3092/2868 2796/3012/2796 2660/2858/2660
f 2870/3094/2870 2869/3093/2869 2879/3103/2879
f 2879/3103/2879 2880/3104/2880 2870/3094/2870
f 2871/3095/2871 2870/3094/2870 2880/3104/2880
f 2880/3104/2880 2881/3105/2881 2871/3095/2871
f 2872/3096/2872 2871/3095/2871 2881/3105/2881
f 2881/3105/2881 2882/3106/2882 2872/3096/2872
f 2873/3097/2873 2872/3096/2872 2882/3106/2882
f 2882/3106/2882 2883/3107/2883 2873/3097/2873
f 2874/3098/2874 2873/3097/2873 2883/3107/2883
f 2883/3107/2883 2884/3108/2884 2874/3098/2874
f 2875/3099/2875 2874/3098/2874 2884/3108/2884
f 2884/3108/2884 2885/3109/2885 2875/3099/2875
f 2876/3100/2876 2875/3099/2875 2885/3109/2885
f 2885/3109/2885 2886/3110/2886 2876/3100/2876
f 2877/3101/2877 2876/3100/2876 2886/3110/2886
f 2886/3110/2886 2887/3111/2887 2877/3101/2877
f 2878/3102/2878 2877/3101/2877 2887/3111/2887
f 2887/3111/2887 2888/3112/2888 2878/3102/2878
f 2880/3104/2880 2879/3103/2879 2889/3113/2889
f 2889/3113/2889 2890/3114/2890 2880/3104/2880
f 2881/3105/2881 2880/3104/2880 2890/3114/2890
f 2890/3114/2890 2891/3115/2891 2881/3105/2881
f 2882/3106/2882 2881/3105/2881 2891/3115/2891
f 2891/3115/2891 2892/3116/2892 2882/3106/2882
f 2883/3107/2883 2882/3106/2882 2892/3116/2892
f 2892/3116/2892 2893/3117/2893 2883/3107/2883
f 2884/3108/2884 2883/3107/2883 2893/3117/2893
f 2893/3117/2893 2894/3118/2894 2884/3108/2884
f 2885/3109/2885 2884/3108/2884 2894/3118/2894
f 2894/3118/2894 2895/3119/2895 2885/3109/2885
f 2886/3110/2886 2885/3109/2885 2895/3119/2895
f 2895/3119/2895 2896/3120/2896 2886/3110/2886
f 2887/3111/2887 2886/3110/2886 2896/3120/2896
f 2896/3120/2896 2897/3121/2897 2887/3111/2887
f 2888/3112/2888 2887/3111/2887 2897/3121/2897
f 2897/3121/2897 2898/3122/2898 2888/3112/2888
f 2890/3114/2890 2889/3113/2889 2899/3123/2899
f 2899/3123/2899 2900/3124/2900 2890/3114/2890
f 2891/3115/2891 2890/3114/2890 2900/3124/2900
f 2900/3124/2900 2901/3125/2901 2891/3115/2891
f 2892/3116/2892 2891/3115/2891 2901/3125/2901
f 2901/3125/2901 2902/3126/2902 2892/3116/2892
f 2893/3117/2893 2892/3116/2892 2902/3126/2902
f 2902/3126/2902 2903/3127/2903 2893/3117/2893
f 2894/3118/2894 2893/3117/2893 2903/3127/2903
f 2903/3127/2903 2904/3128/2904 2894/3118/2894
f 2895/3119/2895 2894/3118/2894 2904/3128/2904
f 2904/3128/2904 2905/3129/2905 2895/3119/2895
f 2896/3120/2896 2895/3119/2895 2905/3129/2905
f 2905/3129/2905 2906/3130/2906 2896/3120/2896
f 2897/3121/2897 2896/3120/2896 2906/3130/2906
f 2906/3130/2906 2907/3131/2907 2897/3121/2897
f 2898/3122/2898 2897/3121/2897 2907/3131/2907
f 2907/3131/2907 2908/3132/2908 2898/3122/2898
f 2900/3124/2900 2899/3123/2899 2909/3133/2909
f 2909/3133/2909 2910/3134/2910 2900/3124/2900
f 2901/3125/2901 2900/3124/2900 2910/3134/2910
f 2910/3134/2910 2911/3135/2911 2901/3125/2901
f 2902/3126/2902 2901/3125/2901 2911/3135/2911
f 2911/3135/2911 2912/3136/2912 2902/3126/2902
f 2903/3127/2903 2902/3126/2902 2912/3136/2912
f 2912/3136/2912 2913/3137/2913 2903/3127/2903
f 2904/3128/2904 2903/3127/2903 2913/3137/2913
f 2913/3137/2913 2914/3138/2914 2904/3128/2904
f 2905/3129/2905 2904/3128/2904 2914/3138/2914
f 2914/3138/2914 2915/3139/2915 2905/3129/2905
f 2906/3130/2906 2905/3129/2905 2915/3139/2915
f 2915/3139/2915 2916/3140/2916 2906/3130/2906
f 2907/3131/2907 2906/3130/2906 2916/3140/2916
f 2916/3140/2916 2917/3141/2917 2907/3131/2907
f 2908/3132/2908 2907/3131/2907 2917/3141/2917
f 2917/3141/2917 2918/3142/2918 2908/3132/2908
f 2910/3134/2910 2909/3133/2909 2919/3143/2919
f 2919/3143/2919 2920/3144/2920 2910/3134/2910
f 2911/3135/2911 2910/3134/2910 2920/3144/2920
f 2920/3144/2920 2921/3145/2921 2911/3135/2911
f 2912/3136/2912 2911/3135/2911 2921/3145/2921
f 2921/3145/2921 2922/3146/2922 2912/3136/2912
f 2913/3137/2913 2912/3136/2912 2922/3146/2922
f 2922/3146/2922 2923/3147/2923 2913/3137/2913
f 2914/3138/2914 2913/3137/2913 2923/3147/2923
f 2923/3147/2923 2924/3148/2924 2914/3138/2914
f 2915/3139/2915 2914/3138/2914 2924/3148/2924
f 2924/3148/2924 2925/3149/2925 2915/3139/2915
f 2916/3140/2916 2915/3139/2915 2925/3149/2925
f 2925/3149/2925 2926/3150/2926 2916/3140/2916
f 2917/3141/2917 2916/3140/2916 2926/3150/2926
f 2926/3150/2926 2927/3151/2927 2917/3141/2917
f 2918/3142/2918 2917/3141/2917 2927/3151/2927
f 2927/3151/2927 2928/3152/2928 2918/3142/2918
f 2920/3144/2920 2919/3143/2919 2929/3153/2929
f 2929/3153/2929 2930/3154/2930 2920/3144/2920
f 2921/3145/2921 2920/3144/2920 2930/3154/2930
f 2930/3154/2930 2931/3155/2931 2921/3145/2921
f 2922/3146/2922 2921/3145/2921 2931/3155/2931
f 2931/3155/2931 2932/3156/2932 2922/3146/2922
f 2923/3147/2923 2922/3146/2922 2932/3156/2932
f 2932/3156/2932 2933/3157/2933 2923/3147/2923
f 2924/3148/2924 2923/3147/2923 2933/3157/2933
f 2933/3157/2933 2934/3158/2934 2924/3148/2924
f 2925/3149/2925 2924/3148/2924 2934/3158/2934
f 2934/3158/2934 2935/3159/2935 2925/3149/2925
f 2926/3150/2926 2925/3149/2925 2935/3159/2935
f 2935/3159/2935 2936/3160/2936 2926/3150/2926
f 2927/3151/2927 2926/3150/2926 2936/3160/2936
f 2936/3160/2936 2937/3161/2937 2927/3151/2927
f 2928/3152/2928 2927/3151/2927 2937/3161/2937
f 2937/3161/2937 2938/3162/2938 2928/3152/2928
f 2930/3154/2930 2929/3153/2929 2939/3163/2939
f 2939/3163/2939 2940/3164/2940 2930/3154/2930
f 2931/3155/2931 2930/3154/2930 2940/3164/2940
f 2940/3164/2940 2941/3165/2941 2931/3155/2931
f 2932/3156/2932 2931/3155/2931 2941/3165/2941
f 2941/3165/2941 2942/3166/2942 2932/3156/2932
f 2933/3157/2933 2932/3156/2932 2942/3166/2942
f 2942/3166/2942 2943/3167/2943 2933/3157/2933
f 2934/3158/2934 2933/3157/2933 2943/3167/2943
f 2943/3167/2943 2944/3168/2944 2934/3158/2934
f 2935/3159/2935 2934/3158/2934 2944/3168/2944
f 2944/3168/2944 2945/3169/2945 2935/3159/2935
f 2936/3160/2936 2935/3159/2935 2945/3169/2945
f 2945/3169/2945 2946/3170/2946 2936/3160/2936
f 2937/3161/2937 2936/3160/2936 2946/3170/2946
f 2946/3170/2946 2947/3171/2947 2937/3161/2937
f 2938/3162/2938 2937/3161/2937 2947/3171/2947
f 2947/3171/2947 2948/3172/2948 2938/3162/2938
f 2940/3164/2940 2939/3163/2939 491/516/491
f 491/516/491 492/517/492 2940/3164/2940
f 2941/3165/2941 2940/3164/2940 492/517/492
f 492/517/492 493/518/493 2941/3165/2941
f 2942/3166/2942 2941/3165/2941 493/518/493
f 493/518/493 494/519/494 2942/3166/2942
f 2943/3167/2943 2942/3166/2942 494/519/494
f 494/519/494 495/520/495 2943/3167/2943
f 2944/3168/2944 2943/3167/2943 495/520/495
f 495/520/495 496/521/496 2944/3168/2944
f 2945/3169/2945 2944/3168/2944 496/521/496
f 496/521/496 497/522/497 2945/3169/2945
f 2946/3170/2946 2945/3169/2945 497/522/497
f 497/522/497 498/523/498 2946/3170/2946
f 2947/3171/2947 2946/3170/2946 498/523/498
f 498/523/498 499/524/499 2947/3171/2947
f 2948/3172/2948 2947/3171/2947 499/524/499
f 499/524/499 500/525/500 2948/3172/2948
f 2951/3174/2951 2870/3094/2870 2952/3175/2952
f 2951/3174/2951 2869/3093/2869 2870/3094/2870
f 2952/3175/2952 2871/3095/2871 2953/3176/2953
f 2952/3175/2952 2870/3094/2870 2871/3095/2871
f 2953/3176/2953 2872/3096/2872 2954/3177/2954
f 2953/3176/2953 2871/3095/2871 2872/3096/2872
f 2955/3178/2955 2954/3177/2954 2872/3096/2872
f 2955/3178/2955 2872/3096/2872 2873/3097/2873
f 2955/3178/2955 2873/3097/2873 2956/3179/2956
f 2957/3180/2957 2956/3179/2956 2873/3097/2873
f 2957/3180/2957 2873/3097/2873 2874/3098/2874
f 2958/3181/2958 2957/3180/2957 2874/3098/2874
f 2959/3182/2959 2958/3181/2958 2874/3098/2874
f 2959/3182/2959 2874/3098/2874 2875/3099/2875
f 2960/3183/2960 2959/3182/2959 2875/3099/2875
f 2961/3184/2961 2960/3183/2960 2875/3099/2875
f 2961/3184/2961 2875/3099/2875 2876/3100/2876
f 2961/3184/2961 2876/3100/2876 2962/3185/2962
f 2962/3185/2962 2877/3101/2877 2963/3186/2963
f 2962/3185/2962 2876/3100/2876 2877/3101/2877
f 2964/3187/2964 2963/3186/2963 2877/3101/2877
f 2964/3187/2964 2877/3101/2877 2878/3102/2878
f 2951/3174/2951 2952/3175/2952 2968/3191/2968
f 2968/3191/2968 2965/3188/2965 2951/3174/2951
f 2965/3188/2965 2968/3191/2968 2969/3192/2969
f 2969/3192/2969 2966/3189/2966 2965/3188/2965
f 2966/3189/2966 2969/3192/2969 2970/3193/2970
f 2970/3193/2970 2967/3190/2967 2966/3189/2966
f 2952/3175/2952 2953/3176/2953 2971/3194/2971
f 2971/3194/2971 2968/3191/2968 2952/3175/2952
f 2968/3191/2968 2971/3194/2971 2972/3195/2972
f 2972/3195/2972 2969/3192/2969 2968/3191/2968
f 2969/3192/2969 2972/3195/2972 2973/3196/2973
f 2973/3196/2973 2970/3193/2970 2969/3192/2969
f 2953/3176/2953 2954/3177/2954 2974/3197/2974
f 2974/3197/2974 2971/3194/2971 2953/3176/2953
f 2971/3194/2971 2974/3197/2974 2975/3198/2975
f 2975/3198/2975 2972/3195/2972 2971/3194/2971
f 2972/3195/2972 2975/3198/2975 2976/3199/2976
f 2976/3199/2976 2973/3196/2973 2972/3195/2972
f 2954/3177/2954 2955/3178/2955 2977/3200/2977
f 2977/3200/2977 2974/3197/2974 2954/3177/2954
f 2974/3197/2974 2977/3200/2977 2978/3201/2978
f 2978/3201/2978 2975/3198/2975 2974/3197/2974
f 2975/3198/2975 2978/3201/2978 2979/3202/2979
f 2979/3202/2979 2976/3199/2976 2975/3198/2975
f 2955/3178/2955 2956/3179/2956 2980/3203/2980
f 2980/3203/2980 2977/3200/2977 2955/3178/2955
f 2977/3200/2977 2980/3203/2980 2981/3204/2981
f 2981/3204/2981 2978/3201/2978 2977/3200/2977
f 2978/3201/2978 2981/3204/2981 2982/3205/2982
f 2982/3205/2982 2979/3202/2979 2978/3201/2978
f 2956/3179/2956 2957/3180/2957 2983/3206/2983
f 2983/3206/2983 2980/3203/2980 2956/3179/2956
f 2980/3203/2980 2983/3206/2983 2984/3207/2984
f 2984/3207/2984 2981/3204/2981 2980/3203/2980
f 2981/3204/2981 2984/3207/2984 2985/3208/2985
f 2985/3208/2985 2982/3205/2982 2981/3204/2981
f 2957/3180/2957 2958/3181/2958 2986/3209/2986
f 2986/3209/2986 2983/3206/2983 2957/3180/2957
f 2983/3206/2983 2986/3209/2986 2987/3210/2987
f 2987/3210/2987 2984/3207/2984 2983/3206/2983
f 2984/3207/2984 2987/3210/2987 2988/3211/2988
f 2988/3211/2988 2985/3208/2985 2984/3207/2984
f 2958/3181/2958 2959/3182/2959 2989/3212/2989
f 2989/3212/2989 2986/3209/2986 2958/3181/2958
f 2986/3209/2986 2989/3212/2989 2990/3213/2990
f 2990/3213/2990 2987/3210/2987 2986/3209/2986
f 2987/3210/2987 2990/3213/2990 2991/3214/2991
f 2991/3214/2991 2988/3211/2988 2987/3210/2987
f 2959/3182/2959 2960/3183/2960 2992/3215/2992
f 2992/3215/2992 2989/3212/2989 2959/3182/2959
f 2989/3212/2989 2992/3215/2992 2993/3216/2993
f 2993/3216/2993 2990/3213/2990 2989/3212/2989
f 2990/3213/2990 2993/3216/2993 2994/3217/2994
f 2994/3217/2994 2991/3214/2991 2990/3213/2990
f 2960/3183/2960 2961/3184/2961 2995/3218/2995
f 2995/3218/2995 2992/3215/2992 2960/3183/2960
f 2992/3215/2992 2995/3218/2995 2996/3219/2996
f 2996/3219/2996 2993/3216/2993 2992/3215/2992
f 2993/3216/2993 2996/3219/2996 2997/3220/2997
f 2997/3220/2997 2994/3217/2994 2993/3216/2993
f 2961/3184/2961 2962/3185/2962 2998/3221/2998
f 2998/3221/2998 2995/3218/2995 2961/3184/2961
f 2995/3218/2995 2998/3221/2998 2999/3222/2999
f 2999/3222/2999 2996/3219/2996 2995/3218/2995
f 2996/3219/2996 2999/3222/2999 3000/3223/3000
f 3000/3223/3000 2997/3220/2997 2996/3219/2996
f 2962/3185/2962 2963/3186/2963 3001/3224/3001
f 3001/3224/3001 2998/3221/2998 2962/3185/2962
f 2998/3221/2998 3001/3224/3001 3002/3225/3002
f 3002/3225/3002 2999/3222/2999 2998/3221/2998
f 2999/3222/2999 3002/3225/3002 3003/3226/3003
f 3003/3226/3003 3000/3223/3000 2999/3222/2999
f 2963/3186/2963 2964/3187/2964 3004/3227/3004
f 3004/3227/3004 3001/3224/3001 2963/3186/2963
f 3001/3224/3001 3004/3227/3004 3005/3228/3005
f 3005/3228/3005 3002/3225/3002 3001/3224/3001
f 3002/3225/3002 3005/3228/3005 3006/3229/3006
f 3006/3229/3006 3003/3226/3003 3002/3225/3002
f 2879/3239/2879 2869/3230/2869 3007/3231/3007
f 3007/3231/3007 3015/3240/3015 2879/3239/2879
f 3015/3240/3015 3007/3231/3007 3008/3232/3008
f 3008/3232/3008 3016/3241/3016 3015/3240/3015
f 3016/3241/3016 3008/3232/3008 3009/3233/3009
f 3009/3233/3009 3017/3242/3017 3016/3241/3016
f 3017/3242/3017 3009/3233/3009 3010/3234/3010
f 3010/3234/3010 3018/3243/3018 3017/3242/3017
f 3018/3243/3018 3010/3234/3010 3011/3235/3011
f 3011/3235/3011 3019/3244/3019 3018/3243/3018
f 3019/3244/3019 3011/3235/3011 3012/3236/3012
f 3012/3236/3012 3020/3245/3020 3019/3244/3019
f 3020/3245/3020 3012/3236/3012 3013/3237/3013
f 3013/3237/3013 3021/3246/3021 3020/3245/3020
f 3021/3246/3021 3013/3237/3013 3014/3238/3014
f 3014/3238/3014 3022/3247/3022 3021/3246/3021
f 3022/3247/3022 3014/3238/3014 2878/3102/2878
f 2878/3102/2878 2888/3112/2888 3022/3247/3022
f 2889/3248/2889 2879/3239/2879 3015/3240/3015
f 3015/3240/3015 3023/3249/3023 2889/3248/2889
f 3023/3249/3023 3015/3240/3015 3016/3241/3016
f 3016/3241/3016 3024/3250/3024 3023/3249/3023
f 3024/3250/3024 3016/3241/3016 3017/3242/3017
f 3017/3242/3017 3025/3251/3025 3024/3250/3024
f 3025/3251/3025 3017/3242/3017 3018/3243/3018
f 3018/3243/3018 3026/3252/3026 3025/3251/3025
f 3026/3252/3026 3018/3243/3018 3019/3244/3019
f 3019/3244/3019 3027/3253/3027 3026/3252/3026
f 3027/3253/3027 3019/3244/3019 3020/3245/3020
f 3020/3245/3020 3028/3254/3028 3027/3253/3027
f 3028/3254/3028 3020/3245/3020 3021/3246/3021
f 3021/3246/3021 3029/3255/3029 3028/3254/3028
f 3029/3255/3029 3021/3246/3021 3022/3247/3022
f 3022/3247/3022 3030/3256/3030 3029/3255/3029
f 3030/3256/3030 3022/3247/3022 2888/3112/2888
f 2888/3112/2888 2898/3122/2898 3030/3256/3030
f 2899/3257/2899 2889/3248/2889 3023/3249/3023
f 3023/3249/3023 3031/3258/3031 2899/3257/2899
f 3031/3258/3031 3023/3249/3023 3024/3250/3024
f 3024/3250/3024 3032/3259/3032 3031/3258/3031
f 3032/3259/3032 3024/3250/3024 3025/3251/3025
f 3025/3251/3025 3033/3260/3033 3032/3259/3032
f 3033/3260/3033 3025/3251/3025 3026/3252/3026
f 3026/3252/3026 3034/3261/3034 3033/3260/3033
f 3034/3261/3034 3026/3252/3026 3027/3253/3027
f 3027/3253/3027 3035/3262/3035 3034/3261/3034
f 3035/3262/3035 3027/3253/3027 3028/3254/3028
f 3028/3254/3028 3036/3263/3036 3035/3262/3035
f 3036/3263/3036 3028/3254/3028 3029/3255/3029
f 3029/3255/3029 3037/3264/3037 3036/3263/3036
f 3037/3264/3037 3029/3255/3029 3030/3256/3030
f 3030/3256/3030 3038/3265/3038 3037/3264/3037
f 3038/3265/3038 3030/3256/3030 2898/3122/2898
f 2898/3122/2898 2908/3132/2908 3038/3265/3038
f 2909/3266/2909 2899/3257/2899 3031/3258/3031
f 3031/3258/3031 3039/3267/3039 2909/3266/2909
f 3039/3267/3039 3031/3258/3031 3032/3259/3032
f 3032/3259/3032 3040/3268/3040 3039/3267/3039
f 3040/3268/3040 3032/3259/3032 3033/3260/3033
f 3033/3260/3033 3041/3269/3041 3040/3268/3040
f 3041/3269/3041 3033/3260/3033 3034/3261/3034
f 3034/3261/3034 3042/3270/3042 3041/3269/3041
f 3042/3270/3042 3034/3261/3034 3035/3262/3035
f 3035/3262/3035 3043/3271/3043 3042/3270/3042
f 3043/3271/3043 3035/3262/3035 3036/3263/3036
f 3036/3263/3036 3044/3272/3044 3043/3271/3043
f 3044/3272/3044 3036/3263/3036 3037/3264/3037
f 3037/3264/3037 3045/3273/3045 3044/3272/3044
f 3045/3273/3045 3037/3264/3037 3038/3265/3038
f 3038/3265/3038 3046/3274/3046 3045/3273/3045
f 3046/3274/3046 3038/3265/3038 2908/3132/2908
f 2908/3132/2908 2918/3142/2918 3046/3274/3046
f 2919/3275/2919 2909/3266/2909 3039/3267/3039
f 3039/3267/3039 3047/3276/3047 2919/3275/2919
f 3047/3276/3047 3039/3267/3039 3040/3268/3040
f 3040/3268/3040 3048/3277/3048 3047/3276/3047
f 3048/3277/3048 3040/3268/3040 3041/3269/3041
f 3041/3269/3041 3049/3278/3049 3048/3277/3048
f 3049/3278/3049 3041/3269/3041 3042/3270/3042
f 3042/3270/3042 3050/3279/3050 3049/3278/3049
f 3050/3279/3050 3042/3270/3042 3043/3271/3043
f 3043/3271/3043 3051/3280/3051 3050/3279/3050
f 3051/3280/3051 3043/3271/3043 3044/3272/3044
f 3044/3272/3044 3052/3281/3052 3051/3280/3051
f 3052/3281/3052 3044/3272/3044 3045/3273/3045
f 3045/3273/3045 3053/3282/3053 3052/3281/3052
f 3053/3282/3053 3045/3273/3045 3046/3274/3046
f 3046/3274/3046 3054/3283/3054 3053/3282/3053
f 3054/3283/3054 3046/3274/3046 2918/3142/2918
f 2918/3142/2918 2928/3152/2928 3054/3283/3054
f 2929/3284/2929 2919/3275/2919 3047/3276/3047
f 3047/3276/3047 3055/3285/3055 2929/3284/2929
f 3055/3285/3055 3047/3276/3047 3048/3277/3048
f 3048/3277/3048 3056/3286/3056 3055/3285/3055
f 3056/3286/3056 3048/3277/3048 3049/3278/3049
f 3049/3278/3049 3057/3287/3057 3056/3286/3056
f 3057/3287/3057 3049/3278/3049 3050/3279/3050
f 3050/3279/3050 3058/3288/3058 3057/3287/3057
f 3058/3288/3058 3050/3279/3050 3051/3280/3051
f 3051/3280/3051 3059/3289/3059 3058/3288/3058
f 3059/3289/3059 3051/3280/3051 3052/3281/3052
f 3052/3281/3052 3060/3290/3060 3059/3289/3059
f 3060/3290/3060 3052/3281/3052 3053/3282/3053
f 3053/3282/3053 3061/3291/3061 3060/3290/3060
f 3061/3291/3061 3053/3282/3053 3054/3283/3054
f 3054/3283/3054 3062/3292/3062 3061/3291/3061
f 3062/3292/3062 3054/3283/3054 2928/3152/2928
f 2928/3152/2928 2938/3162/2938 3062/3292/3062
f 2939/3293/2939 2929/3284/2929 3055/3285/3055
f 3055/3285/3055 3063/3294/3063 2939/3293/2939
f 3063/3294/3063 3055/3285/3055 3056/3286/3056
f 3056/3286/3056 3064/3295/3064 3063/3294/3063
f 3064/3295/3064 3056/3286/3056 3057/3287/3057
f 3057/3287/3057 3065/3296/3065 3064/3295/3064
f 3065/3296/3065 3057/3287/3057 3058/3288/3058
f 3058/3288/3058 3066/3297/3066 3065/3296/3065
f 3066/3297/3066 3058/3288/3058 3059/3289/3059
f 3059/3289/3059 3067/3298/3067 3066/3297/3066
f 3067/3298/3067 3059/3289/3059 3060/3290/3060
f 3060/3290/3060 3068/3299/3068 3067/3298/3067
f 3068/3299/3068 3060/3290/3060 3061/3291/3061
f 3061/3291/3061 3069/3300/3069 3068/3299/3068
f 3069/3300/3069 3061/3291/3061 3062/3292/3062
f 3062/3292/3062 3070/3301/3070 3069/3300/3069
f 3070/3301/3070 3062/3292/3062 2938/3162/2938
f 2938/3162/2938 2948/3172/2948 3070/3301/3070
f 2949/3302/2949 2939/3293/2939 3063/3294/3063
f 3063/3294/3063 3071/3303/3071 2949/3302/2949
f 3071/3303/3071 3063/3294/3063 3064/3295/3064
f 3064/3295/3064 3072/3304/3072 3071/3303/3071
f 3072/3304/3072 3064/3295/3064 3065/3296/3065
f 3065/3296/3065 3073/3305/3073 3072/3304/3072
f 3073/3305/3073 3065/3296/3065 3066/3297/3066
f 3066/3297/3066 3074/3306/3074 3073/3305/3073
f 3074/3306/3074 3066/3297/3066 3067/3298/3067
f 3067/3298/3067 3075/3307/3075 3074/3306/3074
f 3075/3307/3075 3067/3298/3067 3068/3299/3068
f 3068/3299/3068 3076/3308/3076 3075/3307/3075
f 3076/3308/3076 3068/3299/3068 3069/3300/3069
f 3069/3300/3069 3077/3309/3077 3076/3308/3076
f 3077/3309/3077 3069/3300/3069 3070/3301/3070
f 3070/3301/3070 3078/3310/3078 3077/3309/3077
f 3078/3310/3078 3070/3301/3070 2948/3172/2948
f 2948/3172/2948 2950/3173/2950 3078/3310/3078
f 3007/3231/3007 2951/3311/2951 3079/3312/3079
f 2869/3230/2869 2951/3311/2951 3007/3231/3007
f 3008/3232/3008 3079/3312/3079 3080/3313/3080
f 3007/3231/3007 3079/3312/3079 3008/3232/3008
f 3009/3233/3009 3080/3313/3080 3081/3314/3081
f 3008/3232/3008 3080/3313/3080 3009/3233/3009
f 3081/3314/3081 3082/3315/3082 3009/3233/3009
f 3009/3233/3009 3082/3315/3082 3010/3234/3010
f 3010/3234/3010 3082/3315/3082 3083/3316/3083
f 3083/3316/3083 3084/3317/3084 3010/3234/3010
f 3010/3234/3010 3084/3317/3084 3011/3235/3011
f 3084/3317/3084 3085/3318/3085 3011/3235/3011
f 3085/3318/3085 3086/3319/3086 3011/3235/3011
f 3011/3235/3011 3086/3319/3086 3012/3236/3012
f 3086/3319/3086 3087/3320/3087 3012/3236/3012
f 3087/3320/3087 3088/3321/3088 3012/3236/3012
f 3012/3236/3012 3088/3321/3088 3013/3237/3013
f 3013/3237/3013 3088/3321/3088 3089/3322/3089
f 3014/3238/3014 3089/3322/3089 3090/3323/3090
f 3013/3237/3013 3089/3322/3089 3014/3238/3014
f 3090/3323/3090 2964/3187/2964 3014/3238/3014
f 3014/3238/3014 2964/3187/2964 2878/3102/2878
f 3091/3327/3091 3079/3312/3079 2951/3311/2951
f 2951/3311/2951 2965/3324/2965 3091/3327/3091
f 3092/3328/3092 3091/3327/3091 2965/3324/2965
f 2965/3324/2965 2966/3325/2966 3092/3328/3092
f 3093/3329/3093 3092/3328/3092 2966/3325/2966
f 2966/3325/2966 2967/3326/2967 3093/3329/3093
f 3094/3330/3094 3080/3313/3080 3079/3312/3079
f 3079/3312/3079 3091/3327/3091 3094/3330/3094
f 3095/3331/3095 3094/3330/3094 3091/3327/3091
f 3091/3327/3091 3092/3328/3092 3095/3331/3095
f 3096/3332/3096 3095/3331/3095 3092/3328/3092
f 3092/3328/3092 3093/3329/3093 3096/3332/3096
f 3097/3333/3097 3081/3314/3081 3080/3313/3080
f 3080/3313/3080 3094/3330/3094 3097/3333/3097
f 3098/3334/3098 3097/3333/3097 3094/3330/3094
f 3094/3330/3094 3095/3331/3095 3098/3334/3098
f 3099/3335/3099 3098/3334/3098 3095/3331/3095
f 3095/3331/3095 3096/3332/3096 3099/3335/3099
f 3100/3336/3100 3082/3315/3082 3081/3314/3081
f 3081/3314/3081 3097/3333/3097 3100/3336/3100
f 3101/3337/3101 3100/3336/3100 3097/3333/3097
f 3097/3333/3097 3098/3334/3098 3101/3337/3101
f 3102/3338/3102 3101/3337/3101 3098/3334/3098
f 3098/3334/3098 3099/3335/3099 3102/3338/3102
f 3103/3339/3103 3083/3316/3083 3082/3315/3082
f 3082/3315/3082 3100/3336/3100 3103/3339/3103
f 3104/3340/3104 3103/3339/3103 3100/3336/3100
f 3100/3336/3100 3101/3337/3101 3104/3340/3104
f 3105/3341/3105 3104/3340/3104 3101/3337/3101
f 3101/3337/3101 3102/3338/3102 3105/3341/3105
f 3106/3342/3106 3084/3317/3084 3083/3316/3083
f 3083/3316/3083 3103/3339/3103 3106/3342/3106
f 3107/3343/3107 3106/3342/3106 3103/3339/3103
f 3103/3339/3103 3104/3340/3104 3107/3343/3107
f 3108/3344/3108 3107/3343/3107 3104/3340/3104
f 3104/3340/3104 3105/3341/3105 3108/3344/3108
f 3109/3345/3109 3085/3318/3085 3084/3317/3084
f 3084/3317/3084 3106/3342/3106 3109/3345/3109
f 3110/3346/3110 3109/3345/3109 3106/3342/3106
f 3106/3342/3106 3107/3343/3107 3110/3346/3110
f 3111/3347/3111 3110/3346/3110 3107/3343/3107
f 3107/3343/3107 3108/3344/3108 3111/3347/3111
f 3112/3348/3112 3086/3319/3086 3085/3318/3085
f 3085/3318/3085 3109/3345/3109 3112/3348/3112
f 3113/3349/3113 3112/3348/3112 3109/3345/3109
f 3109/3345/3109 3110/3346/3110 3113/3349/3113
f 3114/3350/3114 3113/3349/3113 3110/3346/3110
f 3110/3346/3110 3111/3347/3111 3114/3350/3114
f 3115/3351/3115 3087/3320/3087 3086/3319/3086
f 3086/3319/3086 3112/3348/3112 3115/3351/3115
f 3116/3352/3116 3115/3351/3115 3112/3348/3112
f 3112/3348/3112 3113/3349/3113 3116/3352/3116
f 3117/3353/3117 3116/3352/3116 3113/3349/3113
f 3113/3349/3113 3114/3350/3114 3117/3353/3117
f 3118/3354/3118 3088/3321/3088 3087/3320/3087
f 3087/3320/3087 3115/3351/3115 3118/3354/3118
f 3119/3355/3119 3118/3354/3118 3115/3351/3115
f 3115/3351/3115 3116/3352/3116 3119/3355/3119
f 3120/3356/3120 3119/3355/3119 3116/3352/3116
f 3116/3352/3116 3117/3353/3117 3120/3356/3120
f 3121/3357/3121 3089/3322/3089 3088/3321/3088
f 3088/3321/3088 3118/3354/3118 3121/3357/3121
f 3122/3358/3122 3121/3357/3121 3118/3354/3118
f 3118/3354/3118 3119/3355/3119 3122/3358/3122
f 3123/3359/3123 3122/3358/3122 3119/3355/3119
f 3119/3355/3119 3120/3356/3120 3123/3359/3123
f 3124/3360/3124 3090/3323/3090 3089/3322/3089
f 3089/3322/3089 3121/3357/3121 3124/3360/3124
f 3125/3361/3125 3124/3360/3124 3121/3357/3121
f 3121/3357/3121 3122/3358/3122 3125/3361/3125
f 3126/3362/3126 3125/3361/3125 3122/3358/3122
f 3122/3358/3122 3123/3359/3123 3126/3362/3126
f 3004/3227/3004 2964/3187/2964 3090/3323/3090
f 3090/3323/3090 3124/3360/3124 3004/3227/3004
f 3005/3228/3005 3004/3227/3004 3124/3360/3124
f 3124/3360/3124 3125/3361/3125 3005/3228/3005
f 3006/3229/3006 3005/3228/3005 3125/3361/3125
f 3125/3361/3125 3126/3362/3126 3006/3229/3006
f 3127/3363/3127 3128/3364/3128 3129/3365/3129
f 3127/3363/3127 3129/3365/3129 3130/3366/3130
f 3127/3363/3127 3130/3366/3130 3131/3367/3131
f 3127/3363/3127 3131/3367/3131 3132/3368/3132
f 3127/3363/3127 3132/3368/3132 3133/3369/3133
f 3127/3363/3127 3133/3369/3133 3134/3370/3134
f 3127/3363/3127 3134/3370/3134 3135/3371/3135
f 3127/3363/3127 3135/3371/3135 3136/3372/3136
f 3127/3363/3127 3136/3372/3136 3137/3373/3137
f 3129/3365/3129 3128/3364/3128 3138/3374/3138
f 3138/3374/3138 3139/3375/3139 3129/3365/3129
f 3130/3366/3130 3129/3365/3129 3139/3375/3139
f 3139/3375/3139 3140/3376/3140 3130/3366/3130
f 3131/3367/3131 3130/3366/3130 3140/3376/3140
f 3140/3376/3140 3141/3377/3141 3131/3367/3131
f 3132/3368/3132 3131/3367/3131 3141/3377/3141
f 3141/3377/3141 3142/3378/3142 3132/3368/3132
f 3133/3369/3133 3132/3368/3132 3142/3378/3142
f 3142/3378/3142 3143/3379/3143 3133/3369/3133
f 3134/3370/3134 3133/3369/3133 3143/3379/3143
f 3143/3379/3143 3144/3380/3144 3134/3370/3134
f 3135/3371/3135 3134/3370/3134 3144/3380/3144
f 3144/3380/3144 3145/3381/3145 3135/3371/3135
f 3136/3372/3136 3135/3371/3135 3145/3381/3145
f 3145/3381/3145 3146/3382/3146 3136/3372/3136
f 3137/3373/3137 3136/3372/3136 3146/3382/3146
f 3146/3382/3146 3147/3383/3147 3137/3373/3137
f 3139/3375/3139 3138/3374/3138 3148/3384/3148
f 3148/3384/3148 3149/3385/3149 3139/3375/3139
f 3140/3376/3140 3139/3375/3139 3149/3385/3149
f 3149/3385/3149 3150/3386/3150 3140/3376/3140
f 3141/3377/3141 3140/3376/3140 3150/3386/3150
f 3150/3386/3150 3151/3387/3151 3141/3377/3141
f 3142/3378/3142 3141/3377/3141 3151/3387/3151
f 3151/3387/3151 3152/3388/3152 3142/3378/3142
f 3143/3379/3143 3142/3378/3142 3152/3388/3152
f 3152/3388/3152 3153/3389/3153 3143/3379/3143
f 3144/3380/3144 3143/3379/3143 3153/3389/3153
f 3153/3389/3153 3154/3390/3154 3144/3380/3144
f 3145/3381/3145 3144/3380/3144 3154/3390/3154
f 3154/3390/3154 3155/3391/3155 3145/3381/3145
f 3146/3382/3146 3145/3381/3145 3155/3391/3155
f 3155/3391/3155 3156/3392/3156 3146/3382/3146
f 3147/3383/3147 3146/3382/3146 3156/3392/3156
f 3156/3392/3156 3157/3393/3157 3147/3383/3147
f 3149/3385/3149 3148/3384/3148 3158/3394/3158
f 3158/3394/3158 3159/3395/3159 3149/3385/3149
f 3150/3386/3150 3149/3385/3149 3159/3395/3159
f 3159/3395/3159 3160/3396/3160 3150/3386/3150
f 3151/3387/3151 3150/3386/3150 3160/3396/3160
f 3160/3396/3160 3161/3397/3161 3151/3387/3151
f 3152/3388/3152 3151/3387/3151 3161/3397/3161
f 3161/3397/3161 3162/3398/3162 3152/3388/3152
f 3153/3389/3153 3152/3388/3152 3162/3398/3162
f 3162/3398/3162 3163/3399/3163 3153/3389/3153
f 3154/3390/3154 3153/3389/3153 3163/3399/3163
f 3163/3399/3163 3164/3400/3164 3154/3390/3154
f 3155/3391/3155 3154/3390/3154 3164/3400/3164
f 3164/3400/3164 3165/3401/3165 3155/3391/3155
f 3156/3392/3156 3155/3391/3155 3165/3401/3165
f 3165/3401/3165 3166/3402/3166 3156/3392/3156
f 3157/3393/3157 3156/3392/3156 3166/3402/3166
f 3166/3402/3166 3167/3403/3167 3157/3393/3157
f 3159/3395/3159 3158/3394/3158 3168/3404/3168
f 3168/3404/3168 3169/3405/3169 3159/3395/3159
f 3160/3396/3160 3159/3395/3159 3169/3405/3169
f 3169/3405/3169 3170/3406/3170 3160/3396/3160
f 3161/3397/3161 3160/3396/3160 3170/3406/3170
f 3170/3406/3170 3171/3407/3171 3161/3397/3161
f 3162/3398/3162 3161/3397/3161 3171/3407/3171
f 3171/3407/3171 3172/3408/3172 3162/3398/3162
f 3163/3399/3163 3162/3398/3162 3172/3408/3172
f 3172/3408/3172 3173/3409/3173 3163/3399/3163
f 3164/3400/3164 3163/3399/3163 3173/3409/3173
f 3173/3409/3173 3174/3410/3174 3164/3400/3164
f 3165/3401/3165 3164/3400/3164 3174/3410/3174
f 3174/3410/3174 3175/3411/3175 3165/3401/3165
f 3166/3402/3166 3165/3401/3165 3175/3411/3175
f 3175/3411/3175 3176/3412/3176 3166/3402/3166
f 3167/3403/3167 3166/3402/3166 3176/3412/3176
f 3176/3412/3176 3177/3413/3177 3167/3403/3167
f 3169/3405/3169 3168/3404/3168 3178/3414/3178
f 3178/3414/3178 3179/3415/3179 3169/3405/3169
f 3170/3406/3170 3169/3405/3169 3179/3415/3179
f 3179/3415/3179 3180/3416/3180 3170/3406/3170
f 3171/3407/3171 3170/3406/3170 3180/3416/3180
f 3180/3416/3180 3181/3417/3181 3171/3407/3171
f 3172/3408/3172 3171/3407/3171 3181/3417/3181
f 3181/3417/3181 3182/3418/3182 3172/3408/3172
f 3173/3409/3173 3172/3408/3172 3182/3418/3182
f 3182/3418/3182 3183/3419/3183 3173/3409/3173
f 3174/3410/3174 3173/3409/3173 3183/3419/3183
f 3183/3419/3183 3184/3420/3184 3174/3410/3174
f 3175/3411/3175 3174/3410/3174 3184/3420/3184
f 3184/3420/3184 3185/3421/3185 3175/3411/3175
f 3176/3412/3176 3175/3411/3175 3185/3421/3185
f 3185/3421/3185 3186/3422/3186 3176/3412/3176
f 3177/3413/3177 3176/3412/3176 3186/3422/3186
f 3186/3422/3186 3187/3423/3187 3177/3413/3177
f 3179/3415/3179 3178/3414/3178 3188/3424/3188
f 3188/3424/3188 3189/3425/3189 3179/3415/3179
f 3180/3416/3180 3179/3415/3179 3189/3425/3189
f 3189/3425/3189 3190/3426/3190 3180/3416/3180
f 3181/3417/3181 3180/3416/3180 3190/3426/3190
f 3190/3426/3190 3191/3427/3191 3181/3417/3181
f 3182/3418/3182 3181/3417/3181 3191/3427/3191
f 3191/3427/3191 3192/3428/3192 3182/3418/3182
f 3183/3419/3183 3182/3418/3182 3192/3428/3192
f 3192/3428/3192 3193/3429/3193 3183/3419/3183
f 3184/3420/3184 3183/3419/3183 3193/3429/3193
f 3193/3429/3193 3194/3430/3194 3184/3420/3184
f 3185/3421/3185 3184/3420/3184 3194/3430/3194
f 3194/3430/3194 3195/3431/3195 3185/3421/3185
f 3186/3422/3186 3185/3421/3185 3195/3431/3195
f 3195/3431/3195 3196/3432/3196 3186/3422/3186
f 3187/3423/3187 3186/3422/3186 3196/3432/3196
f 3196/3432/3196 3197/3433/3197 3187/3423/3187
f 3189/3425/3189 3188/3424/3188 3198/3434/3198
f 3198/3434/3198 3199/3435/3199 3189/3425/3189
f 3190/3426/3190 3189/3425/3189 3199/3435/3199
f 3199/3435/3199 3200/3436/3200 3190/3426/3190
f 3191/3427/3191 3190/3426/3190 3200/3436/3200
f 3200/3436/3200 3201/3437/3201 3191/3427/3191
f 3192/3428/3192 3191/3427/3191 3201/3437/3201
f 3201/3437/3201 3202/3438/3202 3192/3428/3192
f 3193/3429/3193 3192/3428/3192 3202/3438/3202
f 3202/3438/3202 3203/3439/3203 3193/3429/3193
f 3194/3430/3194 3193/3429/3193 3203/3439/3203
f 3203/3439/3203 3204/3440/3204 3194/3430/3194
f 3195/3431/3195 3194/3430/3194 3204/3440/3204
f 3204/3440/3204 3205/3441/3205 3195/3431/3195
f 3196/3432/3196 3195/3431/3195 3205/3441/3205
f 3205/3441/3205 3206/3442/3206 3196/3432/3196
f 3197/3433/3197 3196/3432/3196 3206/3442/3206
f 3206/3442/3206 3207/3443/3207 3197/3433/3197
f 3199/3435/3199 3198/3434/3198 3208/3444/3208
f 3208/3444/3208 3209/3445/3209 3199/3435/3199
f 3200/3436/3200 3199/3435/3199 3209/3445/3209
f 3209/3445/3209 3210/3446/3210 3200/3436/3200
f 3201/3437/3201 3200/3436/3200 3210/3446/3210
f 3210/3446/3210 3211/3447/3211 3201/3437/3201
f 3202/3438/3202 3201/3437/3201 3211/3447/3211
f 3211/3447/3211 3212/3448/3212 3202/3438/3202
f 3203/3439/3203 3202/3438/3202 3212/3448/3212
f 3212/3448/3212 3213/3449/3213 3203/3439/3203
f 3204/3440/3204 3203/3439/3203 3213/3449/3213
f 3213/3449/3213 3214/3450/3214 3204/3440/3204
f 3205/3441/3205 3204/3440/3204 3214/3450/3214
f 3214/3450/3214 3215/3451/3215 3205/3441/3205
f 3206/3442/3206 3205/3441/3205 3215/3451/3215
f 3215/3451/3215 3216/3452/3216 3206/3442/3206
f 3207/3443/3207 3206/3442/3206 3216/3452/3216
f 3216/3452/3216 3217/3453/3217 3207/3443/3207
f 3127/3363/3127 3137/3373/3137 3218/3454/3218
f 3127/3363/3127 3218/3454/3218 3219/3455/3219
f 3127/3363/3127 3219/3455/3219 3220/3456/3220
f 3127/3363/3127 3220/3456/3220 3221/3457/3221
f 3127/3363/3127 3221/3457/3221 3222/3458/3222
f 3127/3363/3127 3222/3458/3222 3223/3459/3223
f 3127/3363/3127 3223/3459/3223 3224/3460/3224
f 3127/3363/3127 3224/3460/3224 3225/3461/3225
f 3127/3363/3127 3225/3461/3225 3226/3462/3226
f 3218/3454/3218 3137/3373/3137 3147/3383/3147
f 3147/3383/3147 3227/3463/3227 3218/3454/3218
f 3219/3455/3219 3218/3454/3218 3227/3463/3227
f 3227/3463/3227 3228/3464/3228 3219/3455/3219
f 3220/3456/3220 3219/3455/3219 3228/3464/3228
f 3228/3464/3228 3229/3465/3229 3220/3456/3220
f 3221/3457/3221 3220/3456/3220 3229/3465/3229
f 3229/3465/3229 3230/3466/3230 3221/3457/3221
f 3222/3458/3222 3221/3457/3221 3230/3466/3230
f 3230/3466/3230 3231/3467/3231 3222/3458/3222
f 3223/3459/3223 3222/3458/3222 3231/3467/3231
f 3231/3467/3231 3232/3468/3232 3223/3459/3223
f 3224/3460/3224 3223/3459/3223 3232/3468/3232
f 3232/3468/3232 3233/3469/3233 3224/3460/3224
f 3225/3461/3225 3224/3460/3224 3233/3469/3233
f 3233/3469/3233 3234/3470/3234 3225/3461/3225
f 3226/3462/3226 3225/3461/3225 3234/3470/3234
f 3234/3470/3234 3235/3471/3235 3226/3462/3226
f 3227/3463/3227 3147/3383/3147 3157/3393/3157
f 3157/3393/3157 3236/3472/3236 3227/3463/3227
f 3228/3464/3228 3227/3463/3227 3236/3472/3236
f 3236/3472/3236 3237/3473/3237 3228/3464/3228
f 3229/3465/3229 3228/3464/3228 3237/3473/3237
f 3237/3473/3237 3238/3474/3238 3229/3465/3229
f 3230/3466/3230 3229/3465/3229 3238/3474/3238
f 3238/3474/3238 3239/3475/3239 3230/3466/3230
f 3231/3467/3231 3230/3466/3230 3239/3475/3239
f 3239/3475/3239 3240/3476/3240 3231/3467/3231
f 3232/3468/3232 3231/3467/3231 3240/3476/3240
f 3240/3476/3240 3241/3477/3241 3232/3468/3232
f 3233/3469/3233 3232/3468/3232 3241/3477/3241
f 3241/3477/3241 3242/3478/3242 3233/3469/3233
f 3234/3470/3234 3233/3469/3233 3242/3478/3242
f 3242/3478/3242 3243/3479/3243 3234/3470/3234
f 3235/3471/3235 3234/3470/3234 3243/3479/3243
f 3243/3479/3243 3244/3480/3244 3235/3471/3235
f 3236/3472/3236 3157/3393/3157 3167/3403/3167
f 3167/3403/3167 3245/3481/3245 3236/3472/3236
f 3237/3473/3237 3236/3472/3236 3245/3481/3245
f 3245/3481/3245 3246/3482/3246 3237/3473/3237
f 3238/3474/3238 3237/3473/3237 3246/3482/3246
f 3246/3482/3246 3247/3483/3247 3238/3474/3238
f 3239/3475/3239 3238/3474/3238 3247/3483/3247
f 3247/3483/3247 3248/3484/3248 3239/3475/3239
f 3240/3476/3240 3239/3475/3239 3248/3484/3248
f 3248/3484/3248 3249/3485/3249 3240/3476/3240
f 3241/3477/3241 3240/3476/3240 3249/3485/3249
f 3249/3485/3249 3250/3486/3250 3241/3477/3241
f 3242/3478/3242 3241/3477/3241 3250/3486/3250
f 3250/3486/3250 3251/3487/3251 3242/3478/3242
f 3243/3479/3243 3242/3478/3242 3251/3487/3251
f 3251/3487/3251 3252/3488/3252 3243/3479/3243
f 3244/3480/3244 3243/3479/3243 3252/3488/3252
f 3252/3488/3252 3253/3489/3253 3244/3480/3244
f 3245/3481/3245 3167/3403/3167 3177/3413/3177
f 3177/3413/3177 3254/3490/3254 3245/3481/3245
f 3246/3482/3246 3245/3481/3245 3254/3490/3254
f 3254/3490/3254 3255/3491/3255 3246/3482/3246
f 3247/3483/3247 3246/3482/3246 3255/3491/3255
f 3255/3491/3255 3256/3492/3256 3247/3483/3247
f 3248/3484/3248 3247/3483/3247 3256/3492/3256
f 3256/3492/3256 3257/3493/3257 3248/3484/3248
f 3249/3485/3249 3248/3484/3248 3257/3493/3257
f 3257/3493/3257 3258/3494/3258 3249/3485/3249
f 3250/3486/3250 3249/3485/3249 3258/3494/3258
f 3258/3494/3258 3259/3495/3259 3250/3486/3250
f 3251/3487/3251 3250/3486/3250 3259/3495/3259
f 3259/3495/3259 3260/3496/3260 3251/3487/3251
f 3252/3488/3252 3251/3487/3251 3260/3496/3260
f 3260/3496/3260 3261/3497/3261 3252/3488/3252
f 3253/3489/3253 3252/3488/3252 3261/3497/3261
f 3261/3497/3261 3262/3498/3262 3253/3489/3253
f 3254/3490/3254 3177/3413/3177 3187/3423/3187
f 3187/3423/3187 3263/3499/3263 3254/3490/3254
f 3255/3491/3255 3254/3490/3254 3263/3499/3263
f 3263/3499/3263 3264/3500/3264 3255/3491/3255
f 3256/3492/3256 3255/3491/3255 3264/3500/3264
f 3264/3500/3264 3265/3501/3265 3256/3492/3256
f 3257/3493/3257 3256/3492/3256 3265/3501/3265
f 3265/3501/3265 3266/3502/3266 3257/3493/3257
f 3258/3494/3258 3257/3493/3257 3266/3502/3266
f 3266/3502/3266 3267/3503/3267 3258/3494/3258
f 3259/3495/3259 3258/3494/3258 3267/3503/3267
f 3267/3503/3267 3268/3504/3268 3259/3495/3259
f 3260/3496/3260 3259/3495/3259 3268/3504/3268
f 3268/3504/3268 3269/3505/3269 3260/3496/3260
f 3261/3497/3261 3260/3496/3260 3269/3505/3269
f 3269/3505/3269 3270/3506/3270 3261/3497/3261
f 3262/3498/3262 3261/3497/3261 3270/3506/3270
f 3270/3506/3270 3271/3507/3271 3262/3498/3262
f 3263/3499/3263 3187/3423/3187 3197/3433/3197
f 3197/3433/3197 3272/3508/3272 3263/3499/3263
f 3264/3500/3264 3263/3499/3263 3272/3508/3272
f 3272/3508/3272 3273/3509/3273 3264/3500/3264
f 3265/3501/3265 3264/3500/3264 3273/3509/3273
f 3273/3509/3273 3274/3510/3274 3265/3501/3265
f 3266/3502/3266 3265/3501/3265 3274/3510/3274
f 3274/3510/3274 3275/3511/3275 3266/3502/3266
f 3267/3503/3267 3266/3502/3266 3275/3511/3275
f 3275/3511/3275 3276/3512/3276 3267/3503/3267
f 3268/3504/3268 3267/3503/3267 3276/3512/3276
f 3276/3512/3276 3277/3513/3277 3268/3504/3268
f 3269/3505/3269 3268/3504/3268 3277/3513/3277
f 3277/3513/3277 3278/3514/3278 3269/3505/3269
f 3270/3506/3270 3269/3505/3269 3278/3514/3278
f 3278/3514/3278 3279/3515/3279 3270/3506/3270
f 3271/3507/3271 3270/3506/3270 3279/3515/3279
f 3279/3515/3279 3280/3516/3280 3271/3507/3271
f 3272/3508/3272 3197/3433/3197 3207/3443/3207
f 3207/3443/3207 3281/3517/3281 3272/3508/3272
f 3273/3509/3273 3272/3508/3272 3281/3517/3281
f 3281/3517/3281 3282/3518/3282 3273/3509/3273
f 3274/3510/3274 3273/3509/3273 3282/3518/3282
f 3282/3518/3282 3283/3519/3283 3274/3510/3274
f 3275/3511/3275 3274/3510/3274 3283/3519/3283
f 3283/3519/3283 3284/3520/3284 3275/3511/3275
f 3276/3512/3276 3275/3511/3275 3284/3520/3284
f 3284/3520/3284 3285/3521/3285 3276/3512/3276
f 3277/3513/3277 3276/3512/3276 3285/3521/3285
f 3285/3521/3285 3286/3522/3286 3277/3513/3277
f 3278/3514/3278 3277/3513/3277 3286/3522/3286
f 3286/3522/3286 3287/3523/3287 3278/3514/3278
f 3279/3515/3279 3278/3514/3278 3287/3523/3287
f 3287/3523/3287 3288/3524/3288 3279/3515/3279
f 3280/3516/3280 3279/3515/3279 3288/3524/3288
f 3288/3524/3288 3289/3525/3289 3280/3516/3280
f 3281/3517/3281 3207/3443/3207 3217/3453/3217
f 3217/3453/3217 3290/3526/3290 3281/3517/3281
f 3282/3518/3282 3281/3517/3281 3290/3526/3290
f 3290/3526/3290 3291/3527/3291 3282/3518/3282
f 3283/3519/3283 3282/3518/3282 3291/3527/3291
f 3291/3527/3291 3292/3528/3292 3283/3519/3283
f 3284/3520/3284 3283/3519/3283 3292/3528/3292
f 3292/3528/3292 3293/3529/3293 3284/3520/3284
f 3285/3521/3285 3284/3520/3284 3293/3529/3293
f 3293/3529/3293 3294/3530/3294 3285/3521/3285
f 3286/3522/3286 3285/3521/3285 3294/3530/3294
f 3294/3530/3294 3295/3531/3295 3286/3522/3286
f 3287/3523/3287 3286/3522/3286 3295/3531/3295
f 3295/3531/3295 3296/3532/3296 3287/3523/3287
f 3288/3524/3288 3287/3523/3287 3296/3532/3296
f 3296/3532/3296 3297/3533/3297 3288/3524/3288
f 3289/3525/3289 3288/3524/3288 3297/3533/3297
f 3297/3533/3297 3298/3534/3298 3289/3525/3289
f 3299/3535/3299 3127/3363/3127 3300/3536/3300
f 3300/3536/3300 3127/3363/3127 3301/3537/3301
f 3301/3537/3301 3127/3363/3127 3302/3538/3302
f 3302/3538/3302 3127/3363/3127 3303/3539/3303
f 3303/3539/3303 3127/3363/3127 3304/3540/3304
f 3304/3540/3304 3127/3363/3127 3305/3541/3305
f 3305/3541/3305 3127/3363/3127 3306/3542/3306
f 3306/3542/3306 3127/3363/3127 3307/3543/3307
f 3307/3543/3307 3127/3363/3127 3226/3462/3226
f 3308/3544/3308 3299/3535/3299 3300/3536/3300
f 3300/3536/3300 3309/3545/3309 3308/3544/3308
f 3309/3545/3309 3300/3536/3300 3301/3537/3301
f 3301/3537/3301 3310/3546/3310 3309/3545/3309
f 3310/3546/3310 3301/3537/3301 3302/3538/3302
f 3302/3538/3302 3311/3547/3311 3310/3546/3310
f 3311/3547/3311 3302/3538/3302 3303/3539/3303
f 3303/3539/3303 3312/3548/3312 3311/3547/3311
f 3312/3548/3312 3303/3539/3303 3304/3540/3304
f 3304/3540/3304 3313/3549/3313 3312/3548/3312
f 3313/3549/3313 3304/3540/3304 3305/3541/3305
f 3305/3541/3305 3314/3550/3314 3313/3549/3313
f 3314/3550/3314 3305/3541/3305 3306/3542/3306
f 3306/3542/3306 3315/3551/3315 3314/3550/3314
f 3315/3551/3315 3306/3542/3306 3307/3543/3307
f 3307/3543/3307 3316/3552/3316 3315/3551/3315
f 3316/3552/3316 3307/3543/3307 3226/3462/3226
f 3226/3462/3226 3235/3471/3235 3316/3552/3316
f 3317/3553/3317 3308/3544/3308 3309/3545/3309
f 3309/3545/3309 3318/3554/3318 3317/3553/3317
f 3318/3554/3318 3309/3545/3309 3310/3546/3310
f 3310/3546/3310 3319/3555/3319 3318/3554/3318
f 3319/3555/3319 3310/3546/3310 3311/3547/3311
f 3311/3547/3311 3320/3556/3320 3319/3555/3319
f 3320/3556/3320 3311/3547/3311 3312/3548/3312
f 3312/3548/3312 3321/3557/3321 3320/3556/3320
f 3321/3557/3321 3312/3548/3312 3313/3549/3313
f 3313/3549/3313 3322/3558/3322 3321/3557/3321
f 3322/3558/3322 3313/3549/3313 3314/3550/3314
f 3314/3550/3314 3323/3559/3323 3322/3558/3322
f 3323/3559/3323 3314/3550/3314 3315/3551/3315
f 3315/3551/3315 3324/3560/3324 3323/3559/3323
f 3324/3560/3324 3315/3551/3315 3316/3552/3316
f 3316/3552/3316 3325/3561/3325 3324/3560/3324
f 3325/3561/3325 3316/3552/3316 3235/3471/3235
f 3235/3471/3235 3244/3480/3244 3325/3561/3325
f 3326/3562/3326 3317/3553/3317 3318/3554/3318
f 3318/3554/3318 3327/3563/3327 3326/3562/3326
f 3327/3563/3327 3318/3554/3318 3319/3555/3319
f 3319/3555/3319 3328/3564/3328 3327/3563/3327
f 3328/3564/3328 3319/3555/3319 3320/3556/3320
f 3320/3556/3320 3329/3565/3329 3328/3564/3328
f 3329/3565/3329 3320/3556/3320 3321/3557/3321
f 3321/3557/3321 3330/3566/3330 3329/3565/3329
f 3330/3566/3330 3321/3557/3321 3322/3558/3322
f 3322/3558/3322 3331/3567/3331 3330/3566/3330
f 3331/3567/3331 3322/3558/3322 3323/3559/3323
f 3323/3559/3323 3332/3568/3332 3331/3567/3331
f 3332/3568/3332 3323/3559/3323 3324/3560/3324
f 3324/3560/3324 3333/3569/3333 3332/3568/3332
f 3333/3569/3333 3324/3560/3324 3325/3561/3325
f 3325/3561/3325 3334/3570/3334 3333/3569/3333
f 3334/3570/3334 3325/3561/3325 3244/3480/3244
f 3244/3480/3244 3253/3489/3253 3334/3570/3334
f 3335/3571/3335 3326/3562/3326 3327/3563/3327
f 3327/3563/3327 3336/3572/3336 3335/3571/3335
f 3336/3572/3336 3327/3563/3327 3328/3564/3328
f 3328/3564/3328 3337/3573/3337 3336/3572/3336
f 3337/3573/3337 3328/3564/3328 3329/3565/3329
f 3329/3565/3329 3338/3574/3338 3337/3573/3337
f 3338/3574/3338 3329/3565/3329 3330/3566/3330
f 3330/3566/3330 3339/3575/3339 3338/3574/3338
f 3339/3575/3339 3330/3566/3330 3331/3567/3331
f 3331/3567/3331 3340/3576/3340 3339/3575/3339
f 3340/3576/3340 3331/3567/3331 3332/3568/3332
f 3332/3568/3332 3341/3577/3341 3340/3576/3340
f 3341/3577/3341 3332/3568/3332 3333/3569/3333
f 3333/3569/3333 3342/3578/3342 3341/3577/3341
f 3342/3578/3342 3333/3569/3333 3334/3570/3334
f 3334/3570/3334 3343/3579/3343 3342/3578/3342
f 3343/3579/3343 3334/3570/3334 3253/3489/3253
f 3253/3489/3253 3262/3498/3262 3343/3579/3343
f 3344/3580/3344 3335/3571/3335 3336/3572/3336
f 3336/3572/3336 3345/3581/3345 3344/3580/3344
f 3345/3581/3345 3336/3572/3336 3337/3573/3337
f 3337/3573/3337 3346/3582/3346 3345/3581/3345
f 3346/3582/3346 3337/3573/3337 3338/3574/3338
f 3338/3574/3338 3347/3583/3347 3346/3582/3346
f 3347/3583/3347 3338/3574/3338 3339/3575/3339
f 3339/3575/3339 3348/3584/3348 3347/3583/3347
f 3348/3584/3348 3339/3575/3339 3340/3576/3340
f 3340/3576/3340 3349/3585/3349 3348/3584/3348
f 3349/3585/3349 3340/3576/3340 3341/3577/3341
f 3341/3577/3341 3350/3586/3350 3349/3585/3349
f 3350/3586/3350 3341/3577/3341 3342/3578/3342
f 3342/3578/3342 3351/3587/3351 3350/3586/3350
f 3351/3587/3351 3342/3578/3342 3343/3579/3343
f 3343/3579/3343 3352/3588/3352 3351/3587/3351
f 3352/3588/3352 3343/3579/3343 3262/3498/3262
f 3262/3498/3262 3271/3507/3271 3352/3588/3352
f 3353/3589/3353 3344/3580/3344 3345/3581/3345
f 3345/3581/3345 3354/3590/3354 3353/3589/3353
f 3354/3590/3354 3345/3581/3345 3346/3582/3346
f 3346/3582/3346 3355/3591/3355 3354/3590/3354
f 3355/3591/3355 3346/3582/3346 3347/3583/3347
f 3347/3583/3347 3356/3592/3356 3355/3591/3355
f 3356/3592/3356 3347/3583/3347 3348/3584/3348
f 3348/3584/3348 3357/3593/3357 3356/3592/3356
f 3357/3593/3357 3348/3584/3348 3349/3585/3349
f 3349/3585/3349 3358/3594/3358 3357/3593/3357
f 3358/3594/3358 3349/3585/3349 3350/3586/3350
f 3350/3586/3350 3359/3595/3359 3358/3594/3358
f 3359/3595/3359 3350/3586/3350 3351/3587/3351
f 3351/3587/3351 3360/3596/3360 3359/3595/3359
f 3360/3596/3360 3351/3587/3351 3352/3588/3352
f 3352/3588/3352 3361/3597/3361 3360/3596/3360
f 3361/3597/3361 3352/3588/3352 3271/3507/3271
f 3271/3507/3271 3280/3516/3280 3361/3597/3361
f 3362/3598/3362 3353/3589/3353 3354/3590/3354
f 3354/3590/3354 3363/3599/3363 3362/3598/3362
f 3363/3599/3363 3354/3590/3354 3355/3591/3355
f 3355/3591/3355 3364/3600/3364 3363/3599/3363
f 3364/3600/3364 3355/3591/3355 3356/3592/3356
f 3356/3592/3356 3365/3601/3365 3364/3600/3364
f 3365/3601/3365 3356/3592/3356 3357/3593/3357
f 3357/3593/3357 3366/3602/3366 3365/3601/3365
f 3366/3602/3366 3357/3593/3357 3358/3594/3358
f 3358/3594/3358 3367/3603/3367 3366/3602/3366
f 3367/3603/3367 3358/3594/3358 3359/3595/3359
f 3359/3595/3359 3368/3604/3368 3367/3603/3367
f 3368/3604/3368 3359/3595/3359 3360/3596/3360
f 3360/3596/3360 3369/3605/3369 3368/3604/3368
f 3369/3605/3369 3360/3596/3360 3361/3597/3361
f 3361/3597/3361 3370/3606/3370 3369/3605/3369
f 3370/3606/3370 3361/3597/3361 3280/3516/3280
f 3280/3516/3280 3289/3525/3289 3370/3606/3370
f 3371/3607/3371 3362/3598/3362 3363/3599/3363
f 3363/3599/3363 3372/3608/3372 3371/3607/3371
f 3372/3608/3372 3363/3599/3363 3364/3600/3364
f 3364/3600/3364 3373/3609/3373 3372/3608/3372
f 3373/3609/3373 3364/3600/3364 3365/3601/3365
f 3365/3601/3365 3374/3610/3374 3373/3609/3373
f 3374/3610/3374 3365/3601/3365 3366/3602/3366
f 3366/3602/3366 3375/3611/3375 3374/3610/3374
f 3375/3611/3375 3366/3602/3366 3367/3603/3367
f 3367/3603/3367 3376/3612/3376 3375/3611/3375
f 3376/3612/3376 3367/3603/3367 3368/3604/3368
f 3368/3604/3368 3377/3613/3377 3376/3612/3376
f 3377/3613/3377 3368/3604/3368 3369/3605/3369
f 3369/3605/3369 3378/3614/3378 3377/3613/3377
f 3378/3614/3378 3369/3605/3369 3370/3606/3370
f 3370/3606/3370 3379/3615/3379 3378/3614/3378
f 3379/3615/3379 3370/3606/3370 3289/3525/3289
f 3289/3525/3289 3298/3534/3298 3379/3615/3379
f 3128/3364/3128 3127/3363/3127 3380/3616/3380
f 3380/3616/3380 3127/3363/3127 3381/3617/3381
f 3381/3617/3381 3127/3363/3127 3382/3618/3382
f 3382/3618/3382 3127/3363/3127 3383/3619/3383
f 3383/3619/3383 3127/3363/3127 3384/3620/3384
f 3384/3620/3384 3127/3363/3127 3385/3621/3385
f 3385/3621/3385 3127/3363/3127 3386/3622/3386
f 3386/3622/3386 3127/3363/3127 3387/3623/3387
f 3387/3623/3387 3127/3363/3127 3299/3535/3299
f 3138/3374/3138 3128/3364/3128 3380/3616/3380
f 3380/3616/3380 3388/3624/3388 3138/3374/3138
f 3388/3624/3388 3380/3616/3380 3381/3617/3381
f 3381/3617/3381 3389/3625/3389 3388/3624/3388
f 3389/3625/3389 3381/3617/3381 3382/3618/3382
f 3382/3618/3382 3390/3626/3390 3389/3625/3389
f 3390/3626/3390 3382/3618/3382 3383/3619/3383
f 3383/3619/3383 3391/3627/3391 3390/3626/3390
f 3391/3627/3391 3383/3619/3383 3384/3620/3384
f 3384/3620/3384 3392/3628/3392 3391/3627/3391
f 3392/3628/3392 3384/3620/3384 3385/3621/3385
f 3385/3621/3385 3393/3629/3393 3392/3628/3392
f 3393/3629/3393 3385/3621/3385 3386/3622/3386
f 3386/3622/3386 3394/3630/3394 3393/3629/3393
f 3394/3630/3394 3386/3622/3386 3387/3623/3387
f 3387/3623/3387 3395/3631/3395 3394/3630/3394
f 3395/3631/3395 3387/3623/3387 3299/3535/3299
f 3299/3535/3299 3308/3544/3308 3395/3631/3395
f 3148/3384/3148 3138/3374/3138 3388/3624/3388
f 3388/3624/3388 3396/3632/3396 3148/3384/3148
f 3396/3632/3396 3388/3624/3388 3389/3625/3389
f 3389/3625/3389 3397/3633/3397 3396/3632/3396
f 3397/3633/3397 3389/3625/3389 3390/3626/3390
f 3390/3626/3390 3398/3634/3398 3397/3633/3397
f 3398/3634/3398 3390/3626/3390 3391/3627/3391
f 3391/3627/3391 3399/3635/3399 3398/3634/3398
f 3399/3635/3399 3391/3627/3391 3392/3628/3392
f 3392/3628/3392 3400/3636/3400 3399/3635/3399
f 3400/3636/3400 3392/3628/3392 3393/3629/3393
f 3393/3629/3393 3401/3637/3401 3400/3636/3400
f 3401/3637/3401 3393/3629/3393 3394/3630/3394
f 3394/3630/3394 3402/3638/3402 3401/3637/3401
f 3402/3638/3402 3394/3630/3394 3395/3631/3395
f 3395/3631/3395 3403/3639/3403 3402/3638/3402
f 3403/3639/3403 3395/3631/3395 3308/3544/3308
f 3308/3544/3308 3317/3553/3317 3403/3639/3403
f 3158/3394/3158 3148/3384/3148 3396/3632/3396
f 3396/3632/3396 3404/3640/3404 3158/3394/3158
f 3404/3640/3404 3396/3632/3396 3397/3633/3397
f 3397/3633/3397 3405/3641/3405 3404/3640/3404
f 3405/3641/3405 3397/3633/3397 3398/3634/3398
f 3398/3634/3398 3406/3642/3406 3405/3641/3405
f 3406/3642/3406 3398/3634/3398 3399/3635/3399
f 3399/3635/3399 3407/3643/3407 3406/3642/3406
f 3407/3643/3407 3399/3635/3399 3400/3636/3400
f 3400/3636/3400 3408/3644/3408 3407/3643/3407
f 3408/3644/3408 3400/3636/3400 3401/3637/3401
f 3401/3637/3401 3409/3645/3409 3408/3644/3408
f 3409/3645/3409 3401/3637/3401 3402/3638/3402
f 3402/3638/3402 3410/3646/3410 3409/3645/3409
f 3410/3646/3410 3402/3638/3402 3403/3639/3403
f 3403/3639/3403 3411/3647/3411 3410/3646/3410
f 3411/3647/3411 3403/3639/3403 3317/3553/3317
f 3317/3553/3317 3326/3562/3326 3411/3647/3411
f 3168/3404/3168 3158/3394/3158 3404/3640/3404
f 3404/3640/3404 3412/3648/3412 3168/3404/3168
f 3412/3648/3412 3404/3640/3404 3405/3641/3405
f 3405/3641/3405 3413/3649/3413 3412/3648/3412
f 3413/3649/3413 3405/3641/3405 3406/3642/3406
f 3406/3642/3406 3414/3650/3414 3413/3649/3413
f 3414/3650/3414 3406/3642/3406 3407/3643/3407
f 3407/3643/3407 3415/3651/3415 3414/3650/3414
f 3415/3651/3415 3407/3643/3407 3408/3644/3408
f 3408/3644/3408 3416/3652/3416 3415/3651/3415
f 3416/3652/3416 3408/3644/3408 3409/3645/3409
f 3409/3645/3409 3417/3653/3417 3416/3652/3416
f 3417/3653/3417 3409/3645/3409 3410/3646/3410
f 3410/3646/3410 3418/3654/3418 3417/3653/3417
f 3418/3654/3418 3410/3646/3410 3411/3647/3411
f 3411/3647/3411 3419/3655/3419 3418/3654/3418
f 3419/3655/3419 3411/3647/3411 3326/3562/3326
f 3326/3562/3326 3335/3571/3335 3419/3655/3419
f 3178/3414/3178 3168/3404/3168 3412/3648/3412
f 3412/3648/3412 3420/3656/3420 3178/3414/3178
f 3420/3656/3420 3412/3648/3412 3413/3649/3413
f 3413/3649/3413 3421/3657/3421 3420/3656/3420
f 3421/3657/3421 3413/3649/3413 3414/3650/3414
f 3414/3650/3414 3422/3658/3422 3421/3657/3421
f 3422/3658/3422 3414/3650/3414 3415/3651/3415
f 3415/3651/3415 3423/3659/3423 3422/3658/3422
f 3423/3659/3423 3415/3651/3415 3416/3652/3416
f 3416/3652/3416 3424/3660/3424 3423/3659/3423
f 3424/3660/3424 3416/3652/3416 3417/3653/3417
f 3417/3653/3417 3425/3661/3425 3424/3660/3424
f 3425/3661/3425 3417/3653/3417 3418/3654/3418
f 3418/3654/3418 3426/3662/3426 3425/3661/3425
f 3426/3662/3426 3418/3654/3418 3419/3655/3419
f 3419/3655/3419 3427/3663/3427 3426/3662/3426
f 3427/3663/3427 3419/3655/3419 3335/3571/3335
f 3335/3571/3335 3344/3580/3344 3427/3663/3427
f 3188/3424/3188 3178/3414/3178 3420/3656/3420
f 3420/3656/3420 3428/3664/3428 3188/3424/3188
f 3428/3664/3428 3420/3656/3420 3421/3657/3421
f 3421/3657/3421 3429/3665/3429 3428/3664/3428
f 3429/3665/3429 3421/3657/3421 3422/3658/3422
f 3422/3658/3422 3430/3666/3430 3429/3665/3429
f 3430/3666/3430 3422/3658/3422 3423/3659/3423
f 3423/3659/3423 3431/3667/3431 3430/3666/3430
f 3431/3667/3431 3423/3659/3423 3424/3660/3424
f 3424/3660/3424 3432/3668/3432 3431/3667/3431
f 3432/3668/3432 3424/3660/3424 3425/3661/3425
f 3425/3661/3425 3433/3669/3433 3432/3668/3432
f 3433/3669/3433 3425/3661/3425 3426/3662/3426
f 3426/3662/3426 3434/3670/3434 3433/3669/3433
f 3434/3670/3434 3426/3662/3426 3427/3663/3427
f 3427/3663/3427 3435/3671/3435 3434/3670/3434
f 3435/3671/3435 3427/3663/3427 3344/3580/3344
f 3344/3580/3344 3353/3589/3353 3435/3671/3435
f 3198/3434/3198 3188/3424/3188 3428/3664/3428
f 3428/3664/3428 3436/3672/3436 3198/3434/3198
f 3436/3672/3436 3428/3664/3428 3429/3665/3429
f 3429/3665/3429 3437/3673/3437 3436/3672/3436
f 3437/3673/3437 3429/3665/3429 3430/3666/3430
f 3430/3666/3430 3438/3674/3438 3437/3673/3437
f 3438/3674/3438 3430/3666/3430 3431/3667/3431
f 3431/3667/3431 3439/3675/3439 3438/3674/3438
f 3439/3675/3439 3431/3667/3431 3432/3668/3432
f 3432/3668/3432 3440/3676/3440 3439/3675/3439
f 3440/3676/3440 3432/3668/3432 3433/3669/3433
f 3433/3669/3433 3441/3677/3441 3440/3676/3440
f 3441/3677/3441 3433/3669/3433 3434/3670/3434
f 3434/3670/3434 3442/3678/3442 3441/3677/3441
f 3442/3678/3442 3434/3670/3434 3435/3671/3435
f 3435/3671/3435 3443/3679/3443 3442/3678/3442
f 3443/3679/3443 3435/3671/3435 3353/3589/3353
f 3353/3589/3353 3362/3598/3362 3443/3679/3443
f 3208/3444/3208 3198/3434/3198 3436/3672/3436
f 3436/3672/3436 3444/3680/3444 3208/3444/3208
f 3444/3680/3444 3436/3672/3436 3437/3673/3437
f 3437/3673/3437 3445/3681/3445 3444/3680/3444
f 3445/3681/3445 3437/3673/3437 3438/3674/3438
f 3438/3674/3438 3446/3682/3446 3445/3681/3445
f 3446/3682/3446 3438/3674/3438 3439/3675/3439
f 3439/3675/3439 3447/3683/3447 3446/3682/3446
f 3447/3683/3447 3439/3675/3439 3440/3676/3440
f 3440/3676/3440 3448/3684/3448 3447/3683/3447
f 3448/3684/3448 3440/3676/3440 3441/3677/3441
f 3441/3677/3441 3449/3685/3449 3448/3684/3448
f 3449/3685/3449 3441/3677/3441 3442/3678/3442
f 3442/3678/3442 3450/3686/3450 3449/3685/3449
f 3450/3686/3450 3442/3678/3442 3443/3679/3443
f 3443/3679/3443 3451/3687/3451 3450/3686/3450
f 3451/3687/3451 3443/3679/3443 3362/3598/3362
f 3362/3598/3362 3371/3607/3371 3451/3687/3451
f 3209/3689/3209 3208/3688/3208 3452/3698/3452
f 3452/3698/3452 3453/3699/3453 3209/3689/3209
f 3210/3690/3210 3209/3689/3209 3453/3699/3453
f 3453/3699/3453 3454/3700/3454 3210/3690/3210
f 3211/3691/3211 3210/3690/3210 3454/3700/3454
f 3454/3700/3454 3455/3701/3455 3211/3691/3211
f 3212/3692/3212 3211/3691/3211 3455/3701/3455
f 3455/3701/3455 3456/3702/3456 3212/3692/3212
f 3213/3693/3213 3212/3692/3212 3456/3702/3456
f 3456/3702/3456 3457/3703/3457 3213/3693/3213
f 3214/3694/3214 3213/3693/3213 3457/3703/3457
f 3457/3703/3457 3458/3704/3458 3214/3694/3214
f 3215/3695/3215 3214/3694/3214 3458/3704/3458
f 3458/3704/3458 3459/3705/3459 3215/3695/3215
f 3216/3696/3216 3215/3695/3215 3459/3705/3459
f 3459/3705/3459 3460/3706/3460 3216/3696/3216
f 3217/3697/3217 3216/3696/3216 3460/3706/3460
f 3460/3706/3460 3461/3707/3461 3217/3697/3217
f 3453/3699/3453 3452/3698/3452 3462/3708/3462
f 3462/3708/3462 3463/3709/3463 3453/3699/3453
f 3454/3700/3454 3453/3699/3453 3463/3709/3463
f 3463/3709/3463 3464/3710/3464 3454/3700/3454
f 3455/3701/3455 3454/3700/3454 3464/3710/3464
f 3464/3710/3464 3465/3711/3465 3455/3701/3455
f 3456/3702/3456 3455/3701/3455 3465/3711/3465
f 3465/3711/3465 3466/3712/3466 3456/3702/3456
f 3457/3703/3457 3456/3702/3456 3466/3712/3466
f 3466/3712/3466 3467/3713/3467 3457/3703/3457
f 3458/3704/3458 3457/3703/3457 3467/3713/3467
f 3467/3713/3467 3468/3714/3468 3458/3704/3458
f 3459/3705/3459 3458/3704/3458 3468/3714/3468
f 3468/3714/3468 3469/3715/3469 3459/3705/3459
f 3460/3706/3460 3459/3705/3459 3469/3715/3469
f 3469/3715/3469 3470/3716/3470 3460/3706/3460
f 3461/3707/3461 3460/3706/3460 3470/3716/3470
f 3470/3716/3470 3471/3717/3471 3461/3707/3461
f 3463/3709/3463 3462/3708/3462 3472/3718/3472
f 3472/3718/3472 3473/3719/3473 3463/3709/3463
f 3464/3710/3464 3463/3709/3463 3473/3719/3473
f 3473/3719/3473 3474/3720/3474 3464/3710/3464
f 3465/3711/3465 3464/3710/3464 3474/3720/3474
f 3474/3720/3474 3475/3721/3475 3465/3711/3465
f 3466/3712/3466 3465/3711/3465 3475/3721/3475
f 3475/3721/3475 3476/3722/3476 3466/3712/3466
f 3467/3713/3467 3466/3712/3466 3476/3722/3476
f 3476/3722/3476 3477/3723/3477 3467/3713/3467
f 3468/3714/3468 3467/3713/3467 3477/3723/3477
f 3477/3723/3477 3478/3724/3478 3468/3714/3468
f 3469/3715/3469 3468/3714/3468 3478/3724/3478
f 3478/3724/3478 3479/3725/3479 3469/3715/3469
f 3470/3716/3470 3469/3715/3469 3479/3725/3479
f 3479/3725/3479 3480/3726/3480 3470/3716/3470
f 3471/3717/3471 3470/3716/3470 3480/3726/3480
f 3480/3726/3480 3481/3727/3481 3471/3717/3471
f 3473/3719/3473 3472/3718/3472 3482/3728/3482
f 3482/3728/3482 3483/3729/3483 3473/3719/3473
f 3474/3720/3474 3473/3719/3473 3483/3729/3483
f 3483/3729/3483 3484/3730/3484 3474/3720/3474
f 3475/3721/3475 3474/3720/3474 3484/3730/3484
f 3484/3730/3484 3485/3731/3485 3475/3721/3475
f 3476/3722/3476 3475/3721/3475 3485/3731/3485
f 3485/3731/3485 3486/3732/3486 3476/3722/3476
f 3477/3723/3477 3476/3722/3476 3486/3732/3486
f 3486/3732/3486 3487/3733/3487 3477/3723/3477
f 3478/3724/3478 3477/3723/3477 3487/3733/3487
f 3487/3733/3487 3488/3734/3488 3478/3724/3478
f 3479/3725/3479 3478/3724/3478 3488/3734/3488
f 3488/3734/3488 3489/3735/3489 3479/3725/3479
f 3480/3726/3480 3479/3725/3479 3489/3735/3489
f 3489/3735/3489 3490/3736/3490 3480/3726/3480
f 3481/3727/3481 3480/3726/3480 3490/3736/3490
f 3490/3736/3490 3491/3737/3491 3481/3727/3481
f 3483/3729/3483 3482/3728/3482 3492/3738/3492
f 3492/3738/3492 3493/3739/3493 3483/3729/3483
f 3484/3730/3484 3483/3729/3483 3493/3739/3493
f 3493/3739/3493 3494/3740/3494 3484/3730/3484
f 3485/3731/3485 3484/3730/3484 3494/3740/3494
f 3494/3740/3494 3495/3741/3495 3485/3731/3485
f 3486/3732/3486 3485/3731/3485 3495/3741/3495
f 3495/3741/3495 3496/3742/3496 3486/3732/3486
f 3487/3733/3487 3486/3732/3486 3496/3742/3496
f 3496/3742/3496 3497/3743/3497 3487/3733/3487
f 3488/3734/3488 3487/3733/3487 3497/3743/3497
f 3497/3743/3497 3498/3744/3498 3488/3734/3488
f 3489/3735/3489 3488/3734/3488 3498/3744/3498
f 3498/3744/3498 3499/3745/3499 3489/3735/3489
f 3490/3736/3490 3489/3735/3489 3499/3745/3499
f 3499/3745/3499 3500/3746/3500 3490/3736/3490
f 3491/3737/3491 3490/3736/3490 3500/3746/3500
f 3500/3746/3500 3501/3747/3501 3491/3737/3491
f 3493/3739/3493 3492/3738/3492 3502/3748/3502
f 3502/3748/3502 3503/3749/3503 3493/3739/3493
f 3494/3740/3494 3493/3739/3493 3503/3749/3503
f 3503/3749/3503 3504/3750/3504 3494/3740/3494
f 3495/3741/3495 3494/3740/3494 3504/3750/3504
f 3504/3750/3504 3505/3751/3505 3495/3741/3495
f 3496/3742/3496 3495/3741/3495 3505/3751/3505
f 3505/3751/3505 3506/3752/3506 3496/3742/3496
f 3497/3743/3497 3496/3742/3496 3506/3752/3506
f 3506/3752/3506 3507/3753/3507 3497/3743/3497
f 3498/3744/3498 3497/3743/3497 3507/3753/3507
f 3507/3753/3507 3508/3754/3508 3498/3744/3498
f 3499/3745/3499 3498/3744/3498 3508/3754/3508
f 3508/3754/3508 3509/3755/3509 3499/3745/3499
f 3500/3746/3500 3499/3745/3499 3509/3755/3509
f 3509/3755/3509 3510/3756/3510 3500/3746/3500
f 3501/3747/3501 3500/3746/3500 3510/3756/3510
f 3510/3756/3510 3511/3757/3511 3501/3747/3501
f 3503/3749/3503 3502/3748/3502 3512/3758/3512
f 3512/3758/3512 3513/3759/3513 3503/3749/3503
f 3504/3750/3504 3503/3749/3503 3513/3759/3513
f 3513/3759/3513 3514/3760/3514 3504/3750/3504
f 3505/3751/3505 3504/3750/3504 3514/3760/3514
f 3514/3760/3514 3515/3761/3515 3505/3751/3505
f 3506/3752/3506 3505/3751/3505 3515/3761/3515
f 3515/3761/3515 3516/3762/3516 3506/3752/3506
f 3507/3753/3507 3506/3752/3506 3516/3762/3516
f 3516/3762/3516 3517/3763/3517 3507/3753/3507
f 3508/3754/3508 3507/3753/3507 3517/3763/3517
f 3517/3763/3517 3518/3764/3518 3508/3754/3508
f 3509/3755/3509 3508/3754/3508 3518/3764/3518
f 3518/3764/3518 3519/3765/3519 3509/3755/3509
f 3510/3756/3510 3509/3755/3509 3519/3765/3519
f 3519/3765/3519 3520/3766/3520 3510/3756/3510
f 3511/3757/3511 3510/3756/3510 3520/3766/3520
f 3520/3766/3520 3521/3767/3521 3511/3757/3511
f 3513/3759/3513 3512/3758/3512 3522/3768/3522
f 3522/3768/3522 3523/3769/3523 3513/3759/3513
f 3514/3760/3514 3513/3759/3513 3523/3769/3523
f 3523/3769/3523 3524/3770/3524 3514/3760/3514
f 3515/3761/3515 3514/3760/3514 3524/3770/3524
f 3524/3770/3524 3525/3771/3525 3515/3761/3515
f 3516/3762/3516 3515/3761/3515 3525/3771/3525
f 3525/3771/3525 3526/3772/3526 3516/3762/3516
f 3517/3763/3517 3516/3762/3516 3526/3772/3526
f 3526/3772/3526 3527/3773/3527 3517/3763/3517
f 3518/3764/3518 3517/3763/3517 3527/3773/3527
f 3527/3773/3527 3528/3774/3528 3518/3764/3518
f 3519/3765/3519 3518/3764/3518 3528/3774/3528
f 3528/3774/3528 3529/3775/3529 3519/3765/3519
f 3520/3766/3520 3519/3765/3519 3529/3775/3529
f 3529/3775/3529 3530/3776/3530 3520/3766/3520
f 3521/3767/3521 3520/3766/3520 3530/3776/3530
f 3530/3776/3530 3531/3777/3531 3521/3767/3521
f 3523/3769/3523 3522/3768/3522 3532/3778/3532
f 3532/3778/3532 3533/3779/3533 3523/3769/3523
f 3524/3770/3524 3523/3769/3523 3533/3779/3533
f 3533/3779/3533 3534/3780/3534 3524/3770/3524
f 3525/3771/3525 3524/3770/3524 3534/3780/3534
f 3534/3780/3534 3535/3781/3535 3525/3771/3525
f 3526/3772/3526 3525/3771/3525 3535/3781/3535
f 3535/3781/3535 3536/3782/3536 3526/3772/3526
f 3527/3773/3527 3526/3772/3526 3536/3782/3536
f 3536/3782/3536 3537/3783/3537 3527/3773/3527
f 3528/3774/3528 3527/3773/3527 3537/3783/3537
f 3537/3783/3537 3538/3784/3538 3528/3774/3528
f 3529/3775/3529 3528/3774/3528 3538/3784/3538
f 3538/3784/3538 3539/3785/3539 3529/3775/3529
f 3530/3776/3530 3529/3775/3529 3539/3785/3539
f 3539/3785/3539 3540/3786/3540 3530/3776/3530
f 3531/3777/3531 3530/3776/3530 3540/3786/3540
f 3540/3786/3540 3541/3787/3541 3531/3777/3531
f 3290/3788/3290 3217/3697/3217 3461/3707/3461
f 3461/3707/3461 3542/3797/3542 3290/3788/3290
f 3291/3789/3291 3290/3788/3290 3542/3797/3542
f 3542/3797/3542 3543/3798/3543 3291/3789/3291
f 3292/3790/3292 3291/3789/3291 3543/3798/3543
f 3543/3798/3543 3544/3799/3544 3292/3790/3292
f 3293/3791/3293 3292/3790/3292 3544/3799/3544
f 3544/3799/3544 3545/3800/3545 3293/3791/3293
f 3294/3792/3294 3293/3791/3293 3545/3800/3545
f 3545/3800/3545 3546/3801/3546 3294/3792/3294
f 3295/3793/3295 3294/3792/3294 3546/3801/3546
f 3546/3801/3546 3547/3802/3547 3295/3793/3295
f 3296/3794/3296 3295/3793/3295 3547/3802/3547
f 3547/3802/3547 3548/3803/3548 3296/3794/3296
f 3297/3795/3297 3296/3794/3296 3548/3803/3548
f 3548/3803/3548 3549/3804/3549 3297/3795/3297
f 3298/3796/3298 3297/3795/3297 3549/3804/3549
f 3549/3804/3549 3550/3805/3550 3298/3796/3298
f 3542/3797/3542 3461/3707/3461 3471/3717/3471
f 3471/3717/3471 3551/3806/3551 3542/3797/3542
f 3543/3798/3543 3542/3797/3542 3551/3806/3551
f 3551/3806/3551 3552/3807/3552 3543/3798/3543
f 3544/3799/3544 3543/3798/3543 3552/3807/3552
f 3552/3807/3552 3553/3808/3553 3544/3799/3544
f 3545/3800/3545 3544/3799/3544 3553/3808/3553
f 3553/3808/3553 3554/3809/3554 3545/3800/3545
f 3546/3801/3546 3545/3800/3545 3554/3809/3554
f 3554/3809/3554 3555/3810/3555 3546/3801/3546
f 3547/3802/3547 3546/3801/3546 3555/3810/3555
f 3555/3810/3555 3556/3811/3556 3547/3802/3547
f 3548/3803/3548 3547/3802/3547 3556/3811/3556
f 3556/3811/3556 3557/3812/3557 3548/3803/3548
f 3549/3804/3549 3548/3803/3548 3557/3812/3557
f 3557/3812/3557 3558/3813/3558 3549/3804/3549
f 3550/3805/3550 3549/3804/3549 3558/3813/3558
f 3558/3813/3558 3559/3814/3559 3550/3805/3550
f 3551/3806/3551 3471/3717/3471 3481/3727/3481
f 3481/3727/3481 3560/3815/3560 3551/3806/3551
f 3552/3807/3552 3551/3806/3551 3560/3815/3560
f 3560/3815/3560 3561/3816/3561 3552/3807/3552
f 3553/3808/3553 3552/3807/3552 3561/3816/3561
f 3561/3816/3561 3562/3817/3562 3553/3808/3553
f 3554/3809/3554 3553/3808/3553 3562/3817/3562
f 3562/3817/3562 3563/3818/3563 3554/3809/3554
f 3555/3810/3555 3554/3809/3554 3563/3818/3563
f 3563/3818/3563 3564/3819/3564 3555/3810/3555
f 3556/3811/3556 3555/3810/3555 3564/3819/3564
f 3564/3819/3564 3565/3820/3565 3556/3811/3556
f 3557/3812/3557 3556/3811/3556 3565/3820/3565
f 3565/3820/3565 3566/3821/3566 3557/3812/3557
f 3558/3813/3558 3557/3812/3557 3566/3821/3566
f 3566/3821/3566 3567/3822/3567 3558/3813/3558
f 3559/3814/3559 3558/3813/3558 3567/3822/3567
f 3567/3822/3567 3568/3823/3568 3559/3814/3559
f 3560/3815/3560 3481/3727/3481 3491/3737/3491
f 3491/3737/3491 3569/3824/3569 3560/3815/3560
f 3561/3816/3561 3560/3815/3560 3569/3824/3569
f 3569/3824/3569 3570/3825/3570 3561/3816/3561
f 3562/3817/3562 3561/3816/3561 3570/3825/3570
f 3570/3825/3570 3571/3826/3571 3562/3817/3562
f 3563/3818/3563 3562/3817/3562 3571/3826/3571
f 3571/3826/3571 3572/3827/3572 3563/3818/3563
f 3564/3819/3564 3563/3818/3563 3572/3827/3572
f 3572/3827/3572 3573/3828/3573 3564/3819/3564
f 3565/3820/3565 3564/3819/3564 3573/3828/3573
f 3573/3828/3573 3574/3829/3574 3565/3820/3565
f 3566/3821/3566 3565/3820/3565 3574/3829/3574
f 3574/3829/3574 3575/3830/3575 3566/3821/3566
f 3567/3822/3567 3566/3821/3566 3575/3830/3575
f 3575/3830/3575 3576/3831/3576 3567/3822/3567
f 3568/3823/3568 3567/3822/3567 3576/3831/3576
f 3576/3831/3576 3577/3832/3577 3568/3823/3568
f 3569/3824/3569 3491/3737/3491 3501/3747/3501
f 3501/3747/3501 3578/3833/3578 3569/3824/3569
f 3570/3825/3570 3569/3824/3569 3578/3833/3578
f 3578/3833/3578 3579/3834/3579 3570/3825/3570
f 3571/3826/3571 3570/3825/3570 3579/3834/3579
f 3579/3834/3579 3580/3835/3580 3571/3826/3571
f 3572/3827/3572 3571/3826/3571 3580/3835/3580
f 3580/3835/3580 3581/3836/3581 3572/3827/3572
f 3573/3828/3573 3572/3827/3572 3581/3836/3581
f 3581/3836/3581 3582/3837/3582 3573/3828/3573
f 3574/3829/3574 3573/3828/3573 3582/3837/3582
f 3582/3837/3582 3583/3838/3583 3574/3829/3574
f 3575/3830/3575 3574/3829/3574 3583/3838/3583
f 3583/3838/3583 3584/3839/3584 3575/3830/3575
f 3576/3831/3576 3575/3830/3575 3584/3839/3584
f 3584/3839/3584 3585/3840/3585 3576/3831/3576
f 3577/3832/3577 3576/3831/3576 3585/3840/3585
f 3585/3840/3585 3586/3841/3586 3577/3832/3577
f 3578/3833/3578 3501/3747/3501 3511/3757/3511
f 3511/3757/3511 3587/3842/3587 3578/3833/3578
f 3579/3834/3579 3578/3833/3578 3587/3842/3587
f 3587/3842/3587 3588/3843/3588 3579/3834/3579
f 3580/3835/3580 3579/3834/3579 3588/3843/3588
f 3588/3843/3588 3589/3844/3589 3580/3835/3580
f 3581/3836/3581 3580/3835/3580 3589/3844/3589
f 3589/3844/3589 3590/3845/3590 3581/3836/3581
f 3582/3837/3582 3581/3836/3581 3590/3845/3590
f 3590/3845/3590 3591/3846/3591 3582/3837/3582
f 3583/3838/3583 3582/3837/3582 3591/3846/3591
f 3591/3846/3591 3592/3847/3592 3583/3838/3583
f 3584/3839/3584 3583/3838/3583 3592/3847/3592
f 3592/3847/3592 3593/3848/3593 3584/3839/3584
f 3585/3840/3585 3584/3839/3584 3593/3848/3593
f 3593/3848/3593 3594/3849/3594 3585/3840/3585
f 3586/3841/3586 3585/3840/3585 3594/3849/3594
f 3594/3849/3594 3595/3850/3595 3586/3841/3586
f 3587/3842/3587 3511/3757/3511 3521/3767/3521
f 3521/3767/3521 3596/3851/3596 3587/3842/3587
f 3588/3843/3588 3587/3842/3587 3596/3851/3596
f 3596/3851/3596 3597/3852/3597 3588/3843/3588
f 3589/3844/3589 3588/3843/3588 3597/3852/3597
f 3597/3852/3597 3598/3853/3598 3589/3844/3589
f 3590/3845/3590 3589/3844/3589 3598/3853/3598
f 3598/3853/3598 3599/3854/3599 3590/3845/3590
f 3591/3846/3591 3590/3845/3590 3599/3854/3599
f 3599/3854/3599 3600/3855/3600 3591/3846/3591
f 3592/3847/3592 3591/3846/3591 3600/3855/3600
f 3600/3855/3600 3601/3856/3601 3592/3847/3592
f 3593/3848/3593 3592/3847/3592 3601/3856/3601
f 3601/3856/3601 3602/3857/3602 3593/3848/3593
f 3594/3849/3594 3593/3848/3593 3602/3857/3602
f 3602/3857/3602 3603/3858/3603 3594/3849/3594
f 3596/3851/3596 3521/3767/3521 3531/3777/3531
f 3531/3777/3531 3604/3859/3604 3596/3851/3596
f 3597/3852/3597 3596/3851/3596 3604/3859/3604
f 3604/3859/3604 3605/3860/3605 3597/3852/3597
f 3598/3853/3598 3597/3852/3597 3605/3860/3605
f 3605/3860/3605 3606/3861/3606 3598/3853/3598
f 3599/3854/3599 3598/3853/3598 3606/3861/3606
f 3606/3861/3606 3607/3862/3607 3599/3854/3599
f 3600/3855/3600 3599/3854/3599 3607/3862/3607
f 3607/3862/3607 3608/3863/3608 3600/3855/3600
f 3601/3856/3601 3600/3855/3600 3608/3863/3608
f 3608/3863/3608 3609/3864/3609 3601/3856/3601
f 3602/3857/3602 3601/3856/3601 3609/3864/3609
f 3609/3864/3609 3610/3865/3610 3602/3857/3602
f 3604/3859/3604 3531/3777/3531 3541/3787/3541
f 3541/3787/3541 3611/3866/3611 3604/3859/3604
f 3605/3860/3605 3604/3859/3604 3611/3866/3611
f 3611/3866/3611 3612/3867/3612 3605/3860/3605
f 3606/3861/3606 3605/3860/3605 3612/3867/3612
f 3612/3867/3612 3613/3868/3613 3606/3861/3606
f 3607/3862/3607 3606/3861/3606 3613/3868/3613
f 3613/3868/3613 3614/3869/3614 3607/3862/3607
f 3608/3863/3608 3607/3862/3607 3614/3869/3614
f 3614/3869/3614 3615/3870/3615 3608/3863/3608
f 3609/3864/3609 3608/3863/3608 3615/3870/3615
f 3615/3870/3615 3616/3871/3616 3609/3864/3609
f 3610/3865/3610 3609/3864/3609 3616/3871/3616
f 3616/3871/3616 3617/3872/3617 3610/3865/3610
f 2970/3876/2970 3619/3874/3619 2967/3875/2967
f 2970/3876/2970 3618/3873/3618 3619/3874/3619
f 2973/3877/2973 3618/3873/3618 2970/3876/2970
f 2973/3877/2973 2976/3878/2976 3618/3873/3618
f 2976/3878/2976 2979/3879/2979 3618/3873/3618
f 2979/3879/2979 2982/3880/2982 3610/3865/3610
f 2979/3879/2979 3610/3865/3610 3617/3872/3617
f 2979/3879/2979 3617/3872/3617 3618/3873/3618
f 2982/3880/2982 2985/3881/2985 3610/3865/3610
f 2988/3882/2988 3610/3865/3610 2985/3881/2985
f 2988/3882/2988 3602/3857/3602 3610/3865/3610
f 2991/3883/2991 3602/3857/3602 2988/3882/2988
f 2991/3883/2991 3603/3858/3603 3602/3857/3602
f 2994/3884/2994 3603/3858/3603 2991/3883/2991
f 2994/3884/2994 2997/3885/2997 3603/3858/3603
f 3000/3886/3000 3603/3858/3603 2997/3885/2997
f 3000/3886/3000 3594/3849/3594 3603/3858/3603
f 3003/3887/3003 3594/3849/3594 3000/3886/3000
f 3003/3887/3003 3595/3850/3595 3594/3849/3594
f 3006/3888/3006 3595/3850/3595 3003/3887/3003
f 3620/3898/3620 3371/3889/3371 3372/3890/3372
f 3372/3890/3372 3621/3899/3621 3620/3898/3620
f 3621/3899/3621 3372/3890/3372 3373/3891/3373
f 3373/3891/3373 3622/3900/3622 3621/3899/3621
f 3622/3900/3622 3373/3891/3373 3374/3892/3374
f 3374/3892/3374 3623/3901/3623 3622/3900/3622
f 3623/3901/3623 3374/3892/3374 3375/3893/3375
f 3375/3893/3375 3624/3902/3624 3623/3901/3623
f 3624/3902/3624 3375/3893/3375 3376/3894/3376
f 3376/3894/3376 3625/3903/3625 3624/3902/3624
f 3625/3903/3625 3376/3894/3376 3377/3895/3377
f 3377/3895/3377 3626/3904/3626 3625/3903/3625
f 3626/3904/3626 3377/3895/3377 3378/3896/3378
f 3378/3896/3378 3627/3905/3627 3626/3904/3626
f 3627/3905/3627 3378/3896/3378 3379/3897/3379
f 3379/3897/3379 3628/3906/3628 3627/3905/3627
f 3628/3906/3628 3379/3897/3379 3298/3796/3298
f 3298/3796/3298 3550/3805/3550 3628/3906/3628
f 3629/3907/3629 3620/3898/3620 3621/3899/3621
f 3621/3899/3621 3630/3908/3630 3629/3907/3629
f 3630/3908/3630 3621/3899/3621 3622/3900/3622
f 3622/3900/3622 3631/3909/3631 3630/3908/3630
f 3631/3909/3631 3622/3900/3622 3623/3901/3623
f 3623/3901/3623 3632/3910/3632 3631/3909/3631
f 3632/3910/3632 3623/3901/3623 3624/3902/3624
f 3624/3902/3624 3633/3911/3633 3632/3910/3632
f 3633/3911/3633 3624/3902/3624 3625/3903/3625
f 3625/3903/3625 3634/3912/3634 3633/3911/3633
f 3634/3912/3634 3625/3903/3625 3626/3904/3626
f 3626/3904/3626 3635/3913/3635 3634/3912/3634
f 3635/3913/3635 3626/3904/3626 3627/3905/3627
f 3627/3905/3627 3636/3914/3636 3635/3913/3635
f 3636/3914/3636 3627/3905/3627 3628/3906/3628
f 3628/3906/3628 3637/3915/3637 3636/3914/3636
f 3637/3915/3637 3628/3906/3628 3550/3805/3550
f 3550/3805/3550 3559/3814/3559 3637/3915/3637
f 3638/3916/3638 3629/3907/3629 3630/3908/3630
f 3630/3908/3630 3639/3917/3639 3638/3916/3638
f 3639/3917/3639 3630/3908/3630 3631/3909/3631
f 3631/3909/3631 3640/3918/3640 3639/3917/3639
f 3640/3918/3640 3631/3909/3631 3632/3910/3632
f 3632/3910/3632 3641/3919/3641 3640/3918/3640
f 3641/3919/3641 3632/3910/3632 3633/3911/3633
f 3633/3911/3633 3642/3920/3642 3641/3919/3641
f 3642/3920/3642 3633/3911/3633 3634/3912/3634
f 3634/3912/3634 3643/3921/3643 3642/3920/3642
f 3643/3921/3643 3634/3912/3634 3635/3913/3635
f 3635/3913/3635 3644/3922/3644 3643/3921/3643
f 3644/3922/3644 3635/3913/3635 3636/3914/3636
f 3636/3914/3636 3645/3923/3645 3644/3922/3644
f 3645/3923/3645 3636/3914/3636 3637/3915/3637
f 3637/3915/3637 3646/3924/3646 3645/3923/3645
f 3646/3924/3646 3637/3915/3637 3559/3814/3559
f 3559/3814/3559 3568/3823/3568 3646/3924/3646
f 3647/3925/3647 3638/3916/3638 3639/3917/3639
f 3639/3917/3639 3648/3926/3648 3647/3925/3647
f 3648/3926/3648 3639/3917/3639 3640/3918/3640
f 3640/3918/3640 3649/3927/3649 3648/3926/3648
f 3649/3927/3649 3640/3918/3640 3641/3919/3641
f 3641/3919/3641 3650/3928/3650 3649/3927/3649
f 3650/3928/3650 3641/3919/3641 3642/3920/3642
f 3642/3920/3642 3651/3929/3651 3650/3928/3650
f 3651/3929/3651 3642/3920/3642 3643/3921/3643
f 3643/3921/3643 3652/3930/3652 3651/3929/3651
f 3652/3930/3652 3643/3921/3643 3644/3922/3644
f 3644/3922/3644 3653/3931/3653 3652/3930/3652
f 3653/3931/3653 3644/3922/3644 3645/3923/3645
f 3645/3923/3645 3654/3932/3654 3653/3931/3653
f 3654/3932/3654 3645/3923/3645 3646/3924/3646
f 3646/3924/3646 3655/3933/3655 3654/3932/3654
f 3655/3933/3655 3646/3924/3646 3568/3823/3568
f 3568/3823/3568 3577/3832/3577 3655/3933/3655
f 3656/3934/3656 3647/3925/3647 3648/3926/3648
f 3648/3926/3648 3657/3935/3657 3656/3934/3656
f 3657/3935/3657 3648/3926/3648 3649/3927/3649
f 3649/3927/3649 3658/3936/3658 3657/3935/3657
f 3658/3936/3658 3649/3927/3649 3650/3928/3650
f 3650/3928/3650 3659/3937/3659 3658/3936/3658
f 3659/3937/3659 3650/3928/3650 3651/3929/3651
f 3651/3929/3651 3660/3938/3660 3659/3937/3659
f 3660/3938/3660 3651/3929/3651 3652/3930/3652
f 3652/3930/3652 3661/3939/3661 3660/3938/3660
f 3661/3939/3661 3652/3930/3652 3653/3931/3653
f 3653/3931/3653 3662/3940/3662 3661/3939/3661
f 3662/3940/3662 3653/3931/3653 3654/3932/3654
f 3654/3932/3654 3663/3941/3663 3662/3940/3662
f 3663/3941/3663 3654/3932/3654 3655/3933/3655
f 3655/3933/3655 3664/3942/3664 3663/3941/3663
f 3664/3942/3664 3655/3933/3655 3577/3832/3577
f 3577/3832/3577 3586/3841/3586 3664/3942/3664
f 3665/3943/3665 3656/3934/3656 3657/3935/3657
f 3657/3935/3657 3666/3944/3666 3665/3943/3665
f 3666/3944/3666 3657/3935/3657 3658/3936/3658
f 3658/3936/3658 3667/3945/3667 3666/3944/3666
f 3667/3945/3667 3658/3936/3658 3659/3937/3659
f 3659/3937/3659 3668/3946/3668 3667/3945/3667
f 3668/3946/3668 3659/3937/3659 3660/3938/3660
f 3660/3938/3660 3669/3947/3669 3668/3946/3668
f 3669/3947/3669 3660/3938/3660 3661/3939/3661
f 3661/3939/3661 3670/3948/3670 3669/3947/3669
f 3670/3948/3670 3661/3939/3661 3662/3940/3662
f 3662/3940/3662 3671/3949/3671 3670/3948/3670
f 3671/3949/3671 3662/3940/3662 3663/3941/3663
f 3663/3941/3663 3672/3950/3672 3671/3949/3671
f 3672/3950/3672 3663/3941/3663 3664/3942/3664
f 3664/3942/3664 3673/3951/3673 3672/3950/3672
f 3673/3951/3673 3664/3942/3664 3586/3841/3586
f 3586/3841/3586 3595/3850/3595 3673/3951/3673
f 3674/3952/3674 3665/3943/3665 3666/3944/3666
f 3666/3944/3666 3675/3953/3675 3674/3952/3674
f 3675/3953/3675 3666/3944/3666 3667/3945/3667
f 3667/3945/3667 3676/3954/3676 3675/3953/3675
f 3676/3954/3676 3667/3945/3667 3668/3946/3668
f 3668/3946/3668 3677/3955/3677 3676/3954/3676
f 3677/3955/3677 3668/3946/3668 3669/3947/3669
f 3669/3947/3669 3678/3956/3678 3677/3955/3677
f 3678/3956/3678 3669/3947/3669 3670/3948/3670
f 3670/3948/3670 3679/3957/3679 3678/3956/3678
f 3679/3957/3679 3670/3948/3670 3671/3949/3671
f 3671/3949/3671 3680/3958/3680 3679/3957/3679
f 3680/3958/3680 3671/3949/3671 3672/3950/3672
f 3672/3950/3672 3681/3959/3681 3680/3958/3680
f 3681/3959/3681 3672/3950/3672 3673/3951/3673
f 3673/3951/3673 3682/3960/3682 3681/3959/3681
f 3683/3961/3683 3674/3952/3674 3675/3953/3675
f 3675/3953/3675 3684/3962/3684 3683/3961/3683
f 3684/3962/3684 3675/3953/3675 3676/3954/3676
f 3676/3954/3676 3685/3963/3685 3684/3962/3684
f 3685/3963/3685 3676/3954/3676 3677/3955/3677
f 3677/3955/3677 3686/3964/3686 3685/3963/3685
f 3686/3964/3686 3677/3955/3677 3678/3956/3678
f 3678/3956/3678 3687/3965/3687 3686/3964/3686
f 3687/3965/3687 3678/3956/3678 3679/3957/3679
f 3679/3957/3679 3688/3966/3688 3687/3965/3687
f 3688/3966/3688 3679/3957/3679 3680/3958/3680
f 3680/3958/3680 3689/3967/3689 3688/3966/3688
f 3689/3967/3689 3680/3958/3680 3681/3959/3681
f 3681/3959/3681 3690/3968/3690 3689/3967/3689
f 3691/3969/3691 3683/3961/3683 3684/3962/3684
f 3684/3962/3684 3692/3970/3692 3691/3969/3691
f 3692/3970/3692 3684/3962/3684 3685/3963/3685
f 3685/3963/3685 3693/3971/3693 3692/3970/3692
f 3693/3971/3693 3685/3963/3685 3686/3964/3686
f 3686/3964/3686 3694/3972/3694 3693/3971/3693
f 3694/3972/3694 3686/3964/3686 3687/3965/3687
f 3687/3965/3687 3695/3973/3695 3694/3972/3694
f 3695/3973/3695 3687/3965/3687 3688/3966/3688
f 3688/3966/3688 3696/3974/3696 3695/3973/3695
f 3696/3974/3696 3688/3966/3688 3689/3967/3689
f 3689/3967/3689 3697/3975/3697 3696/3974/3696
f 3697/3975/3697 3689/3967/3689 3690/3968/3690
f 3690/3968/3690 3698/3976/3698 3697/3975/3697
f 3619/3874/3619 3093/3978/3093 2967/3875/2967
f 3699/3977/3699 3093/3978/3093 3619/3874/3619
f 3699/3977/3699 3096/3979/3096 3093/3978/3093
f 3099/3980/3099 3096/3979/3096 3699/3977/3699
f 3102/3981/3102 3099/3980/3099 3699/3977/3699
f 3105/3982/3105 3102/3981/3102 3690/3968/3690
f 3690/3968/3690 3102/3981/3102 3698/3976/3698
f 3698/3976/3698 3102/3981/3102 3699/3977/3699
f 3108/3983/3108 3105/3982/3105 3690/3968/3690
f 3690/3968/3690 3111/3984/3111 3108/3983/3108
f 3681/3959/3681 3111/3984/3111 3690/3968/3690
f 3681/3959/3681 3114/3985/3114 3111/3984/3111
f 3682/3960/3682 3114/3985/3114 3681/3959/3681
f 3682/3960/3682 3117/3986/3117 3114/3985/3114
f 3120/3987/3120 3117/3986/3117 3682/3960/3682
f 3682/3960/3682 3123/3988/3123 3120/3987/3120
f 3673/3951/3673 3123/3988/3123 3682/3960/3682
f 3673/3951/3673 3126/3989/3126 3123/3988/3123
f 3595/3850/3595 3126/3989/3126 3673/3951/3673
f 3595/3850/3595 3006/3888/3006 3126/3989/3126
f 3452/3999/3452 3208/3990/3208 3444/3991/3444
f 3444/3991/3444 3700/4000/3700 3452/3999/3452
f 3700/4000/3700 3444/3991/3444 3445/3992/3445
f 3445/3992/3445 3701/4001/3701 3700/4000/3700
f 3701/4001/3701 3445/3992/3445 3446/3993/3446
f 3446/3993/3446 3702/4002/3702 3701/4001/3701
f 3702/4002/3702 3446/3993/3446 3447/3994/3447
f 3447/3994/3447 3703/4003/3703 3702/4002/3702
f 3703/4003/3703 3447/3994/3447 3448/3995/3448
f 3448/3995/3448 3704/4004/3704 3703/4003/3703
f 3704/4004/3704 3448/3995/3448 3449/3996/3449
f 3449/3996/3449 3705/4005/3705 3704/4004/3704
f 3705/4005/3705 3449/3996/3449 3450/3997/3450
f 3450/3997/3450 3706/4006/3706 3705/4005/3705
f 3706/4006/3706 3450/3997/3450 3451/3998/3451
f 3451/3998/3451 3707/4007/3707 3706/4006/3706
f 3707/4007/3707 3451/3998/3451 3371/3889/3371
f 3371/3889/3371 3620/3898/3620 3707/4007/3707
f 3462/4008/3462 3452/3999/3452 3700/4000/3700
f 3700/4000/3700 3708/4009/3708 3462/4008/3462
f 3708/4009/3708 3700/4000/3700 3701/4001/3701
f 3701/4001/3701 3709/4010/3709 3708/4009/3708
f 3709/4010/3709 3701/4001/3701 3702/4002/3702
f 3702/4002/3702 3710/4011/3710 3709/4010/3709
f 3710/4011/3710 3702/4002/3702 3703/4003/3703
f 3703/4003/3703 3711/4012/3711 3710/4011/3710
f 3711/4012/3711 3703/4003/3703 3704/4004/3704
f 3704/4004/3704 3712/4013/3712 3711/4012/3711
f 3712/4013/3712 3704/4004/3704 3705/4005/3705
f 3705/4005/3705 3713/4014/3713 3712/4013/3712
f 3713/4014/3713 3705/4005/3705 3706/4006/3706
f 3706/4006/3706 3714/4015/3714 3713/4014/3713
f 3714/4015/3714 3706/4006/3706 3707/4007/3707
f 3707/4007/3707 3715/4016/3715 3714/4015/3714
f 3715/4016/3715 3707/4007/3707 3620/3898/3620
f 3620/3898/3620 3629/3907/3629 3715/4016/3715
f 3472/4017/3472 3462/4008/3462 3708/4009/3708
f 3708/4009/3708 3716/4018/3716 3472/4017/3472
f 3716/4018/3716 3708/4009/3708 3709/4010/3709
f 3709/4010/3709 3717/4019/3717 3716/4018/3716
f 3717/4019/3717 3709/4010/3709 3710/4011/3710
f 3710/4011/3710 3718/4020/3718 3717/4019/3717
f 3718/4020/3718 3710/4011/3710 3711/4012/3711
f 3711/4012/3711 3719/4021/3719 3718/4020/3718
f 3719/4021/3719 3711/4012/3711 3712/4013/3712
f 3712/4013/3712 3720/4022/3720 3719/4021/3719
f 3720/4022/3720 3712/4013/3712 3713/4014/3713
f 3713/4014/3713 3721/4023/3721 3720/4022/3720
f 3721/4023/3721 3713/4014/3713 3714/4015/3714
f 3714/4015/3714 3722/4024/3722 3721/4023/3721
f 3722/4024/3722 3714/4015/3714 3715/4016/3715
f 3715/4016/3715 3723/4025/3723 3722/4024/3722
f 3723/4025/3723 3715/4016/3715 3629/3907/3629
f 3629/3907/3629 3638/3916/3638 3723/4025/3723
f 3482/4026/3482 3472/4017/3472 3716/4018/3716
f 3716/4018/3716 3724/4027/3724 3482/4026/3482
f 3724/4027/3724 3716/4018/3716 3717/4019/3717
f 3717/4019/3717 3725/4028/3725 3724/4027/3724
f 3725/4028/3725 3717/4019/3717 3718/4020/3718
f 3718/4020/3718 3726/4029/3726 3725/4028/3725
f 3726/4029/3726 3718/4020/3718 3719/4021/3719
f 3719/4021/3719 3727/4030/3727 3726/4029/3726
f 3727/4030/3727 3719/4021/3719 3720/4022/3720
f 3720/4022/3720 3728/4031/3728 3727/4030/3727
f 3728/4031/3728 3720/4022/3720 3721/4023/3721
f 3721/4023/3721 3729/4032/3729 3728/4031/3728
f 3729/4032/3729 3721/4023/3721 3722/4024/3722
f 3722/4024/3722 3730/4033/3730 3729/4032/3729
f 3730/4033/3730 3722/4024/3722 3723/4025/3723
f 3723/4025/3723 3731/4034/3731 3730/4033/3730
f 3731/4034/3731 3723/4025/3723 3638/3916/3638
f 3638/3916/3638 3647/3925/3647 3731/4034/3731
f 3492/4035/3492 3482/4026/3482 3724/4027/3724
f 3724/4027/3724 3732/4036/3732 3492/4035/3492
f 3732/4036/3732 3724/4027/3724 3725/4028/3725
f 3725/4028/3725 3733/4037/3733 3732/4036/3732
f 3733/4037/3733 3725/4028/3725 3726/4029/3726
f 3726/4029/3726 3734/4038/3734 3733/4037/3733
f 3734/4038/3734 3726/4029/3726 3727/4030/3727
f 3727/4030/3727 3735/4039/3735 3734/4038/3734
f 3735/4039/3735 3727/4030/3727 3728/4031/3728
f 3728/4031/3728 3736/4040/3736 3735/4039/3735
f 3736/4040/3736 3728/4031/3728 3729/4032/3729
f 3729/4032/3729 3737/4041/3737 3736/4040/3736
f 3737/4041/3737 3729/4032/3729 3730/4033/3730
f 3730/4033/3730 3738/4042/3738 3737/4041/3737
f 3738/4042/3738 3730/4033/3730 3731/4034/3731
f 3731/4034/3731 3739/4043/3739 3738/4042/3738
f 3739/4043/3739 3731/4034/3731 3647/3925/3647
f 3647/3925/3647 3656/3934/3656 3739/4043/3739
f 3502/4044/3502 3492/4035/3492 3732/4036/3732
f 3732/4036/3732 3740/4045/3740 3502/4044/3502
f 3740/4045/3740 3732/4036/3732 3733/4037/3733
f 3733/4037/3733 3741/4046/3741 3740/4045/3740
f 3741/4046/3741 3733/4037/3733 3734/4038/3734
f 3734/4038/3734 3742/4047/3742 3741/4046/3741
f 3742/4047/3742 3734/4038/3734 3735/4039/3735
f 3735/4039/3735 3743/4048/3743 3742/4047/3742
f 3743/4048/3743 3735/4039/3735 3736/4040/3736
f 3736/4040/3736 3744/4049/3744 3743/4048/3743
f 3744/4049/3744 3736/4040/3736 3737/4041/3737
f 3737/4041/3737 3745/4050/3745 3744/4049/3744
f 3745/4050/3745 3737/4041/3737 3738/4042/3738
f 3738/4042/3738 3746/4051/3746 3745/4050/3745
f 3746/4051/3746 3738/4042/3738 3739/4043/3739
f 3739/4043/3739 3747/4052/3747 3746/4051/3746
f 3747/4052/3747 3739/4043/3739 3656/3934/3656
f 3656/3934/3656 3665/3943/3665 3747/4052/3747
f 3512/4053/3512 3502/4044/3502 3740/4045/3740
f 3740/4045/3740 3748/4054/3748 3512/4053/3512
f 3748/4054/3748 3740/4045/3740 3741/4046/3741
f 3741/4046/3741 3749/4055/3749 3748/4054/3748
f 3749/4055/3749 3741/4046/3741 3742/4047/3742
f 3742/4047/3742 3750/4056/3750 3749/4055/3749
f 3750/4056/3750 3742/4047/3742 3743/4048/3743
f 3743/4048/3743 3751/4057/3751 3750/4056/3750
f 3751/4057/3751 3743/4048/3743 3744/4049/3744
f 3744/4049/3744 3752/4058/3752 3751/4057/3751
f 3752/4058/3752 3744/4049/3744 3745/4050/3745
f 3745/4050/3745 3753/4059/3753 3752/4058/3752
f 3753/4059/3753 3745/4050/3745 3746/4051/3746
f 3746/4051/3746 3754/4060/3754 3753/4059/3753
f 3754/4060/3754 3746/4051/3746 3747/4052/3747
f 3747/4052/3747 3755/4061/3755 3754/4060/3754
f 3755/4061/3755 3747/4052/3747 3665/3943/3665
f 3665/3943/3665 3674/3952/3674 3755/4061/3755
f 3522/4062/3522 3512/4053/3512 3748/4054/3748
f 3748/4054/3748 3756/4063/3756 3522/4062/3522
f 3756/4063/3756 3748/4054/3748 3749/4055/3749
f 3749/4055/3749 3757/4064/3757 3756/4063/3756
f 3757/4064/3757 3749/4055/3749 3750/4056/3750
f 3750/4056/3750 3758/4065/3758 3757/4064/3757
f 3758/4065/3758 3750/4056/3750 3751/4057/3751
f 3751/4057/3751 3759/4066/3759 3758/4065/3758
f 3759/4066/3759 3751/4057/3751 3752/4058/3752
f 3752/4058/3752 3760/4067/3760 3759/4066/3759
f 3760/4067/3760 3752/4058/3752 3753/4059/3753
f 3753/4059/3753 3761/4068/3761 3760/4067/3760
f 3761/4068/3761 3753/4059/3753 3754/4060/3754
f 3754/4060/3754 3762/4069/3762 3761/4068/3761
f 3762/4069/3762 3754/4060/3754 3755/4061/3755
f 3755/4061/3755 3763/4070/3763 3762/4069/3762
f 3763/4070/3763 3755/4061/3755 3674/3952/3674
f 3674/3952/3674 3683/3961/3683 3763/4070/3763
f 3532/4071/3532 3522/4062/3522 3756/4063/3756
f 3756/4063/3756 3764/4072/3764 3532/4071/3532
f 3764/4072/3764 3756/4063/3756 3757/4064/3757
f 3757/4064/3757 3765/4073/3765 3764/4072/3764
f 3765/4073/3765 3757/4064/3757 3758/4065/3758
f 3758/4065/3758 3766/4074/3766 3765/4073/3765
f 3766/4074/3766 3758/4065/3758 3759/4066/3759
f 3759/4066/3759 3767/4075/3767 3766/4074/3766
f 3767/4075/3767 3759/4066/3759 3760/4067/3760
f 3760/4067/3760 3768/4076/3768 3767/4075/3767
f 3768/4076/3768 3760/4067/3760 3761/4068/3761
f 3761/4068/3761 3769/4077/3769 3768/4076/3768
f 3769/4077/3769 3761/4068/3761 3762/4069/3762
f 3762/4069/3762 3770/4078/3770 3769/4077/3769
f 3770/4078/3770 3762/4069/3762 3763/4070/3763
f 3763/4070/3763 3771/4079/3771 3770/4078/3770
f 3771/4079/3771 3763/4070/3763 3683/3961/3683
f 3683/3961/3683 3691/3969/3691 3771/4079/3771
f 3533/3779/3533 3532/3778/3532 3772/4080/3772
f 3772/4080/3772 3773/4081/3773 3533/3779/3533
f 3534/3780/3534 3533/3779/3533 3773/4081/3773
f 3773/4081/3773 3774/4082/3774 3534/3780/3534
f 3535/3781/3535 3534/3780/3534 3774/4082/3774
f 3774/4082/3774 3775/4083/3775 3535/3781/3535
f 3536/3782/3536 3535/3781/3535 3775/4083/3775
f 3775/4083/3775 3776/4084/3776 3536/3782/3536
f 3537/3783/3537 3536/3782/3536 3776/4084/3776
f 3776/4084/3776 3777/4085/3777 3537/3783/3537
f 3538/3784/3538 3537/3783/3537 3777/4085/3777
f 3777/4085/3777 3778/4086/3778 3538/3784/3538
f 3539/3785/3539 3538/3784/3538 3778/4086/3778
f 3778/4086/3778 3779/4087/3779 3539/3785/3539
f 3540/3786/3540 3539/3785/3539 3779/4087/3779
f 3779/4087/3779 3780/4088/3780 3540/3786/3540
f 3541/3787/3541 3540/3786/3540 3780/4088/3780
f 3780/4088/3780 3781/4089/3781 3541/3787/3541
f 3773/4081/3773 3772/4080/3772 3782/4090/3782
f 3782/4090/3782 3783/4091/3783 3773/4081/3773
f 3774/4082/3774 3773/4081/3773 3783/4091/3783
f 3783/4091/3783 3784/4092/3784 3774/4082/3774
f 3775/4083/3775 3774/4082/3774 3784/4092/3784
f 3784/4092/3784 3785/4093/3785 3775/4083/3775
f 3776/4084/3776 3775/4083/3775 3785/4093/3785
f 3785/4093/3785 3786/4094/3786 3776/4084/3776
f 3777/4085/3777 3776/4084/3776 3786/4094/3786
f 3786/4094/3786 3787/4095/3787 3777/4085/3777
f 3778/4086/3778 3777/4085/3777 3787/4095/3787
f 3787/4095/3787 3788/4096/3788 3778/4086/3778
f 3779/4087/3779 3778/4086/3778 3788/4096/3788
f 3788/4096/3788 3789/4097/3789 3779/4087/3779
f 3780/4088/3780 3779/4087/3779 3789/4097/3789
f 3789/4097/3789 3790/4098/3790 3780/4088/3780
f 3781/4089/3781 3780/4088/3780 3790/4098/3790
f 3790/4098/3790 3791/4099/3791 3781/4089/3781
f 3783/4091/3783 3782/4090/3782 3792/4100/3792
f 3792/4100/3792 3793/4101/3793 3783/4091/3783
f 3784/4092/3784 3783/4091/3783 3793/4101/3793
f 3793/4101/3793 3794/4102/3794 3784/4092/3784
f 3785/4093/3785 3784/4092/3784 3794/4102/3794
f 3794/4102/3794 3795/4103/3795 3785/4093/3785
f 3786/4094/3786 3785/4093/3785 3795/4103/3795
f 3795/4103/3795 3796/4104/3796 3786/4094/3786
f 3787/4095/3787 3786/4094/3786 3796/4104/3796
f 3796/4104/3796 3797/4105/3797 3787/4095/3787
f 3788/4096/3788 3787/4095/3787 3797/4105/3797
f 3797/4105/3797 3798/4106/3798 3788/4096/3788
f 3789/4097/3789 3788/4096/3788 3798/4106/3798
f 3798/4106/3798 3799/4107/3799 3789/4097/3789
f 3790/4098/3790 3789/4097/3789 3799/4107/3799
f 3799/4107/3799 3800/4108/3800 3790/4098/3790
f 3791/4099/3791 3790/4098/3790 3800/4108/3800
f 3800/4108/3800 3801/4109/3801 3791/4099/3791
f 3793/4101/3793 3792/4100/3792 3802/4110/3802
f 3802/4110/3802 3803/4111/3803 3793/4101/3793
f 3794/4102/3794 3793/4101/3793 3803/4111/3803
f 3803/4111/3803 3804/4112/3804 3794/4102/3794
f 3795/4103/3795 3794/4102/3794 3804/4112/3804
f 3804/4112/3804 3805/4113/3805 3795/4103/3795
f 3796/4104/3796 3795/4103/3795 3805/4113/3805
f 3805/4113/3805 3806/4114/3806 3796/4104/3796
f 3797/4105/3797 3796/4104/3796 3806/4114/3806
f 3806/4114/3806 3807/4115/3807 3797/4105/3797
f 3798/4106/3798 3797/4105/3797 3807/4115/3807
f 3807/4115/3807 3808/4116/3808 3798/4106/3798
f 3799/4107/3799 3798/4106/3798 3808/4116/3808
f 3808/4116/3808 3809/4117/3809 3799/4107/3799
f 3800/4108/3800 3799/4107/3799 3809/4117/3809
f 3809/4117/3809 3810/4118/3810 3800/4108/3800
f 3801/4109/3801 3800/4108/3800 3810/4118/3810
f 3810/4118/3810 3811/4119/3811 3801/4109/3801
f 3803/4111/3803 3802/4110/3802 3812/4120/3812
f 3812/4120/3812 3813/4121/3813 3803/4111/3803
f 3804/4112/3804 3803/4111/3803 3813/4121/3813
f 3813/4121/3813 3814/4122/3814 3804/4112/3804
f 3805/4113/3805 3804/4112/3804 3814/4122/3814
f 3814/4122/3814 3815/4123/3815 3805/4113/3805
f 3806/4114/3806 3805/4113/3805 3815/4123/3815
f 3815/4123/3815 3816/4124/3816 3806/4114/3806
f 3807/4115/3807 3806/4114/3806 3816/4124/3816
f 3816/4124/3816 3817/4125/3817 3807/4115/3807
f 3808/4116/3808 3807/4115/3807 3817/4125/3817
f 3817/4125/3817 3818/4126/3818 3808/4116/3808
f 3809/4117/3809 3808/4116/3808 3818/4126/3818
f 3818/4126/3818 3819/4127/3819 3809/4117/3809
f 3810/4118/3810 3809/4117/3809 3819/4127/3819
f 3819/4127/3819 3820/4128/3820 3810/4118/3810
f 3811/4119/3811 3810/4118/3810 3820/4128/3820
f 3820/4128/3820 3821/4129/3821 3811/4119/3811
f 3813/4121/3813 3812/4120/3812 3822/4130/3822
f 3822/4130/3822 3823/4131/3823 3813/4121/3813
f 3814/4122/3814 3813/4121/3813 3823/4131/3823
f 3823/4131/3823 3824/4132/3824 3814/4122/3814
f 3815/4123/3815 3814/4122/3814 3824/4132/3824
f 3824/4132/3824 3825/4133/3825 3815/4123/3815
f 3816/4124/3816 3815/4123/3815 3825/4133/3825
f 3825/4133/3825 3826/4134/3826 3816/4124/3816
f 3817/4125/3817 3816/4124/3816 3826/4134/3826
f 3826/4134/3826 3827/4135/3827 3817/4125/3817
f 3818/4126/3818 3817/4125/3817 3827/4135/3827
f 3827/4135/3827 3828/4136/3828 3818/4126/3818
f 3819/4127/3819 3818/4126/3818 3828/4136/3828
f 3828/4136/3828 3829/4137/3829 3819/4127/3819
f 3820/4128/3820 3819/4127/3819 3829/4137/3829
f 3829/4137/3829 3830/4138/3830 3820/4128/3820
f 3821/4129/3821 3820/4128/3820 3830/4138/3830
f 3830/4138/3830 3831/4139/3831 3821/4129/3821
f 3823/4131/3823 3822/4130/3822 3832/4140/3832
f 3832/4140/3832 3833/4141/3833 3823/4131/3823
f 3824/4132/3824 3823/4131/3823 3833/4141/3833
f 3833/4141/3833 3834/4142/3834 3824/4132/3824
f 3825/4133/3825 3824/4132/3824 3834/4142/3834
f 3834/4142/3834 3835/4143/3835 3825/4133/3825
f 3826/4134/3826 3825/4133/3825 3835/4143/3835
f 3835/4143/3835 3836/4144/3836 3826/4134/3826
f 3827/4135/3827 3826/4134/3826 3836/4144/3836
f 3836/4144/3836 3837/4145/3837 3827/4135/3827
f 3828/4136/3828 3827/4135/3827 3837/4145/3837
f 3837/4145/3837 3838/4146/3838 3828/4136/3828
f 3829/4137/3829 3828/4136/3828 3838/4146/3838
f 3838/4146/3838 3839/4147/3839 3829/4137/3829
f 3830/4138/3830 3829/4137/3829 3839/4147/3839
f 3839/4147/3839 3840/4148/3840 3830/4138/3830
f 3831/4139/3831 3830/4138/3830 3840/4148/3840
f 3840/4148/3840 3841/4149/3841 3831/4139/3831
f 3833/4141/3833 3832/4140/3832 3842/4150/3842
f 3842/4150/3842 3843/4151/3843 3833/4141/3833
f 3834/4142/3834 3833/4141/3833 3843/4151/3843
f 3843/4151/3843 3844/4152/3844 3834/4142/3834
f 3835/4143/3835 3834/4142/3834 3844/4152/3844
f 3844/4152/3844 3845/4153/3845 3835/4143/3835
f 3836/4144/3836 3835/4143/3835 3845/4153/3845
f 3845/4153/3845 3846/4154/3846 3836/4144/3836
f 3837/4145/3837 3836/4144/3836 3846/4154/3846
f 3846/4154/3846 3847/4155/3847 3837/4145/3837
f 3838/4146/3838 3837/4145/3837 3847/4155/3847
f 3847/4155/3847 3848/4156/3848 3838/4146/3838
f 3839/4147/3839 3838/4146/3838 3848/4156/3848
f 3848/4156/3848 3849/4157/3849 3839/4147/3839
f 3840/4148/3840 3839/4147/3839 3849/4157/3849
f 3849/4157/3849 3850/4158/3850 3840/4148/3840
f 3841/4149/3841 3840/4148/3840 3850/4158/3850
f 3850/4158/3850 3851/4159/3851 3841/4149/3841
f 3843/4151/3843 3842/4150/3842 3852/4160/3852
f 3852/4160/3852 3853/4161/3853 3843/4151/3843
f 3844/4152/3844 3843/4151/3843 3853/4161/3853
f 3853/4161/3853 3854/4162/3854 3844/4152/3844
f 3845/4153/3845 3844/4152/3844 3854/4162/3854
f 3854/4162/3854 3855/4163/3855 3845/4153/3845
f 3846/4154/3846 3845/4153/3845 3855/4163/3855
f 3855/4163/3855 3856/4164/3856 3846/4154/3846
f 3847/4155/3847 3846/4154/3846 3856/4164/3856
f 3856/4164/3856 3857/4165/3857 3847/4155/3847
f 3848/4156/3848 3847/4155/3847 3857/4165/3857
f 3857/4165/3857 3858/4166/3858 3848/4156/3848
f 3849/4157/3849 3848/4156/3848 3858/4166/3858
f 3858/4166/3858 3859/4167/3859 3849/4157/3849
f 3850/4158/3850 3849/4157/3849 3859/4167/3859
f 3859/4167/3859 3860/4168/3860 3850/4158/3850
f 3851/4159/3851 3850/4158/3850 3860/4168/3860
f 3860/4168/3860 3861/4169/3861 3851/4159/3851
f 3611/3866/3611 3541/3787/3541 3781/4089/3781
f 3781/4089/3781 3862/4170/3862 3611/3866/3611
f 3612/3867/3612 3611/3866/3611 3862/4170/3862
f 3862/4170/3862 3863/4171/3863 3612/3867/3612
f 3613/3868/3613 3612/3867/3612 3863/4171/3863
f 3863/4171/3863 3864/4172/3864 3613/3868/3613
f 3614/3869/3614 3613/3868/3613 3864/4172/3864
f 3864/4172/3864 3865/4173/3865 3614/3869/3614
f 3615/3870/3615 3614/3869/3614 3865/4173/3865
f 3865/4173/3865 3866/4174/3866 3615/3870/3615
f 3616/3871/3616 3615/3870/3615 3866/4174/3866
f 3866/4174/3866 3867/4175/3867 3616/3871/3616
f 3617/3872/3617 3616/3871/3616 3867/4175/3867
f 3867/4175/3867 3868/4176/3868 3617/3872/3617
f 3618/3873/3618 3617/3872/3617 3868/4176/3868
f 3868/4176/3868 3869/4177/3869 3618/3873/3618
f 3619/3874/3619 3618/3873/3618 3869/4177/3869
f 3869/4177/3869 3870/4178/3870 3619/3874/3619
f 3862/4170/3862 3781/4089/3781 3791/4099/3791
f 3791/4099/3791 3871/4179/3871 3862/4170/3862
f 3863/4171/3863 3862/4170/3862 3871/4179/3871
f 3871/4179/3871 3872/4180/3872 3863/4171/3863
f 3864/4172/3864 3863/4171/3863 3872/4180/3872
f 3872/4180/3872 3873/4181/3873 3864/4172/3864
f 3865/4173/3865 3864/4172/3864 3873/4181/3873
f 3873/4181/3873 3874/4182/3874 3865/4173/3865
f 3866/4174/3866 3865/4173/3865 3874/4182/3874
f 3874/4182/3874 3875/4183/3875 3866/4174/3866
f 3867/4175/3867 3866/4174/3866 3875/4183/3875
f 3875/4183/3875 3876/4184/3876 3867/4175/3867
f 3868/4176/3868 3867/4175/3867 3876/4184/3876
f 3876/4184/3876 3877/4185/3877 3868/4176/3868
f 3869/4177/3869 3868/4176/3868 3877/4185/3877
f 3877/4185/3877 3878/4186/3878 3869/4177/3869
f 3870/4178/3870 3869/4177/3869 3878/4186/3878
f 3878/4186/3878 3879/4187/3879 3870/4178/3870
f 3871/4179/3871 3791/4099/3791 3801/4109/3801
f 3801/4109/3801 3880/4188/3880 3871/4179/3871
f 3872/4180/3872 3871/4179/3871 3880/4188/3880
f 3880/4188/3880 3881/4189/3881 3872/4180/3872
f 3873/4181/3873 3872/4180/3872 3881/4189/3881
f 3881/4189/3881 3882/4190/3882 3873/4181/3873
f 3874/4182/3874 3873/4181/3873 3882/4190/3882
f 3882/4190/3882 3883/4191/3883 3874/4182/3874
f 3875/4183/3875 3874/4182/3874 3883/4191/3883
f 3883/4191/3883 3884/4192/3884 3875/4183/3875
f 3876/4184/3876 3875/4183/3875 3884/4192/3884
f 3884/4192/3884 3885/4193/3885 3876/4184/3876
f 3877/4185/3877 3876/4184/3876 3885/4193/3885
f 3885/4193/3885 3886/4194/3886 3877/4185/3877
f 3878/4186/3878 3877/4185/3877 3886/4194/3886
f 3886/4194/3886 3887/4195/3887 3878/4186/3878
f 3879/4187/3879 3878/4186/3878 3887/4195/3887
f 3887/4195/3887 3888/4196/3888 3879/4187/3879
f 3880/4188/3880 3801/4109/3801 3811/4119/3811
f 3811/4119/3811 3889/4197/3889 3880/4188/3880
f 3881/4189/3881 3880/4188/3880 3889/4197/3889
f 3889/4197/3889 3890/4198/3890 3881/4189/3881
f 3882/4190/3882 3881/4189/3881 3890/4198/3890
f 3890/4198/3890 3891/4199/3891 3882/4190/3882
f 3883/4191/3883 3882/4190/3882 3891/4199/3891
f 3891/4199/3891 3892/4200/3892 3883/4191/3883
f 3884/4192/3884 3883/4191/3883 3892/4200/3892
f 3892/4200/3892 3893/4201/3893 3884/4192/3884
f 3885/4193/3885 3884/4192/3884 3893/4201/3893
f 3893/4201/3893 3894/4202/3894 3885/4193/3885
f 3886/4194/3886 3885/4193/3885 3894/4202/3894
f 3894/4202/3894 3895/4203/3895 3886/4194/3886
f 3887/4195/3887 3886/4194/3886 3895/4203/3895
f 3895/4203/3895 3896/4204/3896 3887/4195/3887
f 3888/4196/3888 3887/4195/3887 3896/4204/3896
f 3896/4204/3896 3897/4205/3897 3888/4196/3888
f 3889/4197/3889 3811/4119/3811 3821/4129/3821
f 3821/4129/3821 3898/4206/3898 3889/4197/3889
f 3890/4198/3890 3889/4197/3889 3898/4206/3898
f 3898/4206/3898 3899/4207/3899 3890/4198/3890
f 3891/4199/3891 3890/4198/3890 3899/4207/3899
f 3899/4207/3899 3900/4208/3900 3891/4199/3891
f 3892/4200/3892 3891/4199/3891 3900/4208/3900
f 3900/4208/3900 3901/4209/3901 3892/4200/3892
f 3893/4201/3893 3892/4200/3892 3901/4209/3901
f 3901/4209/3901 3902/4210/3902 3893/4201/3893
f 3894/4202/3894 3893/4201/3893 3902/4210/3902
f 3902/4210/3902 3903/4211/3903 3894/4202/3894
f 3895/4203/3895 3894/4202/3894 3903/4211/3903
f 3903/4211/3903 3904/4212/3904 3895/4203/3895
f 3896/4204/3896 3895/4203/3895 3904/4212/3904
f 3904/4212/3904 3905/4213/3905 3896/4204/3896
f 3897/4205/3897 3896/4204/3896 3905/4213/3905
f 3905/4213/3905 3906/4214/3906 3897/4205/3897
f 3898/4206/3898 3821/4129/3821 3831/4139/3831
f 3831/4139/3831 3907/4215/3907 3898/4206/3898
f 3899/4207/3899 3898/4206/3898 3907/4215/3907
f 3907/4215/3907 3908/4216/3908 3899/4207/3899
f 3900/4208/3900 3899/4207/3899 3908/4216/3908
f 3908/4216/3908 3909/4217/3909 3900/4208/3900
f 3901/4209/3901 3900/4208/3900 3909/4217/3909
f 3909/4217/3909 3910/4218/3910 3901/4209/3901
f 3902/4210/3902 3901/4209/3901 3910/4218/3910
f 3910/4218/3910 3911/4219/3911 3902/4210/3902
f 3903/4211/3903 3902/4210/3902 3911/4219/3911
f 3911/4219/3911 3912/4220/3912 3903/4211/3903
f 3904/4212/3904 3903/4211/3903 3912/4220/3912
f 3912/4220/3912 3913/4221/3913 3904/4212/3904
f 3905/4213/3905 3904/4212/3904 3913/4221/3913
f 3913/4221/3913 3914/4222/3914 3905/4213/3905
f 3906/4214/3906 3905/4213/3905 3914/4222/3914
f 3914/4222/3914 3915/4223/3915 3906/4214/3906
f 3907/4215/3907 3831/4139/3831 3841/4149/3841
f 3841/4149/3841 3916/4224/3916 3907/4215/3907
f 3908/4216/3908 3907/4215/3907 3916/4224/3916
f 3916/4224/3916 3917/4225/3917 3908/4216/3908
f 3909/4217/3909 3908/4216/3908 3917/4225/3917
f 3917/4225/3917 3918/4226/3918 3909/4217/3909
f 3910/4218/3910 3909/4217/3909 3918/4226/3918
f 3918/4226/3918 3919/4227/3919 3910/4218/3910
f 3911/4219/3911 3910/4218/3910 3919/4227/3919
f 3919/4227/3919 3920/4228/3920 3911/4219/3911
f 3912/4220/3912 3911/4219/3911 3920/4228/3920
f 3920/4228/3920 3921/4229/3921 3912/4220/3912
f 3913/4221/3913 3912/4220/3912 3921/4229/3921
f 3921/4229/3921 3922/4230/3922 3913/4221/3913
f 3914/4222/3914 3913/4221/3913 3922/4230/3922
f 3922/4230/3922 3923/4231/3923 3914/4222/3914
f 3915/4223/3915 3914/4222/3914 3923/4231/3923
f 3923/4231/3923 3924/4232/3924 3915/4223/3915
f 3916/4224/3916 3841/4149/3841 3851/4159/3851
f 3851/4159/3851 3925/4233/3925 3916/4224/3916
f 3917/4225/3917 3916/4224/3916 3925/4233/3925
f 3925/4233/3925 3926/4234/3926 3917/4225/3917
f 3918/4226/3918 3917/4225/3917 3926/4234/3926
f 3926/4234/3926 3927/4235/3927 3918/4226/3918
f 3919/4227/3919 3918/4226/3918 3927/4235/3927
f 3927/4235/3927 3928/4236/3928 3919/4227/3919
f 3920/4228/3920 3919/4227/3919 3928/4236/3928
f 3928/4236/3928 3929/4237/3929 3920/4228/3920
f 3921/4229/3921 3920/4228/3920 3929/4237/3929
f 3929/4237/3929 3930/4238/3930 3921/4229/3921
f 3922/4230/3922 3921/4229/3921 3930/4238/3930
f 3930/4238/3930 3931/4239/3931 3922/4230/3922
f 3923/4231/3923 3922/4230/3922 3931/4239/3931
f 3931/4239/3931 3932/4240/3932 3923/4231/3923
f 3924/4232/3924 3923/4231/3923 3932/4240/3932
f 3932/4240/3932 3933/4241/3933 3924/4232/3924
f 3925/4233/3925 3851/4159/3851 3861/4169/3861
f 3861/4169/3861 3934/4242/3934 3925/4233/3925
f 3926/4234/3926 3925/4233/3925 3934/4242/3934
f 3934/4242/3934 3935/4243/3935 3926/4234/3926
f 3927/4235/3927 3926/4234/3926 3935/4243/3935
f 3935/4243/3935 3936/4244/3936 3927/4235/3927
f 3928/4236/3928 3927/4235/3927 3936/4244/3936
f 3936/4244/3936 3937/4245/3937 3928/4236/3928
f 3929/4237/3929 3928/4236/3928 3937/4245/3937
f 3937/4245/3937 3938/4246/3938 3929/4237/3929
f 3930/4238/3930 3929/4237/3929 3938/4246/3938
f 3938/4246/3938 3939/4247/3939 3930/4238/3930
f 3931/4239/3931 3930/4238/3930 3939/4247/3939
f 3939/4247/3939 3940/4248/3940 3931/4239/3931
f 3932/4240/3932 3931/4239/3931 3940/4248/3940
f 3940/4248/3940 3941/4249/3941 3932/4240/3932
f 3933/4241/3933 3932/4240/3932 3941/4249/3941
f 3941/4249/3941 3942/4250/3942 3933/4241/3933
f 3943/4251/3943 3691/3969/3691 3692/3970/3692
f 3692/3970/3692 3944/4252/3944 3943/4251/3943
f 3944/4252/3944 3692/3970/3692 3693/3971/3693
f 3693/3971/3693 3945/4253/3945 3944/4252/3944
f 3945/4253/3945 3693/3971/3693 3694/3972/3694
f 3694/3972/3694 3946/4254/3946 3945/4253/3945
f 3946/4254/3946 3694/3972/3694 3695/3973/3695
f 3695/3973/3695 3947/4255/3947 3946/4254/3946
f 3947/4255/3947 3695/3973/3695 3696/3974/3696
f 3696/3974/3696 3948/4256/3948 3947/4255/3947
f 3948/4256/3948 3696/3974/3696 3697/3975/3697
f 3697/3975/3697 3949/4257/3949 3948/4256/3948
f 3949/4257/3949 3697/3975/3697 3698/3976/3698
f 3698/3976/3698 3950/4258/3950 3949/4257/3949
f 3950/4258/3950 3698/3976/3698 3699/3977/3699
f 3699/3977/3699 3951/4259/3951 3950/4258/3950
f 3951/4259/3951 3699/3977/3699 3619/3874/3619
f 3619/3874/3619 3870/4178/3870 3951/4259/3951
f 3952/4260/3952 3943/4251/3943 3944/4252/3944
f 3944/4252/3944 3953/4261/3953 3952/4260/3952
f 3953/4261/3953 3944/4252/3944 3945/4253/3945
f 3945/4253/3945 3954/4262/3954 3953/4261/3953
f 3954/4262/3954 3945/4253/3945 3946/4254/3946
f 3946/4254/3946 3955/4263/3955 3954/4262/3954
f 3955/4263/3955 3946/4254/3946 3947/4255/3947
f 3947/4255/3947 3956/4264/3956 3955/4263/3955
f 3956/4264/3956 3947/4255/3947 3948/4256/3948
f 3948/4256/3948 3957/4265/3957 3956/4264/3956
f 3957/4265/3957 3948/4256/3948 3949/4257/3949
f 3949/4257/3949 3958/4266/3958 3957/4265/3957
f 3958/4266/3958 3949/4257/3949 3950/4258/3950
f 3950/4258/3950 3959/4267/3959 3958/4266/3958
f 3959/4267/3959 3950/4258/3950 3951/4259/3951
f 3951/4259/3951 3960/4268/3960 3959/4267/3959
f 3960/4268/3960 3951/4259/3951 3870/4178/3870
f 3870/4178/3870 3879/4187/3879 3960/4268/3960
f 3961/4269/3961 3952/4260/3952 3953/4261/3953
f 3953/4261/3953 3962/4270/3962 3961/4269/3961
f 3962/4270/3962 3953/4261/3953 3954/4262/3954
f 3954/4262/3954 3963/4271/3963 3962/4270/3962
f 3963/4271/3963 3954/4262/3954 3955/4263/3955
f 3955/4263/3955 3964/4272/3964 3963/4271/3963
f 3964/4272/3964 3955/4263/3955 3956/4264/3956
f 3956/4264/3956 3965/4273/3965 3964/4272/3964
f 3965/4273/3965 3956/4264/3956 3957/4265/3957
f 3957/4265/3957 3966/4274/3966 3965/4273/3965
f 3966/4274/3966 3957/4265/3957 3958/4266/3958
f 3958/4266/3958 3967/4275/3967 3966/4274/3966
f 3967/4275/3967 3958/4266/3958 3959/4267/3959
f 3959/4267/3959 3968/4276/3968 3967/4275/3967
f 3968/4276/3968 3959/4267/3959 3960/4268/3960
f 3960/4268/3960 3969/4277/3969 3968/4276/3968
f 3969/4277/3969 3960/4268/3960 3879/4187/3879
f 3879/4187/3879 3888/4196/3888 3969/4277/3969
f 3970/4278/3970 3961/4269/3961 3962/4270/3962
f 3962/4270/3962 3971/4279/3971 3970/4278/3970
f 3971/4279/3971 3962/4270/3962 3963/4271/3963
f 3963/4271/3963 3972/4280/3972 3971/4279/3971
f 3972/4280/3972 3963/4271/3963 3964/4272/3964
f 3964/4272/3964 3973/4281/3973 3972/4280/3972
f 3973/4281/3973 3964/4272/3964 3965/4273/3965
f 3965/4273/3965 3974/4282/3974 3973/4281/3973
f 3974/4282/3974 3965/4273/3965 3966/4274/3966
f 3966/4274/3966 3975/4283/3975 3974/4282/3974
f 3975/4283/3975 3966/4274/3966 3967/4275/3967
f 3967/4275/3967 3976/4284/3976 3975/4283/3975
f 3976/4284/3976 3967/4275/3967 3968/4276/3968
f 3968/4276/3968 3977/4285/3977 3976/4284/3976
f 3977/4285/3977 3968/4276/3968 3969/4277/3969
f 3969/4277/3969 3978/4286/3978 3977/4285/3977
f 3978/4286/3978 3969/4277/3969 3888/4196/3888
f 3888/4196/3888 3897/4205/3897 3978/4286/3978
f 3979/4287/3979 3970/4278/3970 3971/4279/3971
f 3971/4279/3971 3980/4288/3980 3979/4287/3979
f 3980/4288/3980 3971/4279/3971 3972/4280/3972
f 3972/4280/3972 3981/4289/3981 3980/4288/3980
f 3981/4289/3981 3972/4280/3972 3973/4281/3973
f 3973/4281/3973 3982/4290/3982 3981/4289/3981
f 3982/4290/3982 3973/4281/3973 3974/4282/3974
f 3974/4282/3974 3983/4291/3983 3982/4290/3982
f 3983/4291/3983 3974/4282/3974 3975/4283/3975
f 3975/4283/3975 3984/4292/3984 3983/4291/3983
f 3984/4292/3984 3975/4283/3975 3976/4284/3976
f 3976/4284/3976 3985/4293/3985 3984/4292/3984
f 3985/4293/3985 3976/4284/3976 3977/4285/3977
f 3977/4285/3977 3986/4294/3986 3985/4293/3985
f 3986/4294/3986 3977/4285/3977 3978/4286/3978
f 3978/4286/3978 3987/4295/3987 3986/4294/3986
f 3987/4295/3987 3978/4286/3978 3897/4205/3897
f 3897/4205/3897 3906/4214/3906 3987/4295/3987
f 3988/4296/3988 3979/4287/3979 3980/4288/3980
f 3980/4288/3980 3989/4297/3989 3988/4296/3988
f 3989/4297/3989 3980/4288/3980 3981/4289/3981
f 3981/4289/3981 3990/4298/3990 3989/4297/3989
f 3990/4298/3990 3981/4289/3981 3982/4290/3982
f 3982/4290/3982 3991/4299/3991 3990/4298/3990
f 3991/4299/3991 3982/4290/3982 3983/4291/3983
f 3983/4291/3983 3992/4300/3992 3991/4299/3991
f 3992/4300/3992 3983/4291/3983 3984/4292/3984
f 3984/4292/3984 3993/4301/3993 3992/4300/3992
f 3993/4301/3993 3984/4292/3984 3985/4293/3985
f 3985/4293/3985 3994/4302/3994 3993/4301/3993
f 3994/4302/3994 3985/4293/3985 3986/4294/3986
f 3986/4294/3986 3995/4303/3995 3994/4302/3994
f 3995/4303/3995 3986/4294/3986 3987/4295/3987
f 3987/4295/3987 3996/4304/3996 3995/4303/3995
f 3996/4304/3996 3987/4295/3987 3906/4214/3906
f 3906/4214/3906 3915/4223/3915 3996/4304/3996
f 3997/4305/3997 3988/4296/3988 3989/4297/3989
f 3989/4297/3989 3998/4306/3998 3997/4305/3997
f 3998/4306/3998 3989/4297/3989 3990/4298/3990
f 3990/4298/3990 3999/4307/3999 3998/4306/3998
f 3999/4307/3999 3990/4298/3990 3991/4299/3991
f 3991/4299/3991 4000/4308/4000 3999/4307/3999
f 4000/4308/4000 3991/4299/3991 3992/4300/3992
f 3992/4300/3992 4001/4309/4001 4000/4308/4000
f 4001/4309/4001 3992/4300/3992 3993/4301/3993
f 3993/4301/3993 4002/4310/4002 4001/4309/4001
f 4002/4310/4002 3993/4301/3993 3994/4302/3994
f 3994/4302/3994 4003/4311/4003 4002/4310/4002
f 4003/4311/4003 3994/4302/3994 3995/4303/3995
f 3995/4303/3995 4004/4312/4004 4003/4311/4003
f 4004/4312/4004 3995/4303/3995 3996/4304/3996
f 3996/4304/3996 4005/4313/4005 4004/4312/4004
f 4005/4313/4005 3996/4304/3996 3915/4223/3915
f 3915/4223/3915 3924/4232/3924 4005/4313/4005
f 4006/4314/4006 3997/4305/3997 3998/4306/3998
f 3998/4306/3998 4007/4315/4007 4006/4314/4006
f 4007/4315/4007 3998/4306/3998 3999/4307/3999
f 3999/4307/3999 4008/4316/4008 4007/4315/4007
f 4008/4316/4008 3999/4307/3999 4000/4308/4000
f 4000/4308/4000 4009/4317/4009 4008/4316/4008
f 4009/4317/4009 4000/4308/4000 4001/4309/4001
f 4001/4309/4001 4010/4318/4010 4009/4317/4009
f 4010/4318/4010 4001/4309/4001 4002/4310/4002
f 4002/4310/4002 4011/4319/4011 4010/4318/4010
f 4011/4319/4011 4002/4310/4002 4003/4311/4003
f 4003/4311/4003 4012/4320/4012 4011/4319/4011
f 4012/4320/4012 4003/4311/4003 4004/4312/4004
f 4004/4312/4004 4013/4321/4013 4012/4320/4012
f 4013/4321/4013 4004/4312/4004 4005/4313/4005
f 4005/4313/4005 4014/4322/4014 4013/4321/4013
f 4014/4322/4014 4005/4313/4005 3924/4232/3924
f 3924/4232/3924 3933/4241/3933 4014/4322/4014
f 4015/4323/4015 4006/4314/4006 4007/4315/4007
f 4007/4315/4007 4016/4324/4016 4015/4323/4015
f 4016/4324/4016 4007/4315/4007 4008/4316/4008
f 4008/4316/4008 4017/4325/4017 4016/4324/4016
f 4017/4325/4017 4008/4316/4008 4009/4317/4009
f 4009/4317/4009 4018/4326/4018 4017/4325/4017
f 4018/4326/4018 4009/4317/4009 4010/4318/4010
f 4010/4318/4010 4019/4327/4019 4018/4326/4018
f 4019/4327/4019 4010/4318/4010 4011/4319/4011
f 4011/4319/4011 4020/4328/4020 4019/4327/4019
f 4020/4328/4020 4011/4319/4011 4012/4320/4012
f 4012/4320/4012 4021/4329/4021 4020/4328/4020
f 4021/4329/4021 4012/4320/4012 4013/4321/4013
f 4013/4321/4013 4022/4330/4022 4021/4329/4021
f 4022/4330/4022 4013/4321/4013 4014/4322/4014
f 4014/4322/4014 4023/4331/4023 4022/4330/4022
f 4023/4331/4023 4014/4322/4014 3933/4241/3933
f 3933/4241/3933 3942/4250/3942 4023/4331/4023
f 3772/4332/3772 3532/4071/3532 3764/4072/3764
f 3764/4072/3764 4024/4333/4024 3772/4332/3772
f 4024/4333/4024 3764/4072/3764 3765/4073/3765
f 3765/4073/3765 4025/4334/4025 4024/4333/4024
f 4025/4334/4025 3765/4073/3765 3766/4074/3766
f 3766/4074/3766 4026/4335/4026 4025/4334/4025
f 4026/4335/4026 3766/4074/3766 3767/4075/3767
f 3767/4075/3767 4027/4336/4027 4026/4335/4026
f 4027/4336/4027 3767/4075/3767 3768/4076/3768
f 3768/4076/3768 4028/4337/4028 4027/4336/4027
f 4028/4337/4028 3768/4076/3768 3769/4077/3769
f 3769/4077/3769 4029/4338/4029 4028/4337/4028
f 4029/4338/4029 3769/4077/3769 3770/4078/3770
f 3770/4078/3770 4030/4339/4030 4029/4338/4029
f 4030/4339/4030 3770/4078/3770 3771/4079/3771
f 3771/4079/3771 4031/4340/4031 4030/4339/4030
f 4031/4340/4031 3771/4079/3771 3691/3969/3691
f 3691/3969/3691 3943/4251/3943 4031/4340/4031
f 3782/4341/3782 3772/4332/3772 4024/4333/4024
f 4024/4333/4024 4032/4342/4032 3782/4341/3782
f 4032/4342/4032 4024/4333/4024 4025/4334/4025
f 4025/4334/4025 4033/4343/4033 4032/4342/4032
f 4033/4343/4033 4025/4334/4025 4026/4335/4026
f 4026/4335/4026 4034/4344/4034 4033/4343/4033
f 4034/4344/4034 4026/4335/4026 4027/4336/4027
f 4027/4336/4027 4035/4345/4035 4034/4344/4034
f 4035/4345/4035 4027/4336/4027 4028/4337/4028
f 4028/4337/4028 4036/4346/4036 4035/4345/4035
f 4036/4346/4036 4028/4337/4028 4029/4338/4029
f 4029/4338/4029 4037/4347/4037 4036/4346/4036
f 4037/4347/4037 4029/4338/4029 4030/4339/4030
f 4030/4339/4030 4038/4348/4038 4037/4347/4037
f 4038/4348/4038 4030/4339/4030 4031/4340/4031
f 4031/4340/4031 4039/4349/4039 4038/4348/4038
f 4039/4349/4039 4031/4340/4031 3943/4251/3943
f 3943/4251/3943 3952/4260/3952 4039/4349/4039
f 3792/4350/3792 3782/4341/3782 4032/4342/4032
f 4032/4342/4032 4040/4351/4040 3792/4350/3792
f 4040/4351/4040 4032/4342/4032 4033/4343/4033
f 4033/4343/4033 4041/4352/4041 4040/4351/4040
f 4041/4352/4041 4033/4343/4033 4034/4344/4034
f 4034/4344/4034 4042/4353/4042 4041/4352/4041
f 4042/4353/4042 4034/4344/4034 4035/4345/4035
f 4035/4345/4035 4043/4354/4043 4042/4353/4042
f 4043/4354/4043 4035/4345/4035 4036/4346/4036
f 4036/4346/4036 4044/4355/4044 4043/4354/4043
f 4044/4355/4044 4036/4346/4036 4037/4347/4037
f 4037/4347/4037 4045/4356/4045 4044/4355/4044
f 4045/4356/4045 4037/4347/4037 4038/4348/4038
f 4038/4348/4038 4046/4357/4046 4045/4356/4045
f 4046/4357/4046 4038/4348/4038 4039/4349/4039
f 4039/4349/4039 4047/4358/4047 4046/4357/4046
f 4047/4358/4047 4039/4349/4039 3952/4260/3952
f 3952/4260/3952 3961/4269/3961 4047/4358/4047
f 3802/4359/3802 3792/4350/3792 4040/4351/4040
f 4040/4351/4040 4048/4360/4048 3802/4359/3802
f 4048/4360/4048 4040/4351/4040 4041/4352/4041
f 4041/4352/4041 4049/4361/4049 4048/4360/4048
f 4049/4361/4049 4041/4352/4041 4042/4353/4042
f 4042/4353/4042 4050/4362/4050 4049/4361/4049
f 4050/4362/4050 4042/4353/4042 4043/4354/4043
f 4043/4354/4043 4051/4363/4051 4050/4362/4050
f 4051/4363/4051 4043/4354/4043 4044/4355/4044
f 4044/4355/4044 4052/4364/4052 4051/4363/4051
f 4052/4364/4052 4044/4355/4044 4045/4356/4045
f 4045/4356/4045 4053/4365/4053 4052/4364/4052
f 4053/4365/4053 4045/4356/4045 4046/4357/4046
f 4046/4357/4046 4054/4366/4054 4053/4365/4053
f 4054/4366/4054 4046/4357/4046 4047/4358/4047
f 4047/4358/4047 4055/4367/4055 4054/4366/4054
f 4055/4367/4055 4047/4358/4047 3961/4269/3961
f 3961/4269/3961 3970/4278/3970 4055/4367/4055
f 3812/4368/3812 3802/4359/3802 4048/4360/4048
f 4048/4360/4048 4056/4369/4056 3812/4368/3812
f 4056/4369/4056 4048/4360/4048 4049/4361/4049
f 4049/4361/4049 4057/4370/4057 4056/4369/4056
f 4057/4370/4057 4049/4361/4049 4050/4362/4050
f 4050/4362/4050 4058/4371/4058 4057/4370/4057
f 4058/4371/4058 4050/4362/4050 4051/4363/4051
f 4051/4363/4051 4059/4372/4059 4058/4371/4058
f 4059/4372/4059 4051/4363/4051 4052/4364/4052
f 4052/4364/4052 4060/4373/4060 4059/4372/4059
f 4060/4373/4060 4052/4364/4052 4053/4365/4053
f 4053/4365/4053 4061/4374/4061 4060/4373/4060
f 4061/4374/4061 4053/4365/4053 4054/4366/4054
f 4054/4366/4054 4062/4375/4062 4061/4374/4061
f 4062/4375/4062 4054/4366/4054 4055/4367/4055
f 4055/4367/4055 4063/4376/4063 4062/4375/4062
f 4063/4376/4063 4055/4367/4055 3970/4278/3970
f 3970/4278/3970 3979/4287/3979 4063/4376/4063
f 3822/4377/3822 3812/4368/3812 4056/4369/4056
f 4056/4369/4056 4064/4378/4064 3822/4377/3822
f 4064/4378/4064 4056/4369/4056 4057/4370/4057
f 4057/4370/4057 4065/4379/4065 4064/4378/4064
f 4065/4379/4065 4057/4370/4057 4058/4371/4058
f 4058/4371/4058 4066/4380/4066 4065/4379/4065
f 4066/4380/4066 4058/4371/4058 4059/4372/4059
f 4059/4372/4059 4067/4381/4067 4066/4380/4066
f 4067/4381/4067 4059/4372/4059 4060/4373/4060
f 4060/4373/4060 4068/4382/4068 4067/4381/4067
f 4068/4382/4068 4060/4373/4060 4061/4374/4061
f 4061/4374/4061 4069/4383/4069 4068/4382/4068
f 4069/4383/4069 4061/4374/4061 4062/4375/4062
f 4062/4375/4062 4070/4384/4070 4069/4383/4069
f 4070/4384/4070 4062/4375/4062 4063/4376/4063
f 4063/4376/4063 4071/4385/4071 4070/4384/4070
f 4071/4385/4071 4063/4376/4063 3979/4287/3979
f 3979/4287/3979 3988/4296/3988 4071/4385/4071
f 3832/4386/3832 3822/4377/3822 4064/4378/4064
f 4064/4378/4064 4072/4387/4072 3832/4386/3832
f 4072/4387/4072 4064/4378/4064 4065/4379/4065
f 4065/4379/4065 4073/4388/4073 4072/4387/4072
f 4073/4388/4073 4065/4379/4065 4066/4380/4066
f 4066/4380/4066 4074/4389/4074 4073/4388/4073
f 4074/4389/4074 4066/4380/4066 4067/4381/4067
f 4067/4381/4067 4075/4390/4075 4074/4389/4074
f 4075/4390/4075 4067/4381/4067 4068/4382/4068
f 4068/4382/4068 4076/4391/4076 4075/4390/4075
f 4076/4391/4076 4068/4382/4068 4069/4383/4069
f 4069/4383/4069 4077/4392/4077 4076/4391/4076
f 4077/4392/4077 4069/4383/4069 4070/4384/4070
f 4070/4384/4070 4078/4393/4078 4077/4392/4077
f 4078/4393/4078 4070/4384/4070 4071/4385/4071
f 4071/4385/4071 4079/4394/4079 4078/4393/4078
f 4079/4394/4079 4071/4385/4071 3988/4296/3988
f 3988/4296/3988 3997/4305/3997 4079/4394/4079
f 3842/4395/3842 3832/4386/3832 4072/4387/4072
f 4072/4387/4072 4080/4396/4080 3842/4395/3842
f 4080/4396/4080 4072/4387/4072 4073/4388/4073
f 4073/4388/4073 4081/4397/4081 4080/4396/4080
f 4081/4397/4081 4073/4388/4073 4074/4389/4074
f 4074/4389/4074 4082/4398/4082 4081/4397/4081
f 4082/4398/4082 4074/4389/4074 4075/4390/4075
f 4075/4390/4075 4083/4399/4083 4082/4398/4082
f 4083/4399/4083 4075/4390/4075 4076/4391/4076
f 4076/4391/4076 4084/4400/4084 4083/4399/4083
f 4084/4400/4084 4076/4391/4076 4077/4392/4077
f 4077/4392/4077 4085/4401/4085 4084/4400/4084
f 4085/4401/4085 4077/4392/4077 4078/4393/4078
f 4078/4393/4078 4086/4402/4086 4085/4401/4085
f 4086/4402/4086 4078/4393/4078 4079/4394/4079
f 4079/4394/4079 4087/4403/4087 4086/4402/4086
f 4087/4403/4087 4079/4394/4079 3997/4305/3997
f 3997/4305/3997 4006/4314/4006 4087/4403/4087
f 3852/4404/3852 3842/4395/3842 4080/4396/4080
f 4080/4396/4080 4088/4405/4088 3852/4404/3852
f 4088/4405/4088 4080/4396/4080 4081/4397/4081
f 4081/4397/4081 4089/4406/4089 4088/4405/4088
f 4089/4406/4089 4081/4397/4081 4082/4398/4082
f 4082/4398/4082 4090/4407/4090 4089/4406/4089
f 4090/4407/4090 4082/4398/4082 4083/4399/4083
f 4083/4399/4083 4091/4408/4091 4090/4407/4090
f 4091/4408/4091 4083/4399/4083 4084/4400/4084
f 4084/4400/4084 4092/4409/4092 4091/4408/4091
f 4092/4409/4092 4084/4400/4084 4085/4401/4085
f 4085/4401/4085 4093/4410/4093 4092/4409/4092
f 4093/4410/4093 4085/4401/4085 4086/4402/4086
f 4086/4402/4086 4094/4411/4094 4093/4410/4093
f 4094/4411/4094 4086/4402/4086 4087/4403/4087
f 4087/4403/4087 4095/4412/4095 4094/4411/4094
f 4095/4412/4095 4087/4403/4087 4006/4314/4006
f 4006/4314/4006 4015/4323/4015 4095/4412/4095
f 3853/4161/3853 3852/4160/3852 4096/4413/4096
f 4096/4413/4096 4097/4414/4097 3853/4161/3853
f 3854/4162/3854 3853/4161/3853 4097/4414/4097
f 4097/4414/4097 4098/4415/4098 3854/4162/3854
f 3855/4163/3855 3854/4162/3854 4098/4415/4098
f 4098/4415/4098 4099/4416/4099 3855/4163/3855
f 3856/4164/3856 3855/4163/3855 4099/4416/4099
f 4099/4416/4099 4100/4417/4100 3856/4164/3856
f 3857/4165/3857 3856/4164/3856 4100/4417/4100
f 4100/4417/4100 4101/4418/4101 3857/4165/3857
f 3858/4166/3858 3857/4165/3857 4101/4418/4101
f 4101/4418/4101 4102/4419/4102 3858/4166/3858
f 3859/4167/3859 3858/4166/3858 4102/4419/4102
f 4102/4419/4102 4103/4420/4103 3859/4167/3859
f 3860/4168/3860 3859/4167/3859 4103/4420/4103
f 4103/4420/4103 4104/4421/4104 3860/4168/3860
f 3861/4169/3861 3860/4168/3860 4104/4421/4104
f 4104/4421/4104 4105/4422/4105 3861/4169/3861
f 4097/4414/4097 4096/4413/4096 4106/4423/4106
f 4106/4423/4106 4107/4424/4107 4097/4414/4097
f 4098/4415/4098 4097/4414/4097 4107/4424/4107
f 4107/4424/4107 4108/4425/4108 4098/4415/4098
f 4099/4416/4099 4098/4415/4098 4108/4425/4108
f 4108/4425/4108 4109/4426/4109 4099/4416/4099
f 4100/4417/4100 4099/4416/4099 4109/4426/4109
f 4109/4426/4109 4110/4427/4110 4100/4417/4100
f 4101/4418/4101 4100/4417/4100 4110/4427/4110
f 4110/4427/4110 4111/4428/4111 4101/4418/4101
f 4102/4419/4102 4101/4418/4101 4111/4428/4111
f 4111/4428/4111 4112/4429/4112 4102/4419/4102
f 4103/4420/4103 4102/4419/4102 4112/4429/4112
f 4112/4429/4112 4113/4430/4113 4103/4420/4103
f 4104/4421/4104 4103/4420/4103 4113/4430/4113
f 4113/4430/4113 4114/4431/4114 4104/4421/4104
f 4105/4422/4105 4104/4421/4104 4114/4431/4114
f 4114/4431/4114 4115/4432/4115 4105/4422/4105
f 4107/4424/4107 4106/4423/4106 4116/4433/4116
f 4116/4433/4116 4117/4434/4117 4107/4424/4107
f 4108/4425/4108 4107/4424/4107 4117/4434/4117
f 4117/4434/4117 4118/4435/4118 4108/4425/4108
f 4109/4426/4109 4108/4425/4108 4118/4435/4118
f 4118/4435/4118 4119/4436/4119 4109/4426/4109
f 4110/4427/4110 4109/4426/4109 4119/4436/4119
f 4119/4436/4119 4120/4437/4120 4110/4427/4110
f 4111/4428/4111 4110/4427/4110 4120/4437/4120
f 4120/4437/4120 4121/4438/4121 4111/4428/4111
f 4112/4429/4112 4111/4428/4111 4121/4438/4121
f 4121/4438/4121 4122/4439/4122 4112/4429/4112
f 4113/4430/4113 4112/4429/4112 4122/4439/4122
f 4122/4439/4122 4123/4440/4123 4113/4430/4113
f 4114/4431/4114 4113/4430/4113 4123/4440/4123
f 4123/4440/4123 4124/4441/4124 4114/4431/4114
f 4115/4432/4115 4114/4431/4114 4124/4441/4124
f 4124/4441/4124 4125/4442/4125 4115/4432/4115
f 4117/4434/4117 4116/4433/4116 4126/4443/4126
f 4126/4443/4126 4127/4444/4127 4117/4434/4117
f 4118/4435/4118 4117/4434/4117 4127/4444/4127
f 4127/4444/4127 4128/4445/4128 4118/4435/4118
f 4119/4436/4119 4118/4435/4118 4128/4445/4128
f 4128/4445/4128 4129/4446/4129 4119/4436/4119
f 4120/4437/4120 4119/4436/4119 4129/4446/4129
f 4129/4446/4129 4130/4447/4130 4120/4437/4120
f 4121/4438/4121 4120/4437/4120 4130/4447/4130
f 4130/4447/4130 4131/4448/4131 4121/4438/4121
f 4122/4439/4122 4121/4438/4121 4131/4448/4131
f 4131/4448/4131 4132/4449/4132 4122/4439/4122
f 4123/4440/4123 4122/4439/4122 4132/4449/4132
f 4132/4449/4132 4133/4450/4133 4123/4440/4123
f 4124/4441/4124 4123/4440/4123 4133/4450/4133
f 4133/4450/4133 4134/4451/4134 4124/4441/4124
f 4125/4442/4125 4124/4441/4124 4134/4451/4134
f 4134/4451/4134 4135/4452/4135 4125/4442/4125
f 4127/4444/4127 4126/4443/4126 4136/4453/4136
f 4136/4453/4136 4137/4454/4137 4127/4444/4127
f 4128/4445/4128 4127/4444/4127 4137/4454/4137
f 4137/4454/4137 4138/4455/4138 4128/4445/4128
f 4129/4446/4129 4128/4445/4128 4138/4455/4138
f 4138/4455/4138 4139/4456/4139 4129/4446/4129
f 4130/4447/4130 4129/4446/4129 4139/4456/4139
f 4139/4456/4139 4140/4457/4140 4130/4447/4130
f 4131/4448/4131 4130/4447/4130 4140/4457/4140
f 4140/4457/4140 4141/4458/4141 4131/4448/4131
f 4132/4449/4132 4131/4448/4131 4141/4458/4141
f 4141/4458/4141 4142/4459/4142 4132/4449/4132
f 4133/4450/4133 4132/4449/4132 4142/4459/4142
f 4142/4459/4142 4143/4460/4143 4133/4450/4133
f 4134/4451/4134 4133/4450/4133 4143/4460/4143
f 4143/4460/4143 4144/4461/4144 4134/4451/4134
f 4135/4452/4135 4134/4451/4134 4144/4461/4144
f 4144/4461/4144 4145/4462/4145 4135/4452/4135
f 4137/4454/4137 4136/4453/4136 4146/4463/4146
f 4146/4463/4146 4147/4464/4147 4137/4454/4137
f 4138/4455/4138 4137/4454/4137 4147/4464/4147
f 4147/4464/4147 4148/4465/4148 4138/4455/4138
f 4139/4456/4139 4138/4455/4138 4148/4465/4148
f 4148/4465/4148 4149/4466/4149 4139/4456/4139
f 4140/4457/4140 4139/4456/4139 4149/4466/4149
f 4149/4466/4149 4150/4467/4150 4140/4457/4140
f 4141/4458/4141 4140/4457/4140 4150/4467/4150
f 4150/4467/4150 4151/4468/4151 4141/4458/4141
f 4142/4459/4142 4141/4458/4141 4151/4468/4151
f 4151/4468/4151 4152/4469/4152 4142/4459/4142
f 4143/4460/4143 4142/4459/4142 4152/4469/4152
f 4152/4469/4152 4153/4470/4153 4143/4460/4143
f 4144/4461/4144 4143/4460/4143 4153/4470/4153
f 4153/4470/4153 4154/4471/4154 4144/4461/4144
f 4145/4462/4145 4144/4461/4144 4154/4471/4154
f 4154/4471/4154 4155/4472/4155 4145/4462/4145
f 4147/4464/4147 4146/4463/4146 4156/4473/4156
f 4156/4473/4156 4157/4474/4157 4147/4464/4147
f 4148/4465/4148 4147/4464/4147 4157/4474/4157
f 4157/4474/4157 4158/4475/4158 4148/4465/4148
f 4149/4466/4149 4148/4465/4148 4158/4475/4158
f 4158/4475/4158 4159/4476/4159 4149/4466/4149
f 4150/4467/4150 4149/4466/4149 4159/4476/4159
f 4159/4476/4159 4160/4477/4160 4150/4467/4150
f 4151/4468/4151 4150/4467/4150 4160/4477/4160
f 4160/4477/4160 4161/4478/4161 4151/4468/4151
f 4152/4469/4152 4151/4468/4151 4161/4478/4161
f 4161/4478/4161 4162/4479/4162 4152/4469/4152
f 4153/4470/4153 4152/4469/4152 4162/4479/4162
f 4162/4479/4162 4163/4480/4163 4153/4470/4153
f 4154/4471/4154 4153/4470/4153 4163/4480/4163
f 4163/4480/4163 4164/4481/4164 4154/4471/4154
f 4155/4472/4155 4154/4471/4154 4164/4481/4164
f 4164/4481/4164 4165/4482/4165 4155/4472/4155
f 4157/4474/4157 4156/4473/4156 4166/4483/4166
f 4166/4483/4166 4167/4484/4167 4157/4474/4157
f 4158/4475/4158 4157/4474/4157 4167/4484/4167
f 4167/4484/4167 4168/4485/4168 4158/4475/4158
f 4159/4476/4159 4158/4475/4158 4168/4485/4168
f 4168/4485/4168 4169/4486/4169 4159/4476/4159
f 4160/4477/4160 4159/4476/4159 4169/4486/4169
f 4169/4486/4169 4170/4487/4170 4160/4477/4160
f 4161/4478/4161 4160/4477/4160 4170/4487/4170
f 4170/4487/4170 4171/4488/4171 4161/4478/4161
f 4162/4479/4162 4161/4478/4161 4171/4488/4171
f 4171/4488/4171 4172/4489/4172 4162/4479/4162
f 4163/4480/4163 4162/4479/4162 4172/4489/4172
f 4172/4489/4172 4173/4490/4173 4163/4480/4163
f 4164/4481/4164 4163/4480/4163 4173/4490/4173
f 4173/4490/4173 4174/4491/4174 4164/4481/4164
f 4165/4482/4165 4164/4481/4164 4174/4491/4174
f 4174/4491/4174 4175/4492/4175 4165/4482/4165
f 4167/4484/4167 4166/4483/4166 1592/1675/4176
f 1592/1675/4176 1593/1676/4177 4167/4484/4167
f 4168/4485/4168 4167/4484/4167 1593/1676/4177
f 1593/1676/4177 1594/1677/4178 4168/4485/4168
f 4169/4486/4169 4168/4485/4168 1594/1677/4178
f 1594/1677/4178 1595/1678/4179 4169/4486/4169
f 4170/4487/4170 4169/4486/4169 1595/1678/4179
f 1595/1678/4179 1596/1679/4180 4170/4487/4170
f 4171/4488/4171 4170/4487/4170 1596/1679/4180
f 1596/1679/4180 1597/1680/4181 4171/4488/4171
f 4172/4489/4172 4171/4488/4171 1597/1680/4181
f 1597/1680/4181 1598/1681/4182 4172/4489/4172
f 4173/4490/4173 4172/4489/4172 1598/1681/4182
f 1598/1681/4182 1599/1682/4183 4173/4490/4173
f 4174/4491/4174 4173/4490/4173 1599/1682/4183
f 1599/1682/4183 1600/1683/4184 4174/4491/4174
f 4175/4492/4175 4174/4491/4174 1600/1683/4184
f 1600/1683/4184 1601/1684/4185 4175/4492/4175
f 3934/4242/3934 3861/4169/3861 4105/4422/4105
f 4105/4422/4105 4176/4493/4186 3934/4242/3934
f 3935/4243/3935 3934/4242/3934 4176/4493/4186
f 4176/4493/4186 4177/4494/4187 3935/4243/3935
f 3936/4244/3936 3935/4243/3935 4177/4494/4187
f 4177/4494/4187 4178/4495/4188 3936/4244/3936
f 3937/4245/3937 3936/4244/3936 4178/4495/4188
f 4178/4495/4188 4179/4496/4189 3937/4245/3937
f 3938/4246/3938 3937/4245/3937 4179/4496/4189
f 4179/4496/4189 4180/4497/4190 3938/4246/3938
f 3939/4247/3939 3938/4246/3938 4180/4497/4190
f 4180/4497/4190 4181/4498/4191 3939/4247/3939
f 3940/4248/3940 3939/4247/3939 4181/4498/4191
f 4181/4498/4191 4182/4499/4192 3940/4248/3940
f 3941/4249/3941 3940/4248/3940 4182/4499/4192
f 4182/4499/4192 4183/4500/4193 3941/4249/3941
f 3942/4250/3942 3941/4249/3941 4183/4500/4193
f 4183/4500/4193 4184/4501/4194 3942/4250/3942
f 4176/4493/4186 4105/4422/4105 4115/4432/4115
f 4115/4432/4115 4185/4502/4195 4176/4493/4186
f 4177/4494/4187 4176/4493/4186 4185/4502/4195
f 4185/4502/4195 4186/4503/4196 4177/4494/4187
f 4178/4495/4188 4177/4494/4187 4186/4503/4196
f 4186/4503/4196 4187/4504/4197 4178/4495/4188
f 4179/4496/4189 4178/4495/4188 4187/4504/4197
f 4187/4504/4197 4188/4505/4198 4179/4496/4189
f 4180/4497/4190 4179/4496/4189 4188/4505/4198
f 4188/4505/4198 4189/4506/4199 4180/4497/4190
f 4181/4498/4191 4180/4497/4190 4189/4506/4199
f 4189/4506/4199 4190/4507/4200 4181/4498/4191
f 4182/4499/4192 4181/4498/4191 4190/4507/4200
f 4190/4507/4200 4191/4508/4201 4182/4499/4192
f 4183/4500/4193 4182/4499/4192 4191/4508/4201
f 4191/4508/4201 4192/4509/4202 4183/4500/4193
f 4184/4501/4194 4183/4500/4193 4192/4509/4202
f 4192/4509/4202 4193/4510/4203 4184/4501/4194
f 4185/4502/4195 4115/4432/4115 4125/4442/4125
f 4125/4442/4125 4194/4511/4204 4185/4502/4195
f 4186/4503/4196 4185/4502/4195 4194/4511/4204
f 4194/4511/4204 4195/4512/4205 4186/4503/4196
f 4187/4504/4197 4186/4503/4196 4195/4512/4205
f 4195/4512/4205 4196/4513/4206 4187/4504/4197
f 4188/4505/4198 4187/4504/4197 4196/4513/4206
f 4196/4513/4206 4197/4514/4207 4188/4505/4198
f 4189/4506/4199 4188/4505/4198 4197/4514/4207
f 4197/4514/4207 4198/4515/4208 4189/4506/4199
f 4190/4507/4200 4189/4506/4199 4198/4515/4208
f 4198/4515/4208 4199/4516/4209 4190/4507/4200
f 4191/4508/4201 4190/4507/4200 4199/4516/4209
f 4199/4516/4209 4200/4517/4210 4191/4508/4201
f 4192/4509/4202 4191/4508/4201 4200/4517/4210
f 4200/4517/4210 4201/4518/4211 4192/4509/4202
f 4193/4510/4203 4192/4509/4202 4201/4518/4211
f 4201/4518/4211 4202/4519/4212 4193/4510/4203
f 4194/4511/4204 4125/4442/4125 4135/4452/4135
f 4135/4452/4135 4203/4520/4213 4194/4511/4204
f 4195/4512/4205 4194/4511/4204 4203/4520/4213
f 4203/4520/4213 4204/4521/4214 4195/4512/4205
f 4196/4513/4206 4195/4512/4205 4204/4521/4214
f 4204/4521/4214 4205/4522/4215 4196/4513/4206
f 4197/4514/4207 4196/4513/4206 4205/4522/4215
f 4205/4522/4215 4206/4523/4216 4197/4514/4207
f 4198/4515/4208 4197/4514/4207 4206/4523/4216
f 4206/4523/4216 4207/4524/4217 4198/4515/4208
f 4199/4516/4209 4198/4515/4208 4207/4524/4217
f 4207/4524/4217 4208/4525/4218 4199/4516/4209
f 4200/4517/4210 4199/4516/4209 4208/4525/4218
f 4208/4525/4218 4209/4526/4219 4200/4517/4210
f 4201/4518/4211 4200/4517/4210 4209/4526/4219
f 4209/4526/4219 4210/4527/4220 4201/4518/4211
f 4202/4519/4212 4201/4518/4211 4210/4527/4220
f 4210/4527/4220 4211/4528/4221 4202/4519/4212
f 4203/4520/4213 4135/4452/4135 4145/4462/4145
f 4145/4462/4145 4212/4529/4222 4203/4520/4213
f 4204/4521/4214 4203/4520/4213 4212/4529/4222
f 4212/4529/4222 4213/4530/4223 4204/4521/4214
f 4205/4522/4215 4204/4521/4214 4213/4530/4223
f 4213/4530/4223 4214/4531/4224 4205/4522/4215
f 4206/4523/4216 4205/4522/4215 4214/4531/4224
f 4214/4531/4224 4215/4532/4225 4206/4523/4216
f 4207/4524/4217 4206/4523/4216 4215/4532/4225
f 4215/4532/4225 4216/4533/4226 4207/4524/4217
f 4208/4525/4218 4207/4524/4217 4216/4533/4226
f 4216/4533/4226 4217/4534/4227 4208/4525/4218
f 4209/4526/4219 4208/4525/4218 4217/4534/4227
f 4217/4534/4227 4218/4535/4228 4209/4526/4219
f 4210/4527/4220 4209/4526/4219 4218/4535/4228
f 4218/4535/4228 4219/4536/4229 4210/4527/4220
f 4211/4528/4221 4210/4527/4220 4219/4536/4229
f 4219/4536/4229 4220/4537/4230 4211/4528/4221
f 4212/4529/4222 4145/4462/4145 4155/4472/4155
f 4155/4472/4155 4221/4538/4231 4212/4529/4222
f 4213/4530/4223 4212/4529/4222 4221/4538/4231
f 4221/4538/4231 4222/4539/4232 4213/4530/4223
f 4214/4531/4224 4213/4530/4223 4222/4539/4232
f 4222/4539/4232 4223/4540/4233 4214/4531/4224
f 4215/4532/4225 4214/4531/4224 4223/4540/4233
f 4223/4540/4233 4224/4541/4234 4215/4532/4225
f 4216/4533/4226 4215/4532/4225 4224/4541/4234
f 4224/4541/4234 4225/4542/4235 4216/4533/4226
f 4217/4534/4227 4216/4533/4226 4225/4542/4235
f 4225/4542/4235 4226/4543/4236 4217/4534/4227
f 4218/4535/4228 4217/4534/4227 4226/4543/4236
f 4226/4543/4236 4227/4544/4237 4218/4535/4228
f 4219/4536/4229 4218/4535/4228 4227/4544/4237
f 4227/4544/4237 4228/4545/4238 4219/4536/4229
f 4220/4537/4230 4219/4536/4229 4228/4545/4238
f 4228/4545/4238 4229/4546/4239 4220/4537/4230
f 4221/4538/4231 4155/4472/4155 4165/4482/4165
f 4165/4482/4165 4230/4547/4240 4221/4538/4231
f 4222/4539/4232 4221/4538/4231 4230/4547/4240
f 4230/4547/4240 4231/4548/4241 4222/4539/4232
f 4223/4540/4233 4222/4539/4232 4231/4548/4241
f 4231/4548/4241 4232/4549/4242 4223/4540/4233
f 4224/4541/4234 4223/4540/4233 4232/4549/4242
f 4232/4549/4242 4233/4550/4243 4224/4541/4234
f 4225/4542/4235 4224/4541/4234 4233/4550/4243
f 4233/4550/4243 4234/4551/4244 4225/4542/4235
f 4226/4543/4236 4225/4542/4235 4234/4551/4244
f 4234/4551/4244 4235/4552/4245 4226/4543/4236
f 4227/4544/4237 4226/4543/4236 4235/4552/4245
f 4235/4552/4245 4236/4553/4246 4227/4544/4237
f 4228/4545/4238 4227/4544/4237 4236/4553/4246
f 4236/4553/4246 4237/4554/4247 4228/4545/4238
f 4229/4546/4239 4228/4545/4238 4237/4554/4247
f 4237/4554/4247 4238/4555/4248 4229/4546/4239
f 4230/4547/4240 4165/4482/4165 4175/4492/4175
f 4175/4492/4175 4239/4556/4249 4230/4547/4240
f 4231/4548/4241 4230/4547/4240 4239/4556/4249
f 4239/4556/4249 4240/4557/4250 4231/4548/4241
f 4232/4549/4242 4231/4548/4241 4240/4557/4250
f 4240/4557/4250 4241/4558/4251 4232/4549/4242
f 4233/4550/4243 4232/4549/4242 4241/4558/4251
f 4241/4558/4251 4242/4559/4252 4233/4550/4243
f 4234/4551/4244 4233/4550/4243 4242/4559/4252
f 4242/4559/4252 4243/4560/4253 4234/4551/4244
f 4235/4552/4245 4234/4551/4244 4243/4560/4253
f 4243/4560/4253 4244/4561/4254 4235/4552/4245
f 4236/4553/4246 4235/4552/4245 4244/4561/4254
f 4244/4561/4254 4245/4562/4255 4236/4553/4246
f 4237/4554/4247 4236/4553/4246 4245/4562/4255
f 4245/4562/4255 4246/4563/4256 4237/4554/4247
f 4238/4555/4248 4237/4554/4247 4246/4563/4256
f 4246/4563/4256 4247/4564/4257 4238/4555/4248
f 4239/4556/4249 4175/4492/4175 1601/1684/4185
f 1601/1684/4185 1692/1775/4258 4239/4556/4249
f 4240/4557/4250 4239/4556/4249 1692/1775/4258
f 1692/1775/4258 1693/1776/4259 4240/4557/4250
f 4241/4558/4251 4240/4557/4250 1693/1776/4259
f 1693/1776/4259 1694/1777/4260 4241/4558/4251
f 4242/4559/4252 4241/4558/4251 1694/1777/4260
f 1694/1777/4260 1695/1778/4261 4242/4559/4252
f 4243/4560/4253 4242/4559/4252 1695/1778/4261
f 1695/1778/4261 1696/1779/4262 4243/4560/4253
f 4244/4561/4254 4243/4560/4253 1696/1779/4262
f 1696/1779/4262 1697/1780/4263 4244/4561/4254
f 4245/4562/4255 4244/4561/4254 1697/1780/4263
f 1697/1780/4263 1698/1781/4264 4245/4562/4255
f 4246/4563/4256 4245/4562/4255 1698/1781/4264
f 1698/1781/4264 1699/1782/4265 4246/4563/4256
f 4247/4564/4257 4246/4563/4256 1699/1782/4265
f 1699/1782/4265 1700/1783/4266 4247/4564/4257
f 4248/4565/4267 4015/4323/4015 4016/4324/4016
f 4016/4324/4016 4249/4566/4268 4248/4565/4267
f 4249/4566/4268 4016/4324/4016 4017/4325/4017
f 4017/4325/4017 4250/4567/4269 4249/4566/4268
f 4250/4567/4269 4017/4325/4017 4018/4326/4018
f 4018/4326/4018 4251/4568/4270 4250/4567/4269
f 4251/4568/4270 4018/4326/4018 4019/4327/4019
f 4019/4327/4019 4252/4569/4271 4251/4568/4270
f 4252/4569/4271 4019/4327/4019 4020/4328/4020
f 4020/4328/4020 4253/4570/4272 4252/4569/4271
f 4253/4570/4272 4020/4328/4020 4021/4329/4021
f 4021/4329/4021 4254/4571/4273 4253/4570/4272
f 4254/4571/4273 4021/4329/4021 4022/4330/4022
f 4022/4330/4022 4255/4572/4274 4254/4571/4273
f 4255/4572/4274 4022/4330/4022 4023/4331/4023
f 4023/4331/4023 4256/4573/4275 4255/4572/4274
f 4256/4573/4275 4023/4331/4023 3942/4250/3942
f 3942/4250/3942 4184/4501/4194 4256/4573/4275
f 4257/4574/4276 4248/4565/4267 4249/4566/4268
f 4249/4566/4268 4258/4575/4277 4257/4574/4276
f 4258/4575/4277 4249/4566/4268 4250/4567/4269
f 4250/4567/4269 4259/4576/4278 4258/4575/4277
f 4259/4576/4278 4250/4567/4269 4251/4568/4270
f 4251/4568/4270 4260/4577/4279 4259/4576/4278
f 4260/4577/4279 4251/4568/4270 4252/4569/4271
f 4252/4569/4271 4261/4578/4280 4260/4577/4279
f 4261/4578/4280 4252/4569/4271 4253/4570/4272
f 4253/4570/4272 4262/4579/4281 4261/4578/4280
f 4262/4579/4281 4253/4570/4272 4254/4571/4273
f 4254/4571/4273 4263/4580/4282 4262/4579/4281
f 4263/4580/4282 4254/4571/4273 4255/4572/4274
f 4255/4572/4274 4264/4581/4283 4263/4580/4282
f 4264/4581/4283 4255/4572/4274 4256/4573/4275
f 4256/4573/4275 4265/4582/4284 4264/4581/4283
f 4265/4582/4284 4256/4573/4275 4184/4501/4194
f 4184/4501/4194 4193/4510/4203 4265/4582/4284
f 4266/4583/4285 4257/4574/4276 4258/4575/4277
f 4258/4575/4277 4267/4584/4286 4266/4583/4285
f 4267/4584/4286 4258/4575/4277 4259/4576/4278
f 4259/4576/4278 4268/4585/4287 4267/4584/4286
f 4268/4585/4287 4259/4576/4278 4260/4577/4279
f 4260/4577/4279 4269/4586/4288 4268/4585/4287
f 4269/4586/4288 4260/4577/4279 4261/4578/4280
f 4261/4578/4280 4270/4587/4289 4269/4586/4288
f 4270/4587/4289 4261/4578/4280 4262/4579/4281
f 4262/4579/4281 4271/4588/4290 4270/4587/4289
f 4271/4588/4290 4262/4579/4281 4263/4580/4282
f 4263/4580/4282 4272/4589/4291 4271/4588/4290
f 4272/4589/4291 4263/4580/4282 4264/4581/4283
f 4264/4581/4283 4273/4590/4292 4272/4589/4291
f 4273/4590/4292 4264/4581/4283 4265/4582/4284
f 4265/4582/4284 4274/4591/4293 4273/4590/4292
f 4274/4591/4293 4265/4582/4284 4193/4510/4203
f 4193/4510/4203 4202/4519/4212 4274/4591/4293
f 4275/4592/4294 4266/4583/4285 4267/4584/4286
f 4267/4584/4286 4276/4593/4295 4275/4592/4294
f 4276/4593/4295 4267/4584/4286 4268/4585/4287
f 4268/4585/4287 4277/4594/4296 4276/4593/4295
f 4277/4594/4296 4268/4585/4287 4269/4586/4288
f 4269/4586/4288 4278/4595/4297 4277/4594/4296
f 4278/4595/4297 4269/4586/4288 4270/4587/4289
f 4270/4587/4289 4279/4596/4298 4278/4595/4297
f 4279/4596/4298 4270/4587/4289 4271/4588/4290
f 4271/4588/4290 4280/4597/4299 4279/4596/4298
f 4280/4597/4299 4271/4588/4290 4272/4589/4291
f 4272/4589/4291 4281/4598/4300 4280/4597/4299
f 4281/4598/4300 4272/4589/4291 4273/4590/4292
f 4273/4590/4292 4282/4599/4301 4281/4598/4300
f 4282/4599/4301 4273/4590/4292 4274/4591/4293
f 4274/4591/4293 4283/4600/4302 4282/4599/4301
f 4283/4600/4302 4274/4591/4293 4202/4519/4212
f 4202/4519/4212 4211/4528/4221 4283/4600/4302
f 4284/4601/4303 4275/4592/4294 4276/4593/4295
f 4276/4593/4295 4285/4602/4304 4284/4601/4303
f 4285/4602/4304 4276/4593/4295 4277/4594/4296
f 4277/4594/4296 4286/4603/4305 4285/4602/4304
f 4286/4603/4305 4277/4594/4296 4278/4595/4297
f 4278/4595/4297 4287/4604/4306 4286/4603/4305
f 4287/4604/4306 4278/4595/4297 4279/4596/4298
f 4279/4596/4298 4288/4605/4307 4287/4604/4306
f 4288/4605/4307 4279/4596/4298 4280/4597/4299
f 4280/4597/4299 4289/4606/4308 4288/4605/4307
f 4289/4606/4308 4280/4597/4299 4281/4598/4300
f 4281/4598/4300 4290/4607/4309 4289/4606/4308
f 4290/4607/4309 4281/4598/4300 4282/4599/4301
f 4282/4599/4301 4291/4608/4310 4290/4607/4309
f 4291/4608/4310 4282/4599/4301 4283/4600/4302
f 4283/4600/4302 4292/4609/4311 4291/4608/4310
f 4292/4609/4311 4283/4600/4302 4211/4528/4221
f 4211/4528/4221 4220/4537/4230 4292/4609/4311
f 4293/4610/4312 4284/4601/4303 4285/4602/4304
f 4285/4602/4304 4294/4611/4313 4293/4610/4312
f 4294/4611/4313 4285/4602/4304 4286/4603/4305
f 4286/4603/4305 4295/4612/4314 4294/4611/4313
f 4295/4612/4314 4286/4603/4305 4287/4604/4306
f 4287/4604/4306 4296/4613/4315 4295/4612/4314
f 4296/4613/4315 4287/4604/4306 4288/4605/4307
f 4288/4605/4307 4297/4614/4316 4296/4613/4315
f 4297/4614/4316 4288/4605/4307 4289/4606/4308
f 4289/4606/4308 4298/4615/4317 4297/4614/4316
f 4298/4615/4317 4289/4606/4308 4290/4607/4309
f 4290/4607/4309 4299/4616/4318 4298/4615/4317
f 4299/4616/4318 4290/4607/4309 4291/4608/4310
f 4291/4608/4310 4300/4617/4319 4299/4616/4318
f 4300/4617/4319 4291/4608/4310 4292/4609/4311
f 4292/4609/4311 4301/4618/4320 4300/4617/4319
f 4301/4618/4320 4292/4609/4311 4220/4537/4230
f 4220/4537/4230 4229/4546/4239 4301/4618/4320
f 4302/4619/4321 4293/4610/4312 4294/4611/4313
f 4294/4611/4313 4303/4620/4322 4302/4619/4321
f 4303/4620/4322 4294/4611/4313 4295/4612/4314
f 4295/4612/4314 4304/4621/4323 4303/4620/4322
f 4304/4621/4323 4295/4612/4314 4296/4613/4315
f 4296/4613/4315 4305/4622/4324 4304/4621/4323
f 4305/4622/4324 4296/4613/4315 4297/4614/4316
f 4297/4614/4316 4306/4623/4325 4305/4622/4324
f 4306/4623/4325 4297/4614/4316 4298/4615/4317
f 4298/4615/4317 4307/4624/4326 4306/4623/4325
f 4307/4624/4326 4298/4615/4317 4299/4616/4318
f 4299/4616/4318 4308/4625/4327 4307/4624/4326
f 4308/4625/4327 4299/4616/4318 4300/4617/4319
f 4300/4617/4319 4309/4626/4328 4308/4625/4327
f 4309/4626/4328 4300/4617/4319 4301/4618/4320
f 4301/4618/4320 4310/4627/4329 4309/4626/4328
f 4310/4627/4329 4301/4618/4320 4229/4546/4239
f 4229/4546/4239 4238/4555/4248 4310/4627/4329
f 4311/4628/4330 4302/4619/4321 4303/4620/4322
f 4303/4620/4322 4312/4629/4331 4311/4628/4330
f 4312/4629/4331 4303/4620/4322 4304/4621/4323
f 4304/4621/4323 4313/4630/4332 4312/4629/4331
f 4313/4630/4332 4304/4621/4323 4305/4622/4324
f 4305/4622/4324 4314/4631/4333 4313/4630/4332
f 4314/4631/4333 4305/4622/4324 4306/4623/4325
f 4306/4623/4325 4315/4632/4334 4314/4631/4333
f 4315/4632/4334 4306/4623/4325 4307/4624/4326
f 4307/4624/4326 4316/4633/4335 4315/4632/4334
f 4316/4633/4335 4307/4624/4326 4308/4625/4327
f 4308/4625/4327 4317/4634/4336 4316/4633/4335
f 4317/4634/4336 4308/4625/4327 4309/4626/4328
f 4309/4626/4328 4318/4635/4337 4317/4634/4336
f 4318/4635/4337 4309/4626/4328 4310/4627/4329
f 4310/4627/4329 4319/4636/4338 4318/4635/4337
f 4319/4636/4338 4310/4627/4329 4238/4555/4248
f 4238/4555/4248 4247/4564/4257 4319/4636/4338
f 1782/1865/4339 4311/4628/4330 4312/4629/4331
f 4312/4629/4331 1783/1866/4340 1782/1865/4339
f 1783/1866/4340 4312/4629/4331 4313/4630/4332
f 4313/4630/4332 1784/1867/4341 1783/1866/4340
f 1784/1867/4341 4313/4630/4332 4314/4631/4333
f 4314/4631/4333 1785/1868/4342 1784/1867/4341
f 1785/1868/4342 4314/4631/4333 4315/4632/4334
f 4315/4632/4334 1786/1869/4343 1785/1868/4342
f 1786/1869/4343 4315/4632/4334 4316/4633/4335
f 4316/4633/4335 1787/1870/4344 1786/1869/4343
f 1787/1870/4344 4316/4633/4335 4317/4634/4336
f 4317/4634/4336 1788/1871/4345 1787/1870/4344
f 1788/1871/4345 4317/4634/4336 4318/4635/4337
f 4318/4635/4337 1789/1872/4346 1788/1871/4345
f 1789/1872/4346 4318/4635/4337 4319/4636/4338
f 4319/4636/4338 1790/1873/4347 1789/1872/4346
f 1790/1873/4347 4319/4636/4338 4247/4564/4257
f 4247/4564/4257 1700/1783/4266 1790/1873/4347
f 4096/4637/4096 3852/4404/3852 4088/4405/4088
f 4088/4405/4088 4320/4638/4348 4096/4637/4096
f 4320/4638/4348 4088/4405/4088 4089/4406/4089
f 4089/4406/4089 4321/4639/4349 4320/4638/4348
f 4321/4639/4349 4089/4406/4089 4090/4407/4090
f 4090/4407/4090 4322/4640/4350 4321/4639/4349
f 4322/4640/4350 4090/4407/4090 4091/4408/4091
f 4091/4408/4091 4323/4641/4351 4322/4640/4350
f 4323/4641/4351 4091/4408/4091 4092/4409/4092
f 4092/4409/4092 4324/4642/4352 4323/4641/4351
f 4324/4642/4352 4092/4409/4092 4093/4410/4093
f 4093/4410/4093 4325/4643/4353 4324/4642/4352
f 4325/4643/4353 4093/4410/4093 4094/4411/4094
f 4094/4411/4094 4326/4644/4354 4325/4643/4353
f 4326/4644/4354 4094/4411/4094 4095/4412/4095
f 4095/4412/4095 4327/4645/4355 4326/4644/4354
f 4327/4645/4355 4095/4412/4095 4015/4323/4015
f 4015/4323/4015 4248/4565/4267 4327/4645/4355
f 4106/4646/4106 4096/4637/4096 4320/4638/4348
f 4320/4638/4348 4328/4647/4356 4106/4646/4106
f 4328/4647/4356 4320/4638/4348 4321/4639/4349
f 4321/4639/4349 4329/4648/4357 4328/4647/4356
f 4329/4648/4357 4321/4639/4349 4322/4640/4350
f 4322/4640/4350 4330/4649/4358 4329/4648/4357
f 4330/4649/4358 4322/4640/4350 4323/4641/4351
f 4323/4641/4351 4331/4650/4359 4330/4649/4358
f 4331/4650/4359 4323/4641/4351 4324/4642/4352
f 4324/4642/4352 4332/4651/4360 4331/4650/4359
f 4332/4651/4360 4324/4642/4352 4325/4643/4353
f 4325/4643/4353 4333/4652/4361 4332/4651/4360
f 4333/4652/4361 4325/4643/4353 4326/4644/4354
f 4326/4644/4354 4334/4653/4362 4333/4652/4361
f 4334/4653/4362 4326/4644/4354 4327/4645/4355
f 4327/4645/4355 4335/4654/4363 4334/4653/4362
f 4335/4654/4363 4327/4645/4355 4248/4565/4267
f 4248/4565/4267 4257/4574/4276 4335/4654/4363
f 4116/4655/4116 4106/4646/4106 4328/4647/4356
f 4328/4647/4356 4336/4656/4364 4116/4655/4116
f 4336/4656/4364 4328/4647/4356 4329/4648/4357
f 4329/4648/4357 4337/4657/4365 4336/4656/4364
f 4337/4657/4365 4329/4648/4357 4330/4649/4358
f 4330/4649/4358 4338/4658/4366 4337/4657/4365
f 4338/4658/4366 4330/4649/4358 4331/4650/4359
f 4331/4650/4359 4339/4659/4367 4338/4658/4366
f 4339/4659/4367 4331/4650/4359 4332/4651/4360
f 4332/4651/4360 4340/4660/4368 4339/4659/4367
f 4340/4660/4368 4332/4651/4360 4333/4652/4361
f 4333/4652/4361 4341/4661/4369 4340/4660/4368
f 4341/4661/4369 4333/4652/4361 4334/4653/4362
f 4334/4653/4362 4342/4662/4370 4341/4661/4369
f 4342/4662/4370 4334/4653/4362 4335/4654/4363
f 4335/4654/4363 4343/4663/4371 4342/4662/4370
f 4343/4663/4371 4335/4654/4363 4257/4574/4276
f 4257/4574/4276 4266/4583/4285 4343/4663/4371
f 4126/4664/4126 4116/4655/4116 4336/4656/4364
f 4336/4656/4364 4344/4665/4372 4126/4664/4126
f 4344/4665/4372 4336/4656/4364 4337/4657/4365
f 4337/4657/4365 4345/4666/4373 4344/4665/4372
f 4345/4666/4373 4337/4657/4365 4338/4658/4366
f 4338/4658/4366 4346/4667/4374 4345/4666/4373
f 4346/4667/4374 4338/4658/4366 4339/4659/4367
f 4339/4659/4367 4347/4668/4375 4346/4667/4374
f 4347/4668/4375 4339/4659/4367 4340/4660/4368
f 4340/4660/4368 4348/4669/4376 4347/4668/4375
f 4348/4669/4376 4340/4660/4368 4341/4661/4369
f 4341/4661/4369 4349/4670/4377 4348/4669/4376
f 4349/4670/4377 4341/4661/4369 4342/4662/4370
f 4342/4662/4370 4350/4671/4378 4349/4670/4377
f 4350/4671/4378 4342/4662/4370 4343/4663/4371
f 4343/4663/4371 4351/4672/4379 4350/4671/4378
f 4351/4672/4379 4343/4663/4371 4266/4583/4285
f 4266/4583/4285 4275/4592/4294 4351/4672/4379
f 4136/4673/4136 4126/4664/4126 4344/4665/4372
f 4344/4665/4372 4352/4674/4380 4136/4673/4136
f 4352/4674/4380 4344/4665/4372 4345/4666/4373
f 4345/4666/4373 4353/4675/4381 4352/4674/4380
f 4353/4675/4381 4345/4666/4373 4346/4667/4374
f 4346/4667/4374 4354/4676/4382 4353/4675/4381
f 4354/4676/4382 4346/4667/4374 4347/4668/4375
f 4347/4668/4375 4355/4677/4383 4354/4676/4382
f 4355/4677/4383 4347/4668/4375 4348/4669/4376
f 4348/4669/4376 4356/4678/4384 4355/4677/4383
f 4356/4678/4384 4348/4669/4376 4349/4670/4377
f 4349/4670/4377 4357/4679/4385 4356/4678/4384
f 4357/4679/4385 4349/4670/4377 4350/4671/4378
f 4350/4671/4378 4358/4680/4386 4357/4679/4385
f 4358/4680/4386 4350/4671/4378 4351/4672/4379
f 4351/4672/4379 4359/4681/4387 4358/4680/4386
f 4359/4681/4387 4351/4672/4379 4275/4592/4294
f 4275/4592/4294 4284/4601/4303 4359/4681/4387
f 4146/4682/4146 4136/4673/4136 4352/4674/4380
f 4352/4674/4380 4360/4683/4388 4146/4682/4146
f 4360/4683/4388 4352/4674/4380 4353/4675/4381
f 4353/4675/4381 4361/4684/4389 4360/4683/4388
f 4361/4684/4389 4353/4675/4381 4354/4676/4382
f 4354/4676/4382 4362/4685/4390 4361/4684/4389
f 4362/4685/4390 4354/4676/4382 4355/4677/4383
f 4355/4677/4383 4363/4686/4391 4362/4685/4390
f 4363/4686/4391 4355/4677/4383 4356/4678/4384
f 4356/4678/4384 4364/4687/4392 4363/4686/4391
f 4364/4687/4392 4356/4678/4384 4357/4679/4385
f 4357/4679/4385 4365/4688/4393 4364/4687/4392
f 4365/4688/4393 4357/4679/4385 4358/4680/4386
f 4358/4680/4386 4366/4689/4394 4365/4688/4393
f 4366/4689/4394 4358/4680/4386 4359/4681/4387
f 4359/4681/4387 4367/4690/4395 4366/4689/4394
f 4367/4690/4395 4359/4681/4387 4284/4601/4303
f 4284/4601/4303 4293/4610/4312 4367/4690/4395
f 4156/4691/4156 4146/4682/4146 4360/4683/4388
f 4360/4683/4388 4368/4692/4396 4156/4691/4156
f 4368/4692/4396 4360/4683/4388 4361/4684/4389
f 4361/4684/4389 4369/4693/4397 4368/4692/4396
f 4369/4693/4397 4361/4684/4389 4362/4685/4390
f 4362/4685/4390 4370/4694/4398 4369/4693/4397
f 4370/4694/4398 4362/4685/4390 4363/4686/4391
f 4363/4686/4391 4371/4695/4399 4370/4694/4398
f 4371/4695/4399 4363/4686/4391 4364/4687/4392
f 4364/4687/4392 4372/4696/4400 4371/4695/4399
f 4372/4696/4400 4364/4687/4392 4365/4688/4393
f 4365/4688/4393 4373/4697/4401 4372/4696/4400
f 4373/4697/4401 4365/4688/4393 4366/4689/4394
f 4366/4689/4394 4374/4698/4402 4373/4697/4401
f 4374/4698/4402 4366/4689/4394 4367/4690/4395
f 4367/4690/4395 4375/4699/4403 4374/4698/4402
f 4375/4699/4403 4367/4690/4395 4293/4610/4312
f 4293/4610/4312 4302/4619/4321 4375/4699/4403
f 4166/4700/4166 4156/4691/4156 4368/4692/4396
f 4368/4692/4396 4376/4701/4404 4166/4700/4166
f 4376/4701/4404 4368/4692/4396 4369/4693/4397
f 4369/4693/4397 4377/4702/4405 4376/4701/4404
f 4377/4702/4405 4369/4693/4397 4370/4694/4398
f 4370/4694/4398 4378/4703/4406 4377/4702/4405
f 4378/4703/4406 4370/4694/4398 4371/4695/4399
f 4371/4695/4399 4379/4704/4407 4378/4703/4406
f 4379/4704/4407 4371/4695/4399 4372/4696/4400
f 4372/4696/4400 4380/4705/4408 4379/4704/4407
f 4380/4705/4408 4372/4696/4400 4373/4697/4401
f 4373/4697/4401 4381/4706/4409 4380/4705/4408
f 4381/4706/4409 4373/4697/4401 4374/4698/4402
f 4374/4698/4402 4382/4707/4410 4381/4706/4409
f 4382/4707/4410 4374/4698/4402 4375/4699/4403
f 4375/4699/4403 4383/4708/4411 4382/4707/4410
f 4383/4708/4411 4375/4699/4403 4302/4619/4321
f 4302/4619/4321 4311/4628/4330 4383/4708/4411
f 1592/1955/4176 4166/4700/4166 4376/4701/4404
f 4376/4701/4404 1872/1956/4412 1592/1955/4176
f 1872/1956/4412 4376/4701/4404 4377/4702/4405
f 4377/4702/4405 1873/1957/4413 1872/1956/4412
f 1873/1957/4413 4377/4702/4405 4378/4703/4406
f 4378/4703/4406 1874/1958/4414 1873/1957/4413
f 1874/1958/4414 4378/4703/4406 4379/4704/4407
f 4379/4704/4407 1875/1959/4415 1874/1958/4414
f 1875/1959/4415 4379/4704/4407 4380/4705/4408
f 4380/4705/4408 1876/1960/4416 1875/1959/4415
f 1876/1960/4416 4380/4705/4408 4381/4706/4409
f 4381/4706/4409 1877/1961/4417 1876/1960/4416
f 1877/1961/4417 4381/4706/4409 4382/4707/4410
f 4382/4707/4410 1878/1962/4418 1877/1961/4417
f 1878/1962/4418 4382/4707/4410 4383/4708/4411
f 4383/4708/4411 1879/1963/4419 1878/1962/4418
f 1879/1963/4419 4383/4708/4411 4311/4628/4330
f 4311/4628/4330 1782/1865/4339 1879/1963/4419
f 1349/4710/4421 1348/4709/4420 4384/4719/4430
f 4384/4719/4430 4385/4720/4431 1349/4710/4421
f 1350/4711/4422 1349/4710/4421 4385/4720/4431
f 4385/4720/4431 4386/4721/4432 1350/4711/4422
f 1351/4712/4423 1350/4711/4422 4386/4721/4432
f 4386/4721/4432 4387/4722/4433 1351/4712/4423
f 1352/4713/4424 1351/4712/4423 4387/4722/4433
f 4387/4722/4433 4388/4723/4434 1352/4713/4424
f 1353/4714/4425 1352/4713/4424 4388/4723/4434
f 4388/4723/4434 4389/4724/4435 1353/4714/4425
f 1354/4715/4426 1353/4714/4425 4389/4724/4435
f 4389/4724/4435 4390/4725/4436 1354/4715/4426
f 1355/4716/4427 1354/4715/4426 4390/4725/4436
f 4390/4725/4436 4391/4726/4437 1355/4716/4427
f 1356/4717/4428 1355/4716/4427 4391/4726/4437
f 4391/4726/4437 4392/4727/4438 1356/4717/4428
f 1357/4718/4429 1356/4717/4428 4392/4727/4438
f 4392/4727/4438 4393/4728/4439 1357/4718/4429
f 4385/4720/4431 4384/4719/4430 4394/4729/4440
f 4394/4729/4440 4395/4730/4441 4385/4720/4431
f 4386/4721/4432 4385/4720/4431 4395/4730/4441
f 4395/4730/4441 4396/4731/4442 4386/4721/4432
f 4387/4722/4433 4386/4721/4432 4396/4731/4442
f 4396/4731/4442 4397/4732/4443 4387/4722/4433
f 4388/4723/4434 4387/4722/4433 4397/4732/4443
f 4397/4732/4443 4398/4733/4444 4388/4723/4434
f 4389/4724/4435 4388/4723/4434 4398/4733/4444
f 4398/4733/4444 4399/4734/4445 4389/4724/4435
f 4390/4725/4436 4389/4724/4435 4399/4734/4445
f 4399/4734/4445 4400/4735/4446 4390/4725/4436
f 4391/4726/4437 4390/4725/4436 4400/4735/4446
f 4400/4735/4446 4401/4736/4447 4391/4726/4437
f 4392/4727/4438 4391/4726/4437 4401/4736/4447
f 4401/4736/4447 4402/4737/4448 4392/4727/4438
f 4393/4728/4439 4392/4727/4438 4402/4737/4448
f 4402/4737/4448 4403/4738/4449 4393/4728/4439
f 4395/4730/4441 4394/4729/4440 4404/4739/4450
f 4404/4739/4450 4405/4740/4451 4395/4730/4441
f 4396/4731/4442 4395/4730/4441 4405/4740/4451
f 4405/4740/4451 4406/4741/4452 4396/4731/4442
f 4397/4732/4443 4396/4731/4442 4406/4741/4452
f 4406/4741/4452 4407/4742/4453 4397/4732/4443
f 4398/4733/4444 4397/4732/4443 4407/4742/4453
f 4407/4742/4453 4408/4743/4454 4398/4733/4444
f 4399/4734/4445 4398/4733/4444 4408/4743/4454
f 4408/4743/4454 4409/4744/4455 4399/4734/4445
f 4400/4735/4446 4399/4734/4445 4409/4744/4455
f 4409/4744/4455 4410/4745/4456 4400/4735/4446
f 4401/4736/4447 4400/4735/4446 4410/4745/4456
f 4410/4745/4456 4411/4746/4457 4401/4736/4447
f 4402/4737/4448 4401/4736/4447 4411/4746/4457
f 4411/4746/4457 4412/4747/4458 4402/4737/4448
f 4403/4738/4449 4402/4737/4448 4412/4747/4458
f 4412/4747/4458 4413/4748/4459 4403/4738/4449
f 4405/4740/4451 4404/4739/4450 4414/4749/4460
f 4414/4749/4460 4415/4750/4461 4405/4740/4451
f 4406/4741/4452 4405/4740/4451 4415/4750/4461
f 4415/4750/4461 4416/4751/4462 4406/4741/4452
f 4407/4742/4453 4406/4741/4452 4416/4751/4462
f 4416/4751/4462 4417/4752/4463 4407/4742/4453
f 4408/4743/4454 4407/4742/4453 4417/4752/4463
f 4417/4752/4463 4418/4753/4464 4408/4743/4454
f 4409/4744/4455 4408/4743/4454 4418/4753/4464
f 4418/4753/4464 4419/4754/4465 4409/4744/4455
f 4410/4745/4456 4409/4744/4455 4419/4754/4465
f 4419/4754/4465 4420/4755/4466 4410/4745/4456
f 4411/4746/4457 4410/4745/4456 4420/4755/4466
f 4420/4755/4466 4421/4756/4467 4411/4746/4457
f 4412/4747/4458 4411/4746/4457 4421/4756/4467
f 4421/4756/4467 4422/4757/4468 4412/4747/4458
f 4413/4748/4459 4412/4747/4458 4422/4757/4468
f 4422/4757/4468 4423/4758/4469 4413/4748/4459
f 4415/4750/4461 4414/4749/4460 4424/4759/4470
f 4424/4759/4470 4425/4760/4471 4415/4750/4461
f 4416/4751/4462 4415/4750/4461 4425/4760/4471
f 4425/4760/4471 4426/4761/4472 4416/4751/4462
f 4417/4752/4463 4416/4751/4462 4426/4761/4472
f 4426/4761/4472 4427/4762/4473 4417/4752/4463
f 4418/4753/4464 4417/4752/4463 4427/4762/4473
f 4427/4762/4473 4428/4763/4474 4418/4753/4464
f 4419/4754/4465 4418/4753/4464 4428/4763/4474
f 4428/4763/4474 4429/4764/4475 4419/4754/4465
f 4420/4755/4466 4419/4754/4465 4429/4764/4475
f 4429/4764/4475 4430/4765/4476 4420/4755/4466
f 4421/4756/4467 4420/4755/4466 4430/4765/4476
f 4430/4765/4476 4431/4766/4477 4421/4756/4467
f 4422/4757/4468 4421/4756/4467 4431/4766/4477
f 4431/4766/4477 4432/4767/4478 4422/4757/4468
f 4423/4758/4469 4422/4757/4468 4432/4767/4478
f 4432/4767/4478 4433/4768/4479 4423/4758/4469
f 4425/4760/4471 4424/4759/4470 4434/4769/4480
f 4434/4769/4480 4435/4770/4481 4425/4760/4471
f 4426/4761/4472 4425/4760/4471 4435/4770/4481
f 4435/4770/4481 4436/4771/4482 4426/4761/4472
f 4427/4762/4473 4426/4761/4472 4436/4771/4482
f 4436/4771/4482 4437/4772/4483 4427/4762/4473
f 4428/4763/4474 4427/4762/4473 4437/4772/4483
f 4437/4772/4483 4438/4773/4484 4428/4763/4474
f 4429/4764/4475 4428/4763/4474 4438/4773/4484
f 4438/4773/4484 4439/4774/4485 4429/4764/4475
f 4430/4765/4476 4429/4764/4475 4439/4774/4485
f 4439/4774/4485 4440/4775/4486 4430/4765/4476
f 4431/4766/4477 4430/4765/4476 4440/4775/4486
f 4440/4775/4486 4441/4776/4487 4431/4766/4477
f 4432/4767/4478 4431/4766/4477 4441/4776/4487
f 4441/4776/4487 4442/4777/4488 4432/4767/4478
f 4433/4768/4479 4432/4767/4478 4442/4777/4488
f 4442/4777/4488 4443/4778/4489 4433/4768/4479
f 4435/4770/4481 4434/4769/4480 4444/4779/4490
f 4444/4779/4490 4445/4780/4491 4435/4770/4481
f 4436/4771/4482 4435/4770/4481 4445/4780/4491
f 4445/4780/4491 4446/4781/4492 4436/4771/4482
f 4437/4772/4483 4436/4771/4482 4446/4781/4492
f 4446/4781/4492 4447/4782/4493 4437/4772/4483
f 4438/4773/4484 4437/4772/4483 4447/4782/4493
f 4447/4782/4493 4448/4783/4494 4438/4773/4484
f 4439/4774/4485 4438/4773/4484 4448/4783/4494
f 4448/4783/4494 4449/4784/4495 4439/4774/4485
f 4440/4775/4486 4439/4774/4485 4449/4784/4495
f 4449/4784/4495 4450/4785/4496 4440/4775/4486
f 4441/4776/4487 4440/4775/4486 4450/4785/4496
f 4450/4785/4496 4451/4786/4497 4441/4776/4487
f 4442/4777/4488 4441/4776/4487 4451/4786/4497
f 4451/4786/4497 4452/4787/4498 4442/4777/4488
f 4443/4778/4489 4442/4777/4488 4452/4787/4498
f 4452/4787/4498 4453/4788/4499 4443/4778/4489
f 4445/4780/4491 4444/4779/4490 4454/4789/4500
f 4454/4789/4500 4455/4790/4501 4445/4780/4491
f 4446/4781/4492 4445/4780/4491 4455/4790/4501
f 4455/4790/4501 4456/4791/4502 4446/4781/4492
f 4447/4782/4493 4446/4781/4492 4456/4791/4502
f 4456/4791/4502 4457/4792/4503 4447/4782/4493
f 4448/4783/4494 4447/4782/4493 4457/4792/4503
f 4457/4792/4503 4458/4793/4504 4448/4783/4494
f 4449/4784/4495 4448/4783/4494 4458/4793/4504
f 4458/4793/4504 4459/4794/4505 4449/4784/4495
f 4450/4785/4496 4449/4784/4495 4459/4794/4505
f 4459/4794/4505 4460/4795/4506 4450/4785/4496
f 4451/4786/4497 4450/4785/4496 4460/4795/4506
f 4460/4795/4506 4461/4796/4507 4451/4786/4497
f 4452/4787/4498 4451/4786/4497 4461/4796/4507
f 4461/4796/4507 4462/4797/4508 4452/4787/4498
f 4453/4788/4499 4452/4787/4498 4462/4797/4508
f 4462/4797/4508 4463/4798/4509 4453/4788/4499
f 4455/4790/4501 4454/4789/4500 4464/4799/4510
f 4464/4799/4510 4465/4800/4511 4455/4790/4501
f 4456/4791/4502 4455/4790/4501 4465/4800/4511
f 4465/4800/4511 4466/4801/4512 4456/4791/4502
f 4457/4792/4503 4456/4791/4502 4466/4801/4512
f 4466/4801/4512 4467/4802/4513 4457/4792/4503
f 4458/4793/4504 4457/4792/4503 4467/4802/4513
f 4467/4802/4513 4468/4803/4514 4458/4793/4504
f 4459/4794/4505 4458/4793/4504 4468/4803/4514
f 4468/4803/4514 4469/4804/4515 4459/4794/4505
f 4460/4795/4506 4459/4794/4505 4469/4804/4515
f 4469/4804/4515 4470/4805/4516 4460/4795/4506
f 4461/4796/4507 4460/4795/4506 4470/4805/4516
f 4470/4805/4516 4471/4806/4517 4461/4796/4507
f 4462/4797/4508 4461/4796/4507 4471/4806/4517
f 4471/4806/4517 4472/4807/4518 4462/4797/4508
f 4463/4798/4509 4462/4797/4508 4472/4807/4518
f 4472/4807/4518 4473/4808/4519 4463/4798/4509
f 1430/4809/4520 1357/4718/4429 4393/4728/4439
f 4393/4728/4439 4474/4818/4529 1430/4809/4520
f 1431/4810/4521 1430/4809/4520 4474/4818/4529
f 4474/4818/4529 4475/4819/4530 1431/4810/4521
f 1432/4811/4522 1431/4810/4521 4475/4819/4530
f 4475/4819/4530 4476/4820/4531 1432/4811/4522
f 1433/4812/4523 1432/4811/4522 4476/4820/4531
f 4476/4820/4531 4477/4821/4532 1433/4812/4523
f 1434/4813/4524 1433/4812/4523 4477/4821/4532
f 4477/4821/4532 4478/4822/4533 1434/4813/4524
f 1435/4814/4525 1434/4813/4524 4478/4822/4533
f 4478/4822/4533 4479/4823/4534 1435/4814/4525
f 1436/4815/4526 1435/4814/4525 4479/4823/4534
f 4479/4823/4534 4480/4824/4535 1436/4815/4526
f 1437/4816/4527 1436/4815/4526 4480/4824/4535
f 4480/4824/4535 4481/4825/4536 1437/4816/4527
f 1438/4817/4528 1437/4816/4527 4481/4825/4536
f 4481/4825/4536 4482/4826/4537 1438/4817/4528
f 4474/4818/4529 4393/4728/4439 4403/4738/4449
f 4403/4738/4449 4483/4827/4538 4474/4818/4529
f 4475/4819/4530 4474/4818/4529 4483/4827/4538
f 4483/4827/4538 4484/4828/4539 4475/4819/4530
f 4476/4820/4531 4475/4819/4530 4484/4828/4539
f 4484/4828/4539 4485/4829/4540 4476/4820/4531
f 4477/4821/4532 4476/4820/4531 4485/4829/4540
f 4485/4829/4540 4486/4830/4541 4477/4821/4532
f 4478/4822/4533 4477/4821/4532 4486/4830/4541
f 4486/4830/4541 4487/4831/4542 4478/4822/4533
f 4479/4823/4534 4478/4822/4533 4487/4831/4542
f 4487/4831/4542 4488/4832/4543 4479/4823/4534
f 4480/4824/4535 4479/4823/4534 4488/4832/4543
f 4488/4832/4543 4489/4833/4544 4480/4824/4535
f 4481/4825/4536 4480/4824/4535 4489/4833/4544
f 4489/4833/4544 4490/4834/4545 4481/4825/4536
f 4482/4826/4537 4481/4825/4536 4490/4834/4545
f 4490/4834/4545 4491/4835/4546 4482/4826/4537
f 4483/4827/4538 4403/4738/4449 4413/4748/4459
f 4413/4748/4459 4492/4836/4547 4483/4827/4538
f 4484/4828/4539 4483/4827/4538 4492/4836/4547
f 4492/4836/4547 4493/4837/4548 4484/4828/4539
f 4485/4829/4540 4484/4828/4539 4493/4837/4548
f 4493/4837/4548 4494/4838/4549 4485/4829/4540
f 4486/4830/4541 4485/4829/4540 4494/4838/4549
f 4494/4838/4549 4495/4839/4550 4486/4830/4541
f 4487/4831/4542 4486/4830/4541 4495/4839/4550
f 4495/4839/4550 4496/4840/4551 4487/4831/4542
f 4488/4832/4543 4487/4831/4542 4496/4840/4551
f 4496/4840/4551 4497/4841/4552 4488/4832/4543
f 4489/4833/4544 4488/4832/4543 4497/4841/4552
f 4497/4841/4552 4498/4842/4553 4489/4833/4544
f 4490/4834/4545 4489/4833/4544 4498/4842/4553
f 4498/4842/4553 4499/4843/4554 4490/4834/4545
f 4491/4835/4546 4490/4834/4545 4499/4843/4554
f 4499/4843/4554 4500/4844/4555 4491/4835/4546
f 4492/4836/4547 4413/4748/4459 4423/4758/4469
f 4423/4758/4469 4501/4845/4556 4492/4836/4547
f 4493/4837/4548 4492/4836/4547 4501/4845/4556
f 4501/4845/4556 4502/4846/4557 4493/4837/4548
f 4494/4838/4549 4493/4837/4548 4502/4846/4557
f 4502/4846/4557 4503/4847/4558 4494/4838/4549
f 4495/4839/4550 4494/4838/4549 4503/4847/4558
f 4503/4847/4558 4504/4848/4559 4495/4839/4550
f 4496/4840/4551 4495/4839/4550 4504/4848/4559
f 4504/4848/4559 4505/4849/4560 4496/4840/4551
f 4497/4841/4552 4496/4840/4551 4505/4849/4560
f 4505/4849/4560 4506/4850/4561 4497/4841/4552
f 4498/4842/4553 4497/4841/4552 4506/4850/4561
f 4506/4850/4561 4507/4851/4562 4498/4842/4553
f 4499/4843/4554 4498/4842/4553 4507/4851/4562
f 4507/4851/4562 4508/4852/4563 4499/4843/4554
f 4500/4844/4555 4499/4843/4554 4508/4852/4563
f 4508/4852/4563 4509/4853/4564 4500/4844/4555
f 4501/4845/4556 4423/4758/4469 4433/4768/4479
f 4433/4768/4479 4510/4854/4565 4501/4845/4556
f 4502/4846/4557 4501/4845/4556 4510/4854/4565
f 4510/4854/4565 4511/4855/4566 4502/4846/4557
f 4503/4847/4558 4502/4846/4557 4511/4855/4566
f 4511/4855/4566 4512/4856/4567 4503/4847/4558
f 4504/4848/4559 4503/4847/4558 4512/4856/4567
f 4512/4856/4567 4513/4857/4568 4504/4848/4559
f 4505/4849/4560 4504/4848/4559 4513/4857/4568
f 4513/4857/4568 4514/4858/4569 4505/4849/4560
f 4506/4850/4561 4505/4849/4560 4514/4858/4569
f 4514/4858/4569 4515/4859/4570 4506/4850/4561
f 4507/4851/4562 4506/4850/4561 4515/4859/4570
f 4515/4859/4570 4516/4860/4571 4507/4851/4562
f 4508/4852/4563 4507/4851/4562 4516/4860/4571
f 4516/4860/4571 4517/4861/4572 4508/4852/4563
f 4509/4853/4564 4508/4852/4563 4517/4861/4572
f 4517/4861/4572 4518/4862/4573 4509/4853/4564
f 4510/4854/4565 4433/4768/4479 4443/4778/4489
f 4443/4778/4489 4519/4863/4574 4510/4854/4565
f 4511/4855/4566 4510/4854/4565 4519/4863/4574
f 4519/4863/4574 4520/4864/4575 4511/4855/4566
f 4512/4856/4567 4511/4855/4566 4520/4864/4575
f 4520/4864/4575 4521/4865/4576 4512/4856/4567
f 4513/4857/4568 4512/4856/4567 4521/4865/4576
f 4521/4865/4576 4522/4866/4577 4513/4857/4568
f 4514/4858/4569 4513/4857/4568 4522/4866/4577
f 4522/4866/4577 4523/4867/4578 4514/4858/4569
f 4515/4859/4570 4514/4858/4569 4523/4867/4578
f 4523/4867/4578 4524/4868/4579 4515/4859/4570
f 4516/4860/4571 4515/4859/4570 4524/4868/4579
f 4524/4868/4579 4525/4869/4580 4516/4860/4571
f 4517/4861/4572 4516/4860/4571 4525/4869/4580
f 4525/4869/4580 4526/4870/4581 4517/4861/4572
f 4518/4862/4573 4517/4861/4572 4526/4870/4581
f 4526/4870/4581 4527/4871/4582 4518/4862/4573
f 4519/4863/4574 4443/4778/4489 4453/4788/4499
f 4453/4788/4499 4528/4872/4583 4519/4863/4574
f 4520/4864/4575 4519/4863/4574 4528/4872/4583
f 4528/4872/4583 4529/4873/4584 4520/4864/4575
f 4521/4865/4576 4520/4864/4575 4529/4873/4584
f 4529/4873/4584 4530/4874/4585 4521/4865/4576
f 4522/4866/4577 4521/4865/4576 4530/4874/4585
f 4530/4874/4585 4531/4875/4586 4522/4866/4577
f 4523/4867/4578 4522/4866/4577 4531/4875/4586
f 4531/4875/4586 4532/4876/4587 4523/4867/4578
f 4524/4868/4579 4523/4867/4578 4532/4876/4587
f 4532/4876/4587 4533/4877/4588 4524/4868/4579
f 4525/4869/4580 4524/4868/4579 4533/4877/4588
f 4533/4877/4588 4534/4878/4589 4525/4869/4580
f 4526/4870/4581 4525/4869/4580 4534/4878/4589
f 4534/4878/4589 4535/4879/4590 4526/4870/4581
f 4527/4871/4582 4526/4870/4581 4535/4879/4590
f 4535/4879/4590 4536/4880/4591 4527/4871/4582
f 4528/4872/4583 4453/4788/4499 4463/4798/4509
f 4463/4798/4509 4537/4881/4592 4528/4872/4583
f 4529/4873/4584 4528/4872/4583 4537/4881/4592
f 4537/4881/4592 4538/4882/4593 4529/4873/4584
f 4530/4874/4585 4529/4873/4584 4538/4882/4593
f 4538/4882/4593 4539/4883/4594 4530/4874/4585
f 4531/4875/4586 4530/4874/4585 4539/4883/4594
f 4539/4883/4594 4540/4884/4595 4531/4875/4586
f 4532/4876/4587 4531/4875/4586 4540/4884/4595
f 4540/4884/4595 4541/4885/4596 4532/4876/4587
f 4533/4877/4588 4532/4876/4587 4541/4885/4596
f 4541/4885/4596 4542/4886/4597 4533/4877/4588
f 4534/4878/4589 4533/4877/4588 4542/4886/4597
f 4542/4886/4597 4543/4887/4598 4534/4878/4589
f 4535/4879/4590 4534/4878/4589 4543/4887/4598
f 4543/4887/4598 4544/4888/4599 4535/4879/4590
f 4536/4880/4591 4535/4879/4590 4544/4888/4599
f 4544/4888/4599 4545/4889/4600 4536/4880/4591
f 4537/4881/4592 4463/4798/4509 4473/4808/4519
f 4473/4808/4519 4546/4890/4601 4537/4881/4592
f 4538/4882/4593 4537/4881/4592 4546/4890/4601
f 4546/4890/4601 4547/4891/4602 4538/4882/4593
f 4539/4883/4594 4538/4882/4593 4547/4891/4602
f 4547/4891/4602 4548/4892/4603 4539/4883/4594
f 4540/4884/4595 4539/4883/4594 4548/4892/4603
f 4548/4892/4603 4549/4893/4604 4540/4884/4595
f 4541/4885/4596 4540/4884/4595 4549/4893/4604
f 4549/4893/4604 4550/4894/4605 4541/4885/4596
f 4542/4886/4597 4541/4885/4596 4550/4894/4605
f 4550/4894/4605 4551/4895/4606 4542/4886/4597
f 4543/4887/4598 4542/4886/4597 4551/4895/4606
f 4551/4895/4606 4552/4896/4607 4543/4887/4598
f 4544/4888/4599 4543/4887/4598 4552/4896/4607
f 4552/4896/4607 4553/4897/4608 4544/4888/4599
f 4545/4889/4600 4544/4888/4599 4553/4897/4608
f 4553/4897/4608 4554/4898/4609 4545/4889/4600
f 4555/4908/4619 1511/4899/4610 1512/4900/4611
f 1512/4900/4611 4556/4909/4620 4555/4908/4619
f 4556/4909/4620 1512/4900/4611 1513/4901/4612
f 1513/4901/4612 4557/4910/4621 4556/4909/4620
f 4557/4910/4621 1513/4901/4612 1514/4902/4613
f 1514/4902/4613 4558/4911/4622 4557/4910/4621
f 4558/4911/4622 1514/4902/4613 1515/4903/4614
f 1515/4903/4614 4559/4912/4623 4558/4911/4622
f 4559/4912/4623 1515/4903/4614 1516/4904/4615
f 1516/4904/4615 4560/4913/4624 4559/4912/4623
f 4560/4913/4624 1516/4904/4615 1517/4905/4616
f 1517/4905/4616 4561/4914/4625 4560/4913/4624
f 4561/4914/4625 1517/4905/4616 1518/4906/4617
f 1518/4906/4617 4562/4915/4626 4561/4914/4625
f 4562/4915/4626 1518/4906/4617 1519/4907/4618
f 1519/4907/4618 4563/4916/4627 4562/4915/4626
f 4563/4916/4627 1519/4907/4618 1438/4817/4528
f 1438/4817/4528 4482/4826/4537 4563/4916/4627
f 4564/4917/4628 4555/4908/4619 4556/4909/4620
f 4556/4909/4620 4565/4918/4629 4564/4917/4628
f 4565/4918/4629 4556/4909/4620 4557/4910/4621
f 4557/4910/4621 4566/4919/4630 4565/4918/4629
f 4566/4919/4630 4557/4910/4621 4558/4911/4622
f 4558/4911/4622 4567/4920/4631 4566/4919/4630
f 4567/4920/4631 4558/4911/4622 4559/4912/4623
f 4559/4912/4623 4568/4921/4632 4567/4920/4631
f 4568/4921/4632 4559/4912/4623 4560/4913/4624
f 4560/4913/4624 4569/4922/4633 4568/4921/4632
f 4569/4922/4633 4560/4913/4624 4561/4914/4625
f 4561/4914/4625 4570/4923/4634 4569/4922/4633
f 4570/4923/4634 4561/4914/4625 4562/4915/4626
f 4562/4915/4626 4571/4924/4635 4570/4923/4634
f 4571/4924/4635 4562/4915/4626 4563/4916/4627
f 4563/4916/4627 4572/4925/4636 4571/4924/4635
f 4572/4925/4636 4563/4916/4627 4482/4826/4537
f 4482/4826/4537 4491/4835/4546 4572/4925/4636
f 4573/4926/4637 4564/4917/4628 4565/4918/4629
f 4565/4918/4629 4574/4927/4638 4573/4926/4637
f 4574/4927/4638 4565/4918/4629 4566/4919/4630
f 4566/4919/4630 4575/4928/4639 4574/4927/4638
f 4575/4928/4639 4566/4919/4630 4567/4920/4631
f 4567/4920/4631 4576/4929/4640 4575/4928/4639
f 4576/4929/4640 4567/4920/4631 4568/4921/4632
f 4568/4921/4632 4577/4930/4641 4576/4929/4640
f 4577/4930/4641 4568/4921/4632 4569/4922/4633
f 4569/4922/4633 4578/4931/4642 4577/4930/4641
f 4578/4931/4642 4569/4922/4633 4570/4923/4634
f 4570/4923/4634 4579/4932/4643 4578/4931/4642
f 4579/4932/4643 4570/4923/4634 4571/4924/4635
f 4571/4924/4635 4580/4933/4644 4579/4932/4643
f 4580/4933/4644 4571/4924/4635 4572/4925/4636
f 4572/4925/4636 4581/4934/4645 4580/4933/4644
f 4581/4934/4645 4572/4925/4636 4491/4835/4546
f 4491/4835/4546 4500/4844/4555 4581/4934/4645
f 4582/4935/4646 4573/4926/4637 4574/4927/4638
f 4574/4927/4638 4583/4936/4647 4582/4935/4646
f 4583/4936/4647 4574/4927/4638 4575/4928/4639
f 4575/4928/4639 4584/4937/4648 4583/4936/4647
f 4584/4937/4648 4575/4928/4639 4576/4929/4640
f 4576/4929/4640 4585/4938/4649 4584/4937/4648
f 4585/4938/4649 4576/4929/4640 4577/4930/4641
f 4577/4930/4641 4586/4939/4650 4585/4938/4649
f 4586/4939/4650 4577/4930/4641 4578/4931/4642
f 4578/4931/4642 4587/4940/4651 4586/4939/4650
f 4587/4940/4651 4578/4931/4642 4579/4932/4643
f 4579/4932/4643 4588/4941/4652 4587/4940/4651
f 4588/4941/4652 4579/4932/4643 4580/4933/4644
f 4580/4933/4644 4589/4942/4653 4588/4941/4652
f 4589/4942/4653 4580/4933/4644 4581/4934/4645
f 4581/4934/4645 4590/4943/4654 4589/4942/4653
f 4590/4943/4654 4581/4934/4645 4500/4844/4555
f 4500/4844/4555 4509/4853/4564 4590/4943/4654
f 4591/4944/4655 4582/4935/4646 4583/4936/4647
f 4583/4936/4647 4592/4945/4656 4591/4944/4655
f 4592/4945/4656 4583/4936/4647 4584/4937/4648
f 4584/4937/4648 4593/4946/4657 4592/4945/4656
f 4593/4946/4657 4584/4937/4648 4585/4938/4649
f 4585/4938/4649 4594/4947/4658 4593/4946/4657
f 4594/4947/4658 4585/4938/4649 4586/4939/4650
f 4586/4939/4650 4595/4948/4659 4594/4947/4658
f 4595/4948/4659 4586/4939/4650 4587/4940/4651
f 4587/4940/4651 4596/4949/4660 4595/4948/4659
f 4596/4949/4660 4587/4940/4651 4588/4941/4652
f 4588/4941/4652 4597/4950/4661 4596/4949/4660
f 4597/4950/4661 4588/4941/4652 4589/4942/4653
f 4589/4942/4653 4598/4951/4662 4597/4950/4661
f 4598/4951/4662 4589/4942/4653 4590/4943/4654
f 4590/4943/4654 4599/4952/4663 4598/4951/4662
f 4599/4952/4663 4590/4943/4654 4509/4853/4564
f 4509/4853/4564 4518/4862/4573 4599/4952/4663
f 4600/4953/4664 4591/4944/4655 4592/4945/4656
f 4592/4945/4656 4601/4954/4665 4600/4953/4664
f 4601/4954/4665 4592/4945/4656 4593/4946/4657
f 4593/4946/4657 4602/4955/4666 4601/4954/4665
f 4602/4955/4666 4593/4946/4657 4594/4947/4658
f 4594/4947/4658 4603/4956/4667 4602/4955/4666
f 4603/4956/4667 4594/4947/4658 4595/4948/4659
f 4595/4948/4659 4604/4957/4668 4603/4956/4667
f 4604/4957/4668 4595/4948/4659 4596/4949/4660
f 4596/4949/4660 4605/4958/4669 4604/4957/4668
f 4605/4958/4669 4596/4949/4660 4597/4950/4661
f 4597/4950/4661 4606/4959/4670 4605/4958/4669
f 4606/4959/4670 4597/4950/4661 4598/4951/4662
f 4598/4951/4662 4607/4960/4671 4606/4959/4670
f 4607/4960/4671 4598/4951/4662 4599/4952/4663
f 4599/4952/4663 4608/4961/4672 4607/4960/4671
f 4608/4961/4672 4599/4952/4663 4518/4862/4573
f 4518/4862/4573 4527/4871/4582 4608/4961/4672
f 4609/4962/4673 4600/4953/4664 4601/4954/4665
f 4601/4954/4665 4610/4963/4674 4609/4962/4673
f 4610/4963/4674 4601/4954/4665 4602/4955/4666
f 4602/4955/4666 4611/4964/4675 4610/4963/4674
f 4611/4964/4675 4602/4955/4666 4603/4956/4667
f 4603/4956/4667 4612/4965/4676 4611/4964/4675
f 4612/4965/4676 4603/4956/4667 4604/4957/4668
f 4604/4957/4668 4613/4966/4677 4612/4965/4676
f 4613/4966/4677 4604/4957/4668 4605/4958/4669
f 4605/4958/4669 4614/4967/4678 4613/4966/4677
f 4614/4967/4678 4605/4958/4669 4606/4959/4670
f 4606/4959/4670 4615/4968/4679 4614/4967/4678
f 4615/4968/4679 4606/4959/4670 4607/4960/4671
f 4607/4960/4671 4616/4969/4680 4615/4968/4679
f 4616/4969/4680 4607/4960/4671 4608/4961/4672
f 4608/4961/4672 4617/4970/4681 4616/4969/4680
f 4617/4970/4681 4608/4961/4672 4527/4871/4582
f 4527/4871/4582 4536/4880/4591 4617/4970/4681
f 4618/4971/4682 4609/4962/4673 4610/4963/4674
f 4610/4963/4674 4619/4972/4683 4618/4971/4682
f 4619/4972/4683 4610/4963/4674 4611/4964/4675
f 4611/4964/4675 4620/4973/4684 4619/4972/4683
f 4620/4973/4684 4611/4964/4675 4612/4965/4676
f 4612/4965/4676 4621/4974/4685 4620/4973/4684
f 4621/4974/4685 4612/4965/4676 4613/4966/4677
f 4613/4966/4677 4622/4975/4686 4621/4974/4685
f 4622/4975/4686 4613/4966/4677 4614/4967/4678
f 4614/4967/4678 4623/4976/4687 4622/4975/4686
f 4623/4976/4687 4614/4967/4678 4615/4968/4679
f 4615/4968/4679 4624/4977/4688 4623/4976/4687
f 4624/4977/4688 4615/4968/4679 4616/4969/4680
f 4616/4969/4680 4625/4978/4689 4624/4977/4688
f 4625/4978/4689 4616/4969/4680 4617/4970/4681
f 4617/4970/4681 4626/4979/4690 4625/4978/4689
f 4626/4979/4690 4617/4970/4681 4536/4880/4591
f 4536/4880/4591 4545/4889/4600 4626/4979/4690
f 4627/4980/4691 4618/4971/4682 4619/4972/4683
f 4619/4972/4683 4628/4981/4692 4627/4980/4691
f 4628/4981/4692 4619/4972/4683 4620/4973/4684
f 4620/4973/4684 4629/4982/4693 4628/4981/4692
f 4629/4982/4693 4620/4973/4684 4621/4974/4685
f 4621/4974/4685 4630/4983/4694 4629/4982/4693
f 4630/4983/4694 4621/4974/4685 4622/4975/4686
f 4622/4975/4686 4631/4984/4695 4630/4983/4694
f 4631/4984/4695 4622/4975/4686 4623/4976/4687
f 4623/4976/4687 4632/4985/4696 4631/4984/4695
f 4632/4985/4696 4623/4976/4687 4624/4977/4688
f 4624/4977/4688 4633/4986/4697 4632/4985/4696
f 4633/4986/4697 4624/4977/4688 4625/4978/4689
f 4625/4978/4689 4634/4987/4698 4633/4986/4697
f 4634/4987/4698 4625/4978/4689 4626/4979/4690
f 4626/4979/4690 4635/4988/4699 4634/4987/4698
f 4635/4988/4699 4626/4979/4690 4545/4889/4600
f 4545/4889/4600 4554/4898/4609 4635/4988/4699
f 4384/4719/4430 1348/4709/4420 1584/4989/4700
f 1584/4989/4700 4636/4997/4708 4384/4719/4430
f 4636/4997/4708 1584/4989/4700 1585/4990/4701
f 1585/4990/4701 4637/4998/4709 4636/4997/4708
f 4637/4998/4709 1585/4990/4701 1586/4991/4702
f 1586/4991/4702 4638/4999/4710 4637/4998/4709
f 4638/4999/4710 1586/4991/4702 1587/4992/4703
f 1587/4992/4703 4639/5000/4711 4638/4999/4710
f 4639/5000/4711 1587/4992/4703 1588/4993/4704
f 1588/4993/4704 4640/5001/4712 4639/5000/4711
f 4640/5001/4712 1588/4993/4704 1589/4994/4705
f 1589/4994/4705 4641/5002/4713 4640/5001/4712
f 4641/5002/4713 1589/4994/4705 1590/4995/4706
f 1590/4995/4706 4642/5003/4714 4641/5002/4713
f 4642/5003/4714 1590/4995/4706 1591/4996/4707
f 1591/4996/4707 4643/5004/4715 4642/5003/4714
f 4643/5004/4715 1591/4996/4707 1511/4899/4610
f 1511/4899/4610 4555/4908/4619 4643/5004/4715
f 4394/4729/4440 4384/4719/4430 4636/4997/4708
f 4636/4997/4708 4644/5005/4716 4394/4729/4440
f 4644/5005/4716 4636/4997/4708 4637/4998/4709
f 4637/4998/4709 4645/5006/4717 4644/5005/4716
f 4645/5006/4717 4637/4998/4709 4638/4999/4710
f 4638/4999/4710 4646/5007/4718 4645/5006/4717
f 4646/5007/4718 4638/4999/4710 4639/5000/4711
f 4639/5000/4711 4647/5008/4719 4646/5007/4718
f 4647/5008/4719 4639/5000/4711 4640/5001/4712
f 4640/5001/4712 4648/5009/4720 4647/5008/4719
f 4648/5009/4720 4640/5001/4712 4641/5002/4713
f 4641/5002/4713 4649/5010/4721 4648/5009/4720
f 4649/5010/4721 4641/5002/4713 4642/5003/4714
f 4642/5003/4714 4650/5011/4722 4649/5010/4721
f 4650/5011/4722 4642/5003/4714 4643/5004/4715
f 4643/5004/4715 4651/5012/4723 4650/5011/4722
f 4651/5012/4723 4643/5004/4715 4555/4908/4619
f 4555/4908/4619 4564/4917/4628 4651/5012/4723
f 4404/4739/4450 4394/4729/4440 4644/5005/4716
f 4644/5005/4716 4652/5013/4724 4404/4739/4450
f 4652/5013/4724 4644/5005/4716 4645/5006/4717
f 4645/5006/4717 4653/5014/4725 4652/5013/4724
f 4653/5014/4725 4645/5006/4717 4646/5007/4718
f 4646/5007/4718 4654/5015/4726 4653/5014/4725
f 4654/5015/4726 4646/5007/4718 4647/5008/4719
f 4647/5008/4719 4655/5016/4727 4654/5015/4726
f 4655/5016/4727 4647/5008/4719 4648/5009/4720
f 4648/5009/4720 4656/5017/4728 4655/5016/4727
f 4656/5017/4728 4648/5009/4720 4649/5010/4721
f 4649/5010/4721 4657/5018/4729 4656/5017/4728
f 4657/5018/4729 4649/5010/4721 4650/5011/4722
f 4650/5011/4722 4658/5019/4730 4657/5018/4729
f 4658/5019/4730 4650/5011/4722 4651/5012/4723
f 4651/5012/4723 4659/5020/4731 4658/5019/4730
f 4659/5020/4731 4651/5012/4723 4564/4917/4628
f 4564/4917/4628 4573/4926/4637 4659/5020/4731
f 4414/4749/4460 4404/4739/4450 4652/5013/4724
f 4652/5013/4724 4660/5021/4732 4414/4749/4460
f 4660/5021/4732 4652/5013/4724 4653/5014/4725
f 4653/5014/4725 4661/5022/4733 4660/5021/4732
f 4661/5022/4733 4653/5014/4725 4654/5015/4726
f 4654/5015/4726 4662/5023/4734 4661/5022/4733
f 4662/5023/4734 4654/5015/4726 4655/5016/4727
f 4655/5016/4727 4663/5024/4735 4662/5023/4734
f 4663/5024/4735 4655/5016/4727 4656/5017/4728
f 4656/5017/4728 4664/5025/4736 4663/5024/4735
f 4664/5025/4736 4656/5017/4728 4657/5018/4729
f 4657/5018/4729 4665/5026/4737 4664/5025/4736
f 4665/5026/4737 4657/5018/4729 4658/5019/4730
f 4658/5019/4730 4666/5027/4738 4665/5026/4737
f 4666/5027/4738 4658/5019/4730 4659/5020/4731
f 4659/5020/4731 4667/5028/4739 4666/5027/4738
f 4667/5028/4739 4659/5020/4731 4573/4926/4637
f 4573/4926/4637 4582/4935/4646 4667/5028/4739
f 4424/4759/4470 4414/4749/4460 4660/5021/4732
f 4660/5021/4732 4668/5029/4740 4424/4759/4470
f 4668/5029/4740 4660/5021/4732 4661/5022/4733
f 4661/5022/4733 4669/5030/4741 4668/5029/4740
f 4669/5030/4741 4661/5022/4733 4662/5023/4734
f 4662/5023/4734 4670/5031/4742 4669/5030/4741
f 4670/5031/4742 4662/5023/4734 4663/5024/4735
f 4663/5024/4735 4671/5032/4743 4670/5031/4742
f 4671/5032/4743 4663/5024/4735 4664/5025/4736
f 4664/5025/4736 4672/5033/4744 4671/5032/4743
f 4672/5033/4744 4664/5025/4736 4665/5026/4737
f 4665/5026/4737 4673/5034/4745 4672/5033/4744
f 4673/5034/4745 4665/5026/4737 4666/5027/4738
f 4666/5027/4738 4674/5035/4746 4673/5034/4745
f 4674/5035/4746 4666/5027/4738 4667/5028/4739
f 4667/5028/4739 4675/5036/4747 4674/5035/4746
f 4675/5036/4747 4667/5028/4739 4582/4935/4646
f 4582/4935/4646 4591/4944/4655 4675/5036/4747
f 4434/4769/4480 4424/4759/4470 4668/5029/4740
f 4668/5029/4740 4676/5037/4748 4434/4769/4480
f 4676/5037/4748 4668/5029/4740 4669/5030/4741
f 4669/5030/4741 4677/5038/4749 4676/5037/4748
f 4677/5038/4749 4669/5030/4741 4670/5031/4742
f 4670/5031/4742 4678/5039/4750 4677/5038/4749
f 4678/5039/4750 4670/5031/4742 4671/5032/4743
f 4671/5032/4743 4679/5040/4751 4678/5039/4750
f 4679/5040/4751 4671/5032/4743 4672/5033/4744
f 4672/5033/4744 4680/5041/4752 4679/5040/4751
f 4680/5041/4752 4672/5033/4744 4673/5034/4745
f 4673/5034/4745 4681/5042/4753 4680/5041/4752
f 4681/5042/4753 4673/5034/4745 4674/5035/4746
f 4674/5035/4746 4682/5043/4754 4681/5042/4753
f 4682/5043/4754 4674/5035/4746 4675/5036/4747
f 4675/5036/4747 4683/5044/4755 4682/5043/4754
f 4683/5044/4755 4675/5036/4747 4591/4944/4655
f 4591/4944/4655 4600/4953/4664 4683/5044/4755
f 4444/4779/4490 4434/4769/4480 4676/5037/4748
f 4676/5037/4748 4684/5045/4756 4444/4779/4490
f 4684/5045/4756 4676/5037/4748 4677/5038/4749
f 4677/5038/4749 4685/5046/4757 4684/5045/4756
f 4685/5046/4757 4677/5038/4749 4678/5039/4750
f 4678/5039/4750 4686/5047/4758 4685/5046/4757
f 4686/5047/4758 4678/5039/4750 4679/5040/4751
f 4679/5040/4751 4687/5048/4759 4686/5047/4758
f 4687/5048/4759 4679/5040/4751 4680/5041/4752
f 4680/5041/4752 4688/5049/4760 4687/5048/4759
f 4688/5049/4760 4680/5041/4752 4681/5042/4753
f 4681/5042/4753 4689/5050/4761 4688/5049/4760
f 4689/5050/4761 4681/5042/4753 4682/5043/4754
f 4682/5043/4754 4690/5051/4762 4689/5050/4761
f 4690/5051/4762 4682/5043/4754 4683/5044/4755
f 4683/5044/4755 4691/5052/4763 4690/5051/4762
f 4691/5052/4763 4683/5044/4755 4600/4953/4664
f 4600/4953/4664 4609/4962/4673 4691/5052/4763
f 4454/4789/4500 4444/4779/4490 4684/5045/4756
f 4684/5045/4756 4692/5053/4764 4454/4789/4500
f 4692/5053/4764 4684/5045/4756 4685/5046/4757
f 4685/5046/4757 4693/5054/4765 4692/5053/4764
f 4693/5054/4765 4685/5046/4757 4686/5047/4758
f 4686/5047/4758 4694/5055/4766 4693/5054/4765
f 4694/5055/4766 4686/5047/4758 4687/5048/4759
f 4687/5048/4759 4695/5056/4767 4694/5055/4766
f 4695/5056/4767 4687/5048/4759 4688/5049/4760
f 4688/5049/4760 4696/5057/4768 4695/5056/4767
f 4696/5057/4768 4688/5049/4760 4689/5050/4761
f 4689/5050/4761 4697/5058/4769 4696/5057/4768
f 4697/5058/4769 4689/5050/4761 4690/5051/4762
f 4690/5051/4762 4698/5059/4770 4697/5058/4769
f 4698/5059/4770 4690/5051/4762 4691/5052/4763
f 4691/5052/4763 4699/5060/4771 4698/5059/4770
f 4699/5060/4771 4691/5052/4763 4609/4962/4673
f 4609/4962/4673 4618/4971/4682 4699/5060/4771
f 4464/4799/4510 4454/4789/4500 4692/5053/4764
f 4692/5053/4764 4700/5061/4772 4464/4799/4510
f 4700/5061/4772 4692/5053/4764 4693/5054/4765
f 4693/5054/4765 4701/5062/4773 4700/5061/4772
f 4701/5062/4773 4693/5054/4765 4694/5055/4766
f 4694/5055/4766 4702/5063/4774 4701/5062/4773
f 4702/5063/4774 4694/5055/4766 4695/5056/4767
f 4695/5056/4767 4703/5064/4775 4702/5063/4774
f 4703/5064/4775 4695/5056/4767 4696/5057/4768
f 4696/5057/4768 4704/5065/4776 4703/5064/4775
f 4704/5065/4776 4696/5057/4768 4697/5058/4769
f 4697/5058/4769 4705/5066/4777 4704/5065/4776
f 4705/5066/4777 4697/5058/4769 4698/5059/4770
f 4698/5059/4770 4706/5067/4778 4705/5066/4777
f 4706/5067/4778 4698/5059/4770 4699/5060/4771
f 4699/5060/4771 4707/5068/4779 4706/5067/4778
f 4707/5068/4779 4699/5060/4771 4618/4971/4682
f 4618/4971/4682 4627/4980/4691 4707/5068/4779
f 4465/4800/4511 4464/4799/4510 4708/5069/4780
f 4708/5069/4780 4709/5070/4781 4465/4800/4511
f 4466/4801/4512 4465/4800/4511 4709/5070/4781
f 4709/5070/4781 4710/5071/4782 4466/4801/4512
f 4467/4802/4513 4466/4801/4512 4710/5071/4782
f 4710/5071/4782 4711/5072/4783 4467/4802/4513
f 4468/4803/4514 4467/4802/4513 4711/5072/4783
f 4711/5072/4783 4712/5073/4784 4468/4803/4514
f 4469/4804/4515 4468/4803/4514 4712/5073/4784
f 4712/5073/4784 4713/5074/4785 4469/4804/4515
f 4470/4805/4516 4469/4804/4515 4713/5074/4785
f 4713/5074/4785 4714/5075/4786 4470/4805/4516
f 4471/4806/4517 4470/4805/4516 4714/5075/4786
f 4714/5075/4786 4715/5076/4787 4471/4806/4517
f 4472/4807/4518 4471/4806/4517 4715/5076/4787
f 4715/5076/4787 4716/5077/4788 4472/4807/4518
f 4473/4808/4519 4472/4807/4518 4716/5077/4788
f 4716/5077/4788 4717/5078/4789 4473/4808/4519
f 4709/5070/4781 4708/5069/4780 4718/5079/4790
f 4718/5079/4790 4719/5080/4791 4709/5070/4781
f 4710/5071/4782 4709/5070/4781 4719/5080/4791
f 4719/5080/4791 4720/5081/4792 4710/5071/4782
f 4711/5072/4783 4710/5071/4782 4720/5081/4792
f 4720/5081/4792 4721/5082/4793 4711/5072/4783
f 4712/5073/4784 4711/5072/4783 4721/5082/4793
f 4721/5082/4793 4722/5083/4794 4712/5073/4784
f 4713/5074/4785 4712/5073/4784 4722/5083/4794
f 4722/5083/4794 4723/5084/4795 4713/5074/4785
f 4714/5075/4786 4713/5074/4785 4723/5084/4795
f 4723/5084/4795 4724/5085/4796 4714/5075/4786
f 4715/5076/4787 4714/5075/4786 4724/5085/4796
f 4724/5085/4796 4725/5086/4797 4715/5076/4787
f 4716/5077/4788 4715/5076/4787 4725/5086/4797
f 4725/5086/4797 4726/5087/4798 4716/5077/4788
f 4717/5078/4789 4716/5077/4788 4726/5087/4798
f 4726/5087/4798 4727/5088/4799 4717/5078/4789
f 4719/5080/4791 4718/5079/4790 4728/5089/4800
f 4728/5089/4800 4729/5090/4801 4719/5080/4791
f 4720/5081/4792 4719/5080/4791 4729/5090/4801
f 4729/5090/4801 4730/5091/4802 4720/5081/4792
f 4721/5082/4793 4720/5081/4792 4730/5091/4802
f 4730/5091/4802 4731/5092/4803 4721/5082/4793
f 4722/5083/4794 4721/5082/4793 4731/5092/4803
f 4731/5092/4803 4732/5093/4804 4722/5083/4794
f 4723/5084/4795 4722/5083/4794 4732/5093/4804
f 4732/5093/4804 4733/5094/4805 4723/5084/4795
f 4724/5085/4796 4723/5084/4795 4733/5094/4805
f 4733/5094/4805 4734/5095/4806 4724/5085/4796
f 4725/5086/4797 4724/5085/4796 4734/5095/4806
f 4734/5095/4806 4735/5096/4807 4725/5086/4797
f 4726/5087/4798 4725/5086/4797 4735/5096/4807
f 4735/5096/4807 4736/5097/4808 4726/5087/4798
f 4727/5088/4799 4726/5087/4798 4736/5097/4808
f 4736/5097/4808 4737/5098/4809 4727/5088/4799
f 4729/5090/4801 4728/5089/4800 4738/5099/4810
f 4738/5099/4810 4739/5100/4811 4729/5090/4801
f 4730/5091/4802 4729/5090/4801 4739/5100/4811
f 4739/5100/4811 4740/5101/4812 4730/5091/4802
f 4731/5092/4803 4730/5091/4802 4740/5101/4812
f 4740/5101/4812 4741/5102/4813 4731/5092/4803
f 4732/5093/4804 4731/5092/4803 4741/5102/4813
f 4741/5102/4813 4742/5103/4814 4732/5093/4804
f 4733/5094/4805 4732/5093/4804 4742/5103/4814
f 4742/5103/4814 4743/5104/4815 4733/5094/4805
f 4734/5095/4806 4733/5094/4805 4743/5104/4815
f 4743/5104/4815 4744/5105/4816 4734/5095/4806
f 4735/5096/4807 4734/5095/4806 4744/5105/4816
f 4744/5105/4816 4745/5106/4817 4735/5096/4807
f 4736/5097/4808 4735/5096/4807 4745/5106/4817
f 4745/5106/4817 4746/5107/4818 4736/5097/4808
f 4737/5098/4809 4736/5097/4808 4746/5107/4818
f 4746/5107/4818 4747/5108/4819 4737/5098/4809
f 4739/5100/4811 4738/5099/4810 4748/5109/4820
f 4748/5109/4820 4749/5110/4821 4739/5100/4811
f 4740/5101/4812 4739/5100/4811 4749/5110/4821
f 4749/5110/4821 4750/5111/4822 4740/5101/4812
f 4741/5102/4813 4740/5101/4812 4750/5111/4822
f 4750/5111/4822 4751/5112/4823 4741/5102/4813
f 4742/5103/4814 4741/5102/4813 4751/5112/4823
f 4751/5112/4823 4752/5113/4824 4742/5103/4814
f 4743/5104/4815 4742/5103/4814 4752/5113/4824
f 4752/5113/4824 4753/5114/4825 4743/5104/4815
f 4744/5105/4816 4743/5104/4815 4753/5114/4825
f 4753/5114/4825 4754/5115/4826 4744/5105/4816
f 4745/5106/4817 4744/5105/4816 4754/5115/4826
f 4754/5115/4826 4755/5116/4827 4745/5106/4817
f 4746/5107/4818 4745/5106/4817 4755/5116/4827
f 4755/5116/4827 4756/5117/4828 4746/5107/4818
f 4747/5108/4819 4746/5107/4818 4756/5117/4828
f 4756/5117/4828 4757/5118/4829 4747/5108/4819
f 4749/5110/4821 4748/5109/4820 4758/5119/4830
f 4758/5119/4830 4759/5120/4831 4749/5110/4821
f 4750/5111/4822 4749/5110/4821 4759/5120/4831
f 4759/5120/4831 4760/5121/4832 4750/5111/4822
f 4751/5112/4823 4750/5111/4822 4760/5121/4832
f 4760/5121/4832 4761/5122/4833 4751/5112/4823
f 4752/5113/4824 4751/5112/4823 4761/5122/4833
f 4761/5122/4833 4762/5123/4834 4752/5113/4824
f 4753/5114/4825 4752/5113/4824 4762/5123/4834
f 4762/5123/4834 4763/5124/4835 4753/5114/4825
f 4754/5115/4826 4753/5114/4825 4763/5124/4835
f 4763/5124/4835 4764/5125/4836 4754/5115/4826
f 4755/5116/4827 4754/5115/4826 4764/5125/4836
f 4764/5125/4836 4765/5126/4837 4755/5116/4827
f 4756/5117/4828 4755/5116/4827 4765/5126/4837
f 4765/5126/4837 4766/5127/4838 4756/5117/4828
f 4757/5118/4829 4756/5117/4828 4766/5127/4838
f 4766/5127/4838 4767/5128/4839 4757/5118/4829
f 4759/5120/4831 4758/5119/4830 4768/5129/4840
f 4768/5129/4840 4769/5130/4841 4759/5120/4831
f 4760/5121/4832 4759/5120/4831 4769/5130/4841
f 4769/5130/4841 4770/5131/4842 4760/5121/4832
f 4761/5122/4833 4760/5121/4832 4770/5131/4842
f 4770/5131/4842 4771/5132/4843 4761/5122/4833
f 4762/5123/4834 4761/5122/4833 4771/5132/4843
f 4771/5132/4843 4772/5133/4844 4762/5123/4834
f 4763/5124/4835 4762/5123/4834 4772/5133/4844
f 4772/5133/4844 4773/5134/4845 4763/5124/4835
f 4764/5125/4836 4763/5124/4835 4773/5134/4845
f 4773/5134/4845 4774/5135/4846 4764/5125/4836
f 4765/5126/4837 4764/5125/4836 4774/5135/4846
f 4774/5135/4846 4775/5136/4847 4765/5126/4837
f 4766/5127/4838 4765/5126/4837 4775/5136/4847
f 4775/5136/4847 4776/5137/4848 4766/5127/4838
f 4767/5128/4839 4766/5127/4838 4776/5137/4848
f 4776/5137/4848 4777/5138/4849 4767/5128/4839
f 4769/5130/4841 4768/5129/4840 4778/5139/4850
f 4778/5139/4850 4779/5140/4851 4769/5130/4841
f 4770/5131/4842 4769/5130/4841 4779/5140/4851
f 4779/5140/4851 4780/5141/4852 4770/5131/4842
f 4771/5132/4843 4770/5131/4842 4780/5141/4852
f 4780/5141/4852 4781/5142/4853 4771/5132/4843
f 4772/5133/4844 4771/5132/4843 4781/5142/4853
f 4781/5142/4853 4782/5143/4854 4772/5133/4844
f 4773/5134/4845 4772/5133/4844 4782/5143/4854
f 4782/5143/4854 4783/5144/4855 4773/5134/4845
f 4774/5135/4846 4773/5134/4845 4783/5144/4855
f 4783/5144/4855 4784/5145/4856 4774/5135/4846
f 4775/5136/4847 4774/5135/4846 4784/5145/4856
f 4784/5145/4856 4785/5146/4857 4775/5136/4847
f 4776/5137/4848 4775/5136/4847 4785/5146/4857
f 4785/5146/4857 4786/5147/4858 4776/5137/4848
f 4777/5138/4849 4776/5137/4848 4786/5147/4858
f 4786/5147/4858 4787/5148/4859 4777/5138/4849
f 4779/5140/4851 4778/5139/4850 4788/5149/4860
f 4788/5149/4860 4789/5150/4861 4779/5140/4851
f 4780/5141/4852 4779/5140/4851 4789/5150/4861
f 4789/5150/4861 4790/5151/4862 4780/5141/4852
f 4781/5142/4853 4780/5141/4852 4790/5151/4862
f 4790/5151/4862 4791/5152/4863 4781/5142/4853
f 4782/5143/4854 4781/5142/4853 4791/5152/4863
f 4791/5152/4863 4792/5153/4864 4782/5143/4854
f 4783/5144/4855 4782/5143/4854 4792/5153/4864
f 4792/5153/4864 4793/5154/4865 4783/5144/4855
f 4784/5145/4856 4783/5144/4855 4793/5154/4865
f 4793/5154/4865 4794/5155/4866 4784/5145/4856
f 4785/5146/4857 4784/5145/4856 4794/5155/4866
f 4794/5155/4866 4795/5156/4867 4785/5146/4857
f 4786/5147/4858 4785/5146/4857 4795/5156/4867
f 4795/5156/4867 4796/5157/4868 4786/5147/4858
f 4787/5148/4859 4786/5147/4858 4796/5157/4868
f 4796/5157/4868 4797/5158/4869 4787/5148/4859
f 4546/4890/4601 4473/4808/4519 4717/5078/4789
f 4717/5078/4789 4798/5159/4870 4546/4890/4601
f 4547/4891/4602 4546/4890/4601 4798/5159/4870
f 4798/5159/4870 4799/5160/4871 4547/4891/4602
f 4548/4892/4603 4547/4891/4602 4799/5160/4871
f 4799/5160/4871 4800/5161/4872 4548/4892/4603
f 4549/4893/4604 4548/4892/4603 4800/5161/4872
f 4800/5161/4872 4801/5162/4873 4549/4893/4604
f 4550/4894/4605 4549/4893/4604 4801/5162/4873
f 4801/5162/4873 4802/5163/4874 4550/4894/4605
f 4551/4895/4606 4550/4894/4605 4802/5163/4874
f 4802/5163/4874 4803/5164/4875 4551/4895/4606
f 4552/4896/4607 4551/4895/4606 4803/5164/4875
f 4803/5164/4875 4804/5165/4876 4552/4896/4607
f 4553/4897/4608 4552/4896/4607 4804/5165/4876
f 4804/5165/4876 4805/5166/4877 4553/4897/4608
f 4554/4898/4609 4553/4897/4608 4805/5166/4877
f 4805/5166/4877 4806/5167/4878 4554/4898/4609
f 4798/5159/4870 4717/5078/4789 4727/5088/4799
f 4727/5088/4799 4807/5168/4879 4798/5159/4870
f 4799/5160/4871 4798/5159/4870 4807/5168/4879
f 4807/5168/4879 4808/5169/4880 4799/5160/4871
f 4800/5161/4872 4799/5160/4871 4808/5169/4880
f 4808/5169/4880 4809/5170/4881 4800/5161/4872
f 4801/5162/4873 4800/5161/4872 4809/5170/4881
f 4809/5170/4881 4810/5171/4882 4801/5162/4873
f 4802/5163/4874 4801/5162/4873 4810/5171/4882
f 4810/5171/4882 4811/5172/4883 4802/5163/4874
f 4803/5164/4875 4802/5163/4874 4811/5172/4883
f 4811/5172/4883 4812/5173/4884 4803/5164/4875
f 4804/5165/4876 4803/5164/4875 4812/5173/4884
f 4812/5173/4884 4813/5174/4885 4804/5165/4876
f 4805/5166/4877 4804/5165/4876 4813/5174/4885
f 4813/5174/4885 4814/5175/4886 4805/5166/4877
f 4806/5167/4878 4805/5166/4877 4814/5175/4886
f 4814/5175/4886 4815/5176/4887 4806/5167/4878
f 4807/5168/4879 4727/5088/4799 4737/5098/4809
f 4737/5098/4809 4816/5177/4888 4807/5168/4879
f 4808/5169/4880 4807/5168/4879 4816/5177/4888
f 4816/5177/4888 4817/5178/4889 4808/5169/4880
f 4809/5170/4881 4808/5169/4880 4817/5178/4889
f 4817/5178/4889 4818/5179/4890 4809/5170/4881
f 4810/5171/4882 4809/5170/4881 4818/5179/4890
f 4818/5179/4890 4819/5180/4891 4810/5171/4882
f 4811/5172/4883 4810/5171/4882 4819/5180/4891
f 4819/5180/4891 4820/5181/4892 4811/5172/4883
f 4812/5173/4884 4811/5172/4883 4820/5181/4892
f 4820/5181/4892 4821/5182/4893 4812/5173/4884
f 4813/5174/4885 4812/5173/4884 4821/5182/4893
f 4821/5182/4893 4822/5183/4894 4813/5174/4885
f 4814/5175/4886 4813/5174/4885 4822/5183/4894
f 4822/5183/4894 4823/5184/4895 4814/5175/4886
f 4815/5176/4887 4814/5175/4886 4823/5184/4895
f 4823/5184/4895 4824/5185/4896 4815/5176/4887
f 4816/5177/4888 4737/5098/4809 4747/5108/4819
f 4747/5108/4819 4825/5186/4897 4816/5177/4888
f 4817/5178/4889 4816/5177/4888 4825/5186/4897
f 4825/5186/4897 4826/5187/4898 4817/5178/4889
f 4818/5179/4890 4817/5178/4889 4826/5187/4898
f 4826/5187/4898 4827/5188/4899 4818/5179/4890
f 4819/5180/4891 4818/5179/4890 4827/5188/4899
f 4827/5188/4899 4828/5189/4900 4819/5180/4891
f 4820/5181/4892 4819/5180/4891 4828/5189/4900
f 4828/5189/4900 4829/5190/4901 4820/5181/4892
f 4821/5182/4893 4820/5181/4892 4829/5190/4901
f 4829/5190/4901 4830/5191/4902 4821/5182/4893
f 4822/5183/4894 4821/5182/4893 4830/5191/4902
f 4830/5191/4902 4831/5192/4903 4822/5183/4894
f 4823/5184/4895 4822/5183/4894 4831/5192/4903
f 4831/5192/4903 4832/5193/4904 4823/5184/4895
f 4824/5185/4896 4823/5184/4895 4832/5193/4904
f 4832/5193/4904 4833/5194/4905 4824/5185/4896
f 4825/5186/4897 4747/5108/4819 4757/5118/4829
f 4757/5118/4829 4834/5195/4906 4825/5186/4897
f 4826/5187/4898 4825/5186/4897 4834/5195/4906
f 4834/5195/4906 4835/5196/4907 4826/5187/4898
f 4827/5188/4899 4826/5187/4898 4835/5196/4907
f 4835/5196/4907 4836/5197/4908 4827/5188/4899
f 4828/5189/4900 4827/5188/4899 4836/5197/4908
f 4836/5197/4908 4837/5198/4909 4828/5189/4900
f 4829/5190/4901 4828/5189/4900 4837/5198/4909
f 4837/5198/4909 4838/5199/4910 4829/5190/4901
f 4830/5191/4902 4829/5190/4901 4838/5199/4910
f 4838/5199/4910 4839/5200/4911 4830/5191/4902
f 4831/5192/4903 4830/5191/4902 4839/5200/4911
f 4839/5200/4911 4840/5201/4912 4831/5192/4903
f 4832/5193/4904 4831/5192/4903 4840/5201/4912
f 4840/5201/4912 4841/5202/4913 4832/5193/4904
f 4833/5194/4905 4832/5193/4904 4841/5202/4913
f 4841/5202/4913 4842/5203/4914 4833/5194/4905
f 4834/5195/4906 4757/5118/4829 4767/5128/4839
f 4767/5128/4839 4843/5204/4915 4834/5195/4906
f 4835/5196/4907 4834/5195/4906 4843/5204/4915
f 4843/5204/4915 4844/5205/4916 4835/5196/4907
f 4836/5197/4908 4835/5196/4907 4844/5205/4916
f 4844/5205/4916 4845/5206/4917 4836/5197/4908
f 4837/5198/4909 4836/5197/4908 4845/5206/4917
f 4845/5206/4917 4846/5207/4918 4837/5198/4909
f 4838/5199/4910 4837/5198/4909 4846/5207/4918
f 4846/5207/4918 4847/5208/4919 4838/5199/4910
f 4839/5200/4911 4838/5199/4910 4847/5208/4919
f 4847/5208/4919 4848/5209/4920 4839/5200/4911
f 4840/5201/4912 4839/5200/4911 4848/5209/4920
f 4848/5209/4920 4849/5210/4921 4840/5201/4912
f 4841/5202/4913 4840/5201/4912 4849/5210/4921
f 4849/5210/4921 4850/5211/4922 4841/5202/4913
f 4842/5203/4914 4841/5202/4913 4850/5211/4922
f 4850/5211/4922 4851/5212/4923 4842/5203/4914
f 4843/5204/4915 4767/5128/4839 4777/5138/4849
f 4777/5138/4849 4852/5213/4924 4843/5204/4915
f 4844/5205/4916 4843/5204/4915 4852/5213/4924
f 4852/5213/4924 4853/5214/4925 4844/5205/4916
f 4845/5206/4917 4844/5205/4916 4853/5214/4925
f 4853/5214/4925 4854/5215/4926 4845/5206/4917
f 4846/5207/4918 4845/5206/4917 4854/5215/4926
f 4854/5215/4926 4855/5216/4927 4846/5207/4918
f 4847/5208/4919 4846/5207/4918 4855/5216/4927
f 4855/5216/4927 4856/5217/4928 4847/5208/4919
f 4848/5209/4920 4847/5208/4919 4856/5217/4928
f 4856/5217/4928 4857/5218/4929 4848/5209/4920
f 4849/5210/4921 4848/5209/4920 4857/5218/4929
f 4857/5218/4929 4858/5219/4930 4849/5210/4921
f 4850/5211/4922 4849/5210/4921 4858/5219/4930
f 4858/5219/4930 4859/5220/4931 4850/5211/4922
f 4851/5212/4923 4850/5211/4922 4859/5220/4931
f 4859/5220/4931 4860/5221/4932 4851/5212/4923
f 4852/5213/4924 4777/5138/4849 4787/5148/4859
f 4787/5148/4859 4861/5222/4933 4852/5213/4924
f 4853/5214/4925 4852/5213/4924 4861/5222/4933
f 4861/5222/4933 4862/5223/4934 4853/5214/4925
f 4854/5215/4926 4853/5214/4925 4862/5223/4934
f 4862/5223/4934 4863/5224/4935 4854/5215/4926
f 4855/5216/4927 4854/5215/4926 4863/5224/4935
f 4863/5224/4935 4864/5225/4936 4855/5216/4927
f 4856/5217/4928 4855/5216/4927 4864/5225/4936
f 4864/5225/4936 4865/5226/4937 4856/5217/4928
f 4857/5218/4929 4856/5217/4928 4865/5226/4937
f 4865/5226/4937 4866/5227/4938 4857/5218/4929
f 4858/5219/4930 4857/5218/4929 4866/5227/4938
f 4866/5227/4938 4867/5228/4939 4858/5219/4930
f 4859/5220/4931 4858/5219/4930 4867/5228/4939
f 4867/5228/4939 4868/5229/4940 4859/5220/4931
f 4860/5221/4932 4859/5220/4931 4868/5229/4940
f 4868/5229/4940 4869/5230/4941 4860/5221/4932
f 4861/5222/4933 4787/5148/4859 4797/5158/4869
f 4797/5158/4869 4870/5231/4942 4861/5222/4933
f 4862/5223/4934 4861/5222/4933 4870/5231/4942
f 4870/5231/4942 4871/5232/4943 4862/5223/4934
f 4863/5224/4935 4862/5223/4934 4871/5232/4943
f 4871/5232/4943 4872/5233/4944 4863/5224/4935
f 4864/5225/4936 4863/5224/4935 4872/5233/4944
f 4872/5233/4944 4873/5234/4945 4864/5225/4936
f 4865/5226/4937 4864/5225/4936 4873/5234/4945
f 4873/5234/4945 4874/5235/4946 4865/5226/4937
f 4866/5227/4938 4865/5226/4937 4874/5235/4946
f 4874/5235/4946 4875/5236/4947 4866/5227/4938
f 4867/5228/4939 4866/5227/4938 4875/5236/4947
f 4875/5236/4947 4876/5237/4948 4867/5228/4939
f 4868/5229/4940 4867/5228/4939 4876/5237/4948
f 4876/5237/4948 4877/5238/4949 4868/5229/4940
f 4869/5230/4941 4868/5229/4940 4877/5238/4949
f 4877/5238/4949 4878/5239/4950 4869/5230/4941
f 4879/5240/4951 4627/4980/4691 4628/4981/4692
f 4628/4981/4692 4880/5241/4952 4879/5240/4951
f 4880/5241/4952 4628/4981/4692 4629/4982/4693
f 4629/4982/4693 4881/5242/4953 4880/5241/4952
f 4881/5242/4953 4629/4982/4693 4630/4983/4694
f 4630/4983/4694 4882/5243/4954 4881/5242/4953
f 4882/5243/4954 4630/4983/4694 4631/4984/4695
f 4631/4984/4695 4883/5244/4955 4882/5243/4954
f 4883/5244/4955 4631/4984/4695 4632/4985/4696
f 4632/4985/4696 4884/5245/4956 4883/5244/4955
f 4884/5245/4956 4632/4985/4696 4633/4986/4697
f 4633/4986/4697 4885/5246/4957 4884/5245/4956
f 4885/5246/4957 4633/4986/4697 4634/4987/4698
f 4634/4987/4698 4886/5247/4958 4885/5246/4957
f 4886/5247/4958 4634/4987/4698 4635/4988/4699
f 4635/4988/4699 4887/5248/4959 4886/5247/4958
f 4887/5248/4959 4635/4988/4699 4554/4898/4609
f 4554/4898/4609 4806/5167/4878 4887/5248/4959
f 4888/5249/4960 4879/5240/4951 4880/5241/4952
f 4880/5241/4952 4889/5250/4961 4888/5249/4960
f 4889/5250/4961 4880/5241/4952 4881/5242/4953
f 4881/5242/4953 4890/5251/4962 4889/5250/4961
f 4890/5251/4962 4881/5242/4953 4882/5243/4954
f 4882/5243/4954 4891/5252/4963 4890/5251/4962
f 4891/5252/4963 4882/5243/4954 4883/5244/4955
f 4883/5244/4955 4892/5253/4964 4891/5252/4963
f 4892/5253/4964 4883/5244/4955 4884/5245/4956
f 4884/5245/4956 4893/5254/4965 4892/5253/4964
f 4893/5254/4965 4884/5245/4956 4885/5246/4957
f 4885/5246/4957 4894/5255/4966 4893/5254/4965
f 4894/5255/4966 4885/5246/4957 4886/5247/4958
f 4886/5247/4958 4895/5256/4967 4894/5255/4966
f 4895/5256/4967 4886/5247/4958 4887/5248/4959
f 4887/5248/4959 4896/5257/4968 4895/5256/4967
f 4896/5257/4968 4887/5248/4959 4806/5167/4878
f 4806/5167/4878 4815/5176/4887 4896/5257/4968
f 4897/5258/4969 4888/5249/4960 4889/5250/4961
f 4889/5250/4961 4898/5259/4970 4897/5258/4969
f 4898/5259/4970 4889/5250/4961 4890/5251/4962
f 4890/5251/4962 4899/5260/4971 4898/5259/4970
f 4899/5260/4971 4890/5251/4962 4891/5252/4963
f 4891/5252/4963 4900/5261/4972 4899/5260/4971
f 4900/5261/4972 4891/5252/4963 4892/5253/4964
f 4892/5253/4964 4901/5262/4973 4900/5261/4972
f 4901/5262/4973 4892/5253/4964 4893/5254/4965
f 4893/5254/4965 4902/5263/4974 4901/5262/4973
f 4902/5263/4974 4893/5254/4965 4894/5255/4966
f 4894/5255/4966 4903/5264/4975 4902/5263/4974
f 4903/5264/4975 4894/5255/4966 4895/5256/4967
f 4895/5256/4967 4904/5265/4976 4903/5264/4975
f 4904/5265/4976 4895/5256/4967 4896/5257/4968
f 4896/5257/4968 4905/5266/4977 4904/5265/4976
f 4905/5266/4977 4896/5257/4968 4815/5176/4887
f 4815/5176/4887 4824/5185/4896 4905/5266/4977
f 4906/5267/4978 4897/5258/4969 4898/5259/4970
f 4898/5259/4970 4907/5268/4979 4906/5267/4978
f 4907/5268/4979 4898/5259/4970 4899/5260/4971
f 4899/5260/4971 4908/5269/4980 4907/5268/4979
f 4908/5269/4980 4899/5260/4971 4900/5261/4972
f 4900/5261/4972 4909/5270/4981 4908/5269/4980
f 4909/5270/4981 4900/5261/4972 4901/5262/4973
f 4901/5262/4973 4910/5271/4982 4909/5270/4981
f 4910/5271/4982 4901/5262/4973 4902/5263/4974
f 4902/5263/4974 4911/5272/4983 4910/5271/4982
f 4911/5272/4983 4902/5263/4974 4903/5264/4975
f 4903/5264/4975 4912/5273/4984 4911/5272/4983
f 4912/5273/4984 4903/5264/4975 4904/5265/4976
f 4904/5265/4976 4913/5274/4985 4912/5273/4984
f 4913/5274/4985 4904/5265/4976 4905/5266/4977
f 4905/5266/4977 4914/5275/4986 4913/5274/4985
f 4914/5275/4986 4905/5266/4977 4824/5185/4896
f 4824/5185/4896 4833/5194/4905 4914/5275/4986
f 4915/5276/4987 4906/5267/4978 4907/5268/4979
f 4907/5268/4979 4916/5277/4988 4915/5276/4987
f 4916/5277/4988 4907/5268/4979 4908/5269/4980
f 4908/5269/4980 4917/5278/4989 4916/5277/4988
f 4917/5278/4989 4908/5269/4980 4909/5270/4981
f 4909/5270/4981 4918/5279/4990 4917/5278/4989
f 4918/5279/4990 4909/5270/4981 4910/5271/4982
f 4910/5271/4982 4919/5280/4991 4918/5279/4990
f 4919/5280/4991 4910/5271/4982 4911/5272/4983
f 4911/5272/4983 4920/5281/4992 4919/5280/4991
f 4920/5281/4992 4911/5272/4983 4912/5273/4984
f 4912/5273/4984 4921/5282/4993 4920/5281/4992
f 4921/5282/4993 4912/5273/4984 4913/5274/4985
f 4913/5274/4985 4922/5283/4994 4921/5282/4993
f 4922/5283/4994 4913/5274/4985 4914/5275/4986
f 4914/5275/4986 4923/5284/4995 4922/5283/4994
f 4923/5284/4995 4914/5275/4986 4833/5194/4905
f 4833/5194/4905 4842/5203/4914 4923/5284/4995
f 4924/5285/4996 4915/5276/4987 4916/5277/4988
f 4916/5277/4988 4925/5286/4997 4924/5285/4996
f 4925/5286/4997 4916/5277/4988 4917/5278/4989
f 4917/5278/4989 4926/5287/4998 4925/5286/4997
f 4926/5287/4998 4917/5278/4989 4918/5279/4990
f 4918/5279/4990 4927/5288/4999 4926/5287/4998
f 4927/5288/4999 4918/5279/4990 4919/5280/4991
f 4919/5280/4991 4928/5289/5000 4927/5288/4999
f 4928/5289/5000 4919/5280/4991 4920/5281/4992
f 4920/5281/4992 4929/5290/5001 4928/5289/5000
f 4929/5290/5001 4920/5281/4992 4921/5282/4993
f 4921/5282/4993 4930/5291/5002 4929/5290/5001
f 4930/5291/5002 4921/5282/4993 4922/5283/4994
f 4922/5283/4994 4931/5292/5003 4930/5291/5002
f 4931/5292/5003 4922/5283/4994 4923/5284/4995
f 4923/5284/4995 4932/5293/5004 4931/5292/5003
f 4932/5293/5004 4923/5284/4995 4842/5203/4914
f 4842/5203/4914 4851/5212/4923 4932/5293/5004
f 4933/5294/5005 4924/5285/4996 4925/5286/4997
f 4925/5286/4997 4934/5295/5006 4933/5294/5005
f 4934/5295/5006 4925/5286/4997 4926/5287/4998
f 4926/5287/4998 4935/5296/5007 4934/5295/5006
f 4935/5296/5007 4926/5287/4998 4927/5288/4999
f 4927/5288/4999 4936/5297/5008 4935/5296/5007
f 4936/5297/5008 4927/5288/4999 4928/5289/5000
f 4928/5289/5000 4937/5298/5009 4936/5297/5008
f 4937/5298/5009 4928/5289/5000 4929/5290/5001
f 4929/5290/5001 4938/5299/5010 4937/5298/5009
f 4938/5299/5010 4929/5290/5001 4930/5291/5002
f 4930/5291/5002 4939/5300/5011 4938/5299/5010
f 4939/5300/5011 4930/5291/5002 4931/5292/5003
f 4931/5292/5003 4940/5301/5012 4939/5300/5011
f 4940/5301/5012 4931/5292/5003 4932/5293/5004
f 4932/5293/5004 4941/5302/5013 4940/5301/5012
f 4941/5302/5013 4932/5293/5004 4851/5212/4923
f 4851/5212/4923 4860/5221/4932 4941/5302/5013
f 4942/5303/5014 4933/5294/5005 4934/5295/5006
f 4934/5295/5006 4943/5304/5015 4942/5303/5014
f 4943/5304/5015 4934/5295/5006 4935/5296/5007
f 4935/5296/5007 4944/5305/5016 4943/5304/5015
f 4944/5305/5016 4935/5296/5007 4936/5297/5008
f 4936/5297/5008 4945/5306/5017 4944/5305/5016
f 4945/5306/5017 4936/5297/5008 4937/5298/5009
f 4937/5298/5009 4946/5307/5018 4945/5306/5017
f 4946/5307/5018 4937/5298/5009 4938/5299/5010
f 4938/5299/5010 4947/5308/5019 4946/5307/5018
f 4947/5308/5019 4938/5299/5010 4939/5300/5011
f 4939/5300/5011 4948/5309/5020 4947/5308/5019
f 4948/5309/5020 4939/5300/5011 4940/5301/5012
f 4940/5301/5012 4949/5310/5021 4948/5309/5020
f 4949/5310/5021 4940/5301/5012 4941/5302/5013
f 4941/5302/5013 4950/5311/5022 4949/5310/5021
f 4950/5311/5022 4941/5302/5013 4860/5221/4932
f 4860/5221/4932 4869/5230/4941 4950/5311/5022
f 4951/5312/5023 4942/5303/5014 4943/5304/5015
f 4943/5304/5015 4952/5313/5024 4951/5312/5023
f 4952/5313/5024 4943/5304/5015 4944/5305/5016
f 4944/5305/5016 4953/5314/5025 4952/5313/5024
f 4953/5314/5025 4944/5305/5016 4945/5306/5017
f 4945/5306/5017 4954/5315/5026 4953/5314/5025
f 4954/5315/5026 4945/5306/5017 4946/5307/5018
f 4946/5307/5018 4955/5316/5027 4954/5315/5026
f 4955/5316/5027 4946/5307/5018 4947/5308/5019
f 4947/5308/5019 4956/5317/5028 4955/5316/5027
f 4956/5317/5028 4947/5308/5019 4948/5309/5020
f 4948/5309/5020 4957/5318/5029 4956/5317/5028
f 4957/5318/5029 4948/5309/5020 4949/5310/5021
f 4949/5310/5021 4958/5319/5030 4957/5318/5029
f 4958/5319/5030 4949/5310/5021 4950/5311/5022
f 4950/5311/5022 4959/5320/5031 4958/5319/5030
f 4959/5320/5031 4950/5311/5022 4869/5230/4941
f 4869/5230/4941 4878/5239/4950 4959/5320/5031
f 4708/5069/4780 4464/4799/4510 4700/5061/4772
f 4700/5061/4772 4960/5321/5032 4708/5069/4780
f 4960/5321/5032 4700/5061/4772 4701/5062/4773
f 4701/5062/4773 4961/5322/5033 4960/5321/5032
f 4961/5322/5033 4701/5062/4773 4702/5063/4774
f 4702/5063/4774 4962/5323/5034 4961/5322/5033
f 4962/5323/5034 4702/5063/4774 4703/5064/4775
f 4703/5064/4775 4963/5324/5035 4962/5323/5034
f 4963/5324/5035 4703/5064/4775 4704/5065/4776
f 4704/5065/4776 4964/5325/5036 4963/5324/5035
f 4964/5325/5036 4704/5065/4776 4705/5066/4777
f 4705/5066/4777 4965/5326/5037 4964/5325/5036
f 4965/5326/5037 4705/5066/4777 4706/5067/4778
f 4706/5067/4778 4966/5327/5038 4965/5326/5037
f 4966/5327/5038 4706/5067/4778 4707/5068/4779
f 4707/5068/4779 4967/5328/5039 4966/5327/5038
f 4967/5328/5039 4707/5068/4779 4627/4980/4691
f 4627/4980/4691 4879/5240/4951 4967/5328/5039
f 4718/5079/4790 4708/5069/4780 4960/5321/5032
f 4960/5321/5032 4968/5329/5040 4718/5079/4790
f 4968/5329/5040 4960/5321/5032 4961/5322/5033
f 4961/5322/5033 4969/5330/5041 4968/5329/5040
f 4969/5330/5041 4961/5322/5033 4962/5323/5034
f 4962/5323/5034 4970/5331/5042 4969/5330/5041
f 4970/5331/5042 4962/5323/5034 4963/5324/5035
f 4963/5324/5035 4971/5332/5043 4970/5331/5042
f 4971/5332/5043 4963/5324/5035 4964/5325/5036
f 4964/5325/5036 4972/5333/5044 4971/5332/5043
f 4972/5333/5044 4964/5325/5036 4965/5326/5037
f 4965/5326/5037 4973/5334/5045 4972/5333/5044
f 4973/5334/5045 4965/5326/5037 4966/5327/5038
f 4966/5327/5038 4974/5335/5046 4973/5334/5045
f 4974/5335/5046 4966/5327/5038 4967/5328/5039
f 4967/5328/5039 4975/5336/5047 4974/5335/5046
f 4975/5336/5047 4967/5328/5039 4879/5240/4951
f 4879/5240/4951 4888/5249/4960 4975/5336/5047
f 4728/5089/4800 4718/5079/4790 4968/5329/5040
f 4968/5329/5040 4976/5337/5048 4728/5089/4800
f 4976/5337/5048 4968/5329/5040 4969/5330/5041
f 4969/5330/5041 4977/5338/5049 4976/5337/5048
f 4977/5338/5049 4969/5330/5041 4970/5331/5042
f 4970/5331/5042 4978/5339/5050 4977/5338/5049
f 4978/5339/5050 4970/5331/5042 4971/5332/5043
f 4971/5332/5043 4979/5340/5051 4978/5339/5050
f 4979/5340/5051 4971/5332/5043 4972/5333/5044
f 4972/5333/5044 4980/5341/5052 4979/5340/5051
f 4980/5341/5052 4972/5333/5044 4973/5334/5045
f 4973/5334/5045 4981/5342/5053 4980/5341/5052
f 4981/5342/5053 4973/5334/5045 4974/5335/5046
f 4974/5335/5046 4982/5343/5054 4981/5342/5053
f 4982/5343/5054 4974/5335/5046 4975/5336/5047
f 4975/5336/5047 4983/5344/5055 4982/5343/5054
f 4983/5344/5055 4975/5336/5047 4888/5249/4960
f 4888/5249/4960 4897/5258/4969 4983/5344/5055
f 4738/5099/4810 4728/5089/4800 4976/5337/5048
f 4976/5337/5048 4984/5345/5056 4738/5099/4810
f 4984/5345/5056 4976/5337/5048 4977/5338/5049
f 4977/5338/5049 4985/5346/5057 4984/5345/5056
f 4985/5346/5057 4977/5338/5049 4978/5339/5050
f 4978/5339/5050 4986/5347/5058 4985/5346/5057
f 4986/5347/5058 4978/5339/5050 4979/5340/5051
f 4979/5340/5051 4987/5348/5059 4986/5347/5058
f 4987/5348/5059 4979/5340/5051 4980/5341/5052
f 4980/5341/5052 4988/5349/5060 4987/5348/5059
f 4988/5349/5060 4980/5341/5052 4981/5342/5053
f 4981/5342/5053 4989/5350/5061 4988/5349/5060
f 4989/5350/5061 4981/5342/5053 4982/5343/5054
f 4982/5343/5054 4990/5351/5062 4989/5350/5061
f 4990/5351/5062 4982/5343/5054 4983/5344/5055
f 4983/5344/5055 4991/5352/5063 4990/5351/5062
f 4991/5352/5063 4983/5344/5055 4897/5258/4969
f 4897/5258/4969 4906/5267/4978 4991/5352/5063
f 4748/5109/4820 4738/5099/4810 4984/5345/5056
f 4984/5345/5056 4992/5353/5064 4748/5109/4820
f 4992/5353/5064 4984/5345/5056 4985/5346/5057
f 4985/5346/5057 4993/5354/5065 4992/5353/5064
f 4993/5354/5065 4985/5346/5057 4986/5347/5058
f 4986/5347/5058 4994/5355/5066 4993/5354/5065
f 4994/5355/5066 4986/5347/5058 4987/5348/5059
f 4987/5348/5059 4995/5356/5067 4994/5355/5066
f 4995/5356/5067 4987/5348/5059 4988/5349/5060
f 4988/5349/5060 4996/5357/5068 4995/5356/5067
f 4996/5357/5068 4988/5349/5060 4989/5350/5061
f 4989/5350/5061 4997/5358/5069 4996/5357/5068
f 4997/5358/5069 4989/5350/5061 4990/5351/5062
f 4990/5351/5062 4998/5359/5070 4997/5358/5069
f 4998/5359/5070 4990/5351/5062 4991/5352/5063
f 4991/5352/5063 4999/5360/5071 4998/5359/5070
f 4999/5360/5071 4991/5352/5063 4906/5267/4978
f 4906/5267/4978 4915/5276/4987 4999/5360/5071
f 4758/5119/4830 4748/5109/4820 4992/5353/5064
f 4992/5353/5064 5000/5361/5072 4758/5119/4830
f 5000/5361/5072 4992/5353/5064 4993/5354/5065
f 4993/5354/5065 5001/5362/5073 5000/5361/5072
f 5001/5362/5073 4993/5354/5065 4994/5355/5066
f 4994/5355/5066 5002/5363/5074 5001/5362/5073
f 5002/5363/5074 4994/5355/5066 4995/5356/5067
f 4995/5356/5067 5003/5364/5075 5002/5363/5074
f 5003/5364/5075 4995/5356/5067 4996/5357/5068
f 4996/5357/5068 5004/5365/5076 5003/5364/5075
f 5004/5365/5076 4996/5357/5068 4997/5358/5069
f 4997/5358/5069 5005/5366/5077 5004/5365/5076
f 5005/5366/5077 4997/5358/5069 4998/5359/5070
f 4998/5359/5070 5006/5367/5078 5005/5366/5077
f 5006/5367/5078 4998/5359/5070 4999/5360/5071
f 4999/5360/5071 5007/5368/5079 5006/5367/5078
f 5007/5368/5079 4999/5360/5071 4915/5276/4987
f 4915/5276/4987 4924/5285/4996 5007/5368/5079
f 4768/5129/4840 4758/5119/4830 5000/5361/5072
f 5000/5361/5072 5008/5369/5080 4768/5129/4840
f 5008/5369/5080 5000/5361/5072 5001/5362/5073
f 5001/5362/5073 5009/5370/5081 5008/5369/5080
f 5009/5370/5081 5001/5362/5073 5002/5363/5074
f 5002/5363/5074 5010/5371/5082 5009/5370/5081
f 5010/5371/5082 5002/5363/5074 5003/5364/5075
f 5003/5364/5075 5011/5372/5083 5010/5371/5082
f 5011/5372/5083 5003/5364/5075 5004/5365/5076
f 5004/5365/5076 5012/5373/5084 5011/5372/5083
f 5012/5373/5084 5004/5365/5076 5005/5366/5077
f 5005/5366/5077 5013/5374/5085 5012/5373/5084
f 5013/5374/5085 5005/5366/5077 5006/5367/5078
f 5006/5367/5078 5014/5375/5086 5013/5374/5085
f 5014/5375/5086 5006/5367/5078 5007/5368/5079
f 5007/5368/5079 5015/5376/5087 5014/5375/5086
f 5015/5376/5087 5007/5368/5079 4924/5285/4996
f 4924/5285/4996 4933/5294/5005 5015/5376/5087
f 4778/5139/4850 4768/5129/4840 5008/5369/5080
f 5008/5369/5080 5016/5377/5088 4778/5139/4850
f 5016/5377/5088 5008/5369/5080 5009/5370/5081
f 5009/5370/5081 5017/5378/5089 5016/5377/5088
f 5017/5378/5089 5009/5370/5081 5010/5371/5082
f 5010/5371/5082 5018/5379/5090 5017/5378/5089
f 5018/5379/5090 5010/5371/5082 5011/5372/5083
f 5011/5372/5083 5019/5380/5091 5018/5379/5090
f 5019/5380/5091 5011/5372/5083 5012/5373/5084
f 5012/5373/5084 5020/5381/5092 5019/5380/5091
f 5020/5381/5092 5012/5373/5084 5013/5374/5085
f 5013/5374/5085 5021/5382/5093 5020/5381/5092
f 5021/5382/5093 5013/5374/5085 5014/5375/5086
f 5014/5375/5086 5022/5383/5094 5021/5382/5093
f 5022/5383/5094 5014/5375/5086 5015/5376/5087
f 5015/5376/5087 5023/5384/5095 5022/5383/5094
f 5023/5384/5095 5015/5376/5087 4933/5294/5005
f 4933/5294/5005 4942/5303/5014 5023/5384/5095
f 4788/5149/4860 4778/5139/4850 5016/5377/5088
f 5016/5377/5088 5024/5385/5096 4788/5149/4860
f 5024/5385/5096 5016/5377/5088 5017/5378/5089
f 5017/5378/5089 5025/5386/5097 5024/5385/5096
f 5025/5386/5097 5017/5378/5089 5018/5379/5090
f 5018/5379/5090 5026/5387/5098 5025/5386/5097
f 5026/5387/5098 5018/5379/5090 5019/5380/5091
f 5019/5380/5091 5027/5388/5099 5026/5387/5098
f 5027/5388/5099 5019/5380/5091 5020/5381/5092
f 5020/5381/5092 5028/5389/5100 5027/5388/5099
f 5028/5389/5100 5020/5381/5092 5021/5382/5093
f 5021/5382/5093 5029/5390/5101 5028/5389/5100
f 5029/5390/5101 5021/5382/5093 5022/5383/5094
f 5022/5383/5094 5030/5391/5102 5029/5390/5101
f 5030/5391/5102 5022/5383/5094 5023/5384/5095
f 5023/5384/5095 5031/5392/5103 5030/5391/5102
f 5031/5392/5103 5023/5384/5095 4942/5303/5014
f 4942/5303/5014 4951/5312/5023 5031/5392/5103
f 4789/5150/4861 4788/5149/4860 5032/5393/5104
f 5032/5393/5104 5033/5394/5105 4789/5150/4861
f 4790/5151/4862 4789/5150/4861 5033/5394/5105
f 5033/5394/5105 5034/5395/5106 4790/5151/4862
f 4791/5152/4863 4790/5151/4862 5034/5395/5106
f 5034/5395/5106 5035/5396/5107 4791/5152/4863
f 4792/5153/4864 4791/5152/4863 5035/5396/5107
f 5035/5396/5107 5036/5397/5108 4792/5153/4864
f 4793/5154/4865 4792/5153/4864 5036/5397/5108
f 5036/5397/5108 5037/5398/5109 4793/5154/4865
f 4794/5155/4866 4793/5154/4865 5037/5398/5109
f 5037/5398/5109 5038/5399/5110 4794/5155/4866
f 4795/5156/4867 4794/5155/4866 5038/5399/5110
f 5038/5399/5110 5039/5400/5111 4795/5156/4867
f 4796/5157/4868 4795/5156/4867 5039/5400/5111
f 5039/5400/5111 5040/5401/5112 4796/5157/4868
f 4797/5158/4869 4796/5157/4868 5040/5401/5112
f 5040/5401/5112 5041/5402/5113 4797/5158/4869
f 5033/5394/5105 5032/5393/5104 5042/5403/5114
f 5042/5403/5114 5043/5404/5115 5033/5394/5105
f 5034/5395/5106 5033/5394/5105 5043/5404/5115
f 5043/5404/5115 5044/5405/5116 5034/5395/5106
f 5035/5396/5107 5034/5395/5106 5044/5405/5116
f 5044/5405/5116 5045/5406/5117 5035/5396/5107
f 5036/5397/5108 5035/5396/5107 5045/5406/5117
f 5045/5406/5117 5046/5407/5118 5036/5397/5108
f 5037/5398/5109 5036/5397/5108 5046/5407/5118
f 5046/5407/5118 5047/5408/5119 5037/5398/5109
f 5038/5399/5110 5037/5398/5109 5047/5408/5119
f 5047/5408/5119 5048/5409/5120 5038/5399/5110
f 5039/5400/5111 5038/5399/5110 5048/5409/5120
f 5048/5409/5120 5049/5410/5121 5039/5400/5111
f 5040/5401/5112 5039/5400/5111 5049/5410/5121
f 5049/5410/5121 5050/5411/5122 5040/5401/5112
f 5041/5402/5113 5040/5401/5112 5050/5411/5122
f 5050/5411/5122 5051/5412/5123 5041/5402/5113
f 5043/5404/5115 5042/5403/5114 5052/5413/5124
f 5052/5413/5124 5053/5414/5125 5043/5404/5115
f 5044/5405/5116 5043/5404/5115 5053/5414/5125
f 5053/5414/5125 5054/5415/5126 5044/5405/5116
f 5045/5406/5117 5044/5405/5116 5054/5415/5126
f 5054/5415/5126 5055/5416/5127 5045/5406/5117
f 5046/5407/5118 5045/5406/5117 5055/5416/5127
f 5055/5416/5127 5056/5417/5128 5046/5407/5118
f 5047/5408/5119 5046/5407/5118 5056/5417/5128
f 5056/5417/5128 5057/5418/5129 5047/5408/5119
f 5048/5409/5120 5047/5408/5119 5057/5418/5129
f 5057/5418/5129 5058/5419/5130 5048/5409/5120
f 5049/5410/5121 5048/5409/5120 5058/5419/5130
f 5058/5419/5130 5059/5420/5131 5049/5410/5121
f 5050/5411/5122 5049/5410/5121 5059/5420/5131
f 5059/5420/5131 5060/5421/5132 5050/5411/5122
f 5051/5412/5123 5050/5411/5122 5060/5421/5132
f 5060/5421/5132 5061/5422/5133 5051/5412/5123
f 5053/5414/5125 5052/5413/5124 5062/5423/5134
f 5062/5423/5134 5063/5424/5135 5053/5414/5125
f 5054/5415/5126 5053/5414/5125 5063/5424/5135
f 5063/5424/5135 5064/5425/5136 5054/5415/5126
f 5055/5416/5127 5054/5415/5126 5064/5425/5136
f 5064/5425/5136 5065/5426/5137 5055/5416/5127
f 5056/5417/5128 5055/5416/5127 5065/5426/5137
f 5065/5426/5137 5066/5427/5138 5056/5417/5128
f 5057/5418/5129 5056/5417/5128 5066/5427/5138
f 5066/5427/5138 5067/5428/5139 5057/5418/5129
f 5058/5419/5130 5057/5418/5129 5067/5428/5139
f 5067/5428/5139 5068/5429/5140 5058/5419/5130
f 5059/5420/5131 5058/5419/5130 5068/5429/5140
f 5068/5429/5140 5069/5430/5141 5059/5420/5131
f 5060/5421/5132 5059/5420/5131 5069/5430/5141
f 5069/5430/5141 5070/5431/5142 5060/5421/5132
f 5061/5422/5133 5060/5421/5132 5070/5431/5142
f 5070/5431/5142 5071/5432/5143 5061/5422/5133
f 5063/5424/5135 5062/5423/5134 5072/5433/5144
f 5072/5433/5144 5073/5434/5145 5063/5424/5135
f 5064/5425/5136 5063/5424/5135 5073/5434/5145
f 5073/5434/5145 5074/5435/5146 5064/5425/5136
f 5065/5426/5137 5064/5425/5136 5074/5435/5146
f 5074/5435/5146 5075/5436/5147 5065/5426/5137
f 5066/5427/5138 5065/5426/5137 5075/5436/5147
f 5075/5436/5147 5076/5437/5148 5066/5427/5138
f 5067/5428/5139 5066/5427/5138 5076/5437/5148
f 5076/5437/5148 5077/5438/5149 5067/5428/5139
f 5068/5429/5140 5067/5428/5139 5077/5438/5149
f 5077/5438/5149 5078/5439/5150 5068/5429/5140
f 5069/5430/5141 5068/5429/5140 5078/5439/5150
f 5078/5439/5150 5079/5440/5151 5069/5430/5141
f 5070/5431/5142 5069/5430/5141 5079/5440/5151
f 5079/5440/5151 5080/5441/5152 5070/5431/5142
f 5071/5432/5143 5070/5431/5142 5080/5441/5152
f 5080/5441/5152 5081/5442/5153 5071/5432/5143
f 5073/5434/5145 5072/5433/5144 5082/5443/5154
f 5082/5443/5154 5083/5444/5155 5073/5434/5145
f 5074/5435/5146 5073/5434/5145 5083/5444/5155
f 5083/5444/5155 5084/5445/5156 5074/5435/5146
f 5075/5436/5147 5074/5435/5146 5084/5445/5156
f 5084/5445/5156 5085/5446/5157 5075/5436/5147
f 5076/5437/5148 5075/5436/5147 5085/5446/5157
f 5085/5446/5157 5086/5447/5158 5076/5437/5148
f 5077/5438/5149 5076/5437/5148 5086/5447/5158
f 5086/5447/5158 5087/5448/5159 5077/5438/5149
f 5078/5439/5150 5077/5438/5149 5087/5448/5159
f 5087/5448/5159 5088/5449/5160 5078/5439/5150
f 5079/5440/5151 5078/5439/5150 5088/5449/5160
f 5088/5449/5160 5089/5450/5161 5079/5440/5151
f 5080/5441/5152 5079/5440/5151 5089/5450/5161
f 5089/5450/5161 5090/5451/5162 5080/5441/5152
f 5081/5442/5153 5080/5441/5152 5090/5451/5162
f 5090/5451/5162 5091/5452/5163 5081/5442/5153
f 5083/5444/5155 5082/5443/5154 5092/5453/5164
f 5092/5453/5164 5093/5454/5165 5083/5444/5155
f 5084/5445/5156 5083/5444/5155 5093/5454/5165
f 5093/5454/5165 5094/5455/5166 5084/5445/5156
f 5085/5446/5157 5084/5445/5156 5094/5455/5166
f 5094/5455/5166 5095/5456/5167 5085/5446/5157
f 5086/5447/5158 5085/5446/5157 5095/5456/5167
f 5095/5456/5167 5096/5457/5168 5086/5447/5158
f 5087/5448/5159 5086/5447/5158 5096/5457/5168
f 5096/5457/5168 5097/5458/5169 5087/5448/5159
f 5088/5449/5160 5087/5448/5159 5097/5458/5169
f 5097/5458/5169 5098/5459/5170 5088/5449/5160
f 5089/5450/5161 5088/5449/5160 5098/5459/5170
f 5098/5459/5170 5099/5460/5171 5089/5450/5161
f 5090/5451/5162 5089/5450/5161 5099/5460/5171
f 5099/5460/5171 5100/5461/5172 5090/5451/5162
f 5091/5452/5163 5090/5451/5162 5100/5461/5172
f 5100/5461/5172 5101/5462/5173 5091/5452/5163
f 5093/5454/5165 5092/5453/5164 5102/5463/5174
f 5102/5463/5174 5103/5464/5175 5093/5454/5165
f 5094/5455/5166 5093/5454/5165 5103/5464/5175
f 5103/5464/5175 5104/5465/5176 5094/5455/5166
f 5095/5456/5167 5094/5455/5166 5104/5465/5176
f 5104/5465/5176 5105/5466/5177 5095/5456/5167
f 5096/5457/5168 5095/5456/5167 5105/5466/5177
f 5105/5466/5177 5106/5467/5178 5096/5457/5168
f 5097/5458/5169 5096/5457/5168 5106/5467/5178
f 5106/5467/5178 5107/5468/5179 5097/5458/5169
f 5098/5459/5170 5097/5458/5169 5107/5468/5179
f 5107/5468/5179 5108/5469/5180 5098/5459/5170
f 5099/5460/5171 5098/5459/5170 5108/5469/5180
f 5108/5469/5180 5109/5470/5181 5099/5460/5171
f 5100/5461/5172 5099/5460/5171 5109/5470/5181
f 5109/5470/5181 5110/5471/5182 5100/5461/5172
f 5101/5462/5173 5100/5461/5172 5110/5471/5182
f 5110/5471/5182 5111/5472/5183 5101/5462/5173
f 5103/5464/5175 5102/5463/5174 5112/5473/5184
f 5104/5465/5176 5103/5464/5175 5112/5473/5184
f 5105/5466/5177 5104/5465/5176 5112/5473/5184
f 5106/5467/5178 5105/5466/5177 5112/5473/5184
f 5107/5468/5179 5106/5467/5178 5112/5473/5184
f 5108/5469/5180 5107/5468/5179 5112/5473/5184
f 5109/5470/5181 5108/5469/5180 5112/5473/5184
f 5110/5471/5182 5109/5470/5181 5112/5473/5184
f 5111/5472/5183 5110/5471/5182 5112/5473/5184
f 4870/5231/4942 4797/5158/4869 5041/5402/5113
f 5041/5402/5113 5113/5474/5185 4870/5231/4942
f 4871/5232/4943 4870/5231/4942 5113/5474/5185
f 5113/5474/5185 5114/5475/5186 4871/5232/4943
f 4872/5233/4944 4871/5232/4943 5114/5475/5186
f 5114/5475/5186 5115/5476/5187 4872/5233/4944
f 4873/5234/4945 4872/5233/4944 5115/5476/5187
f 5115/5476/5187 5116/5477/5188 4873/5234/4945
f 4874/5235/4946 4873/5234/4945 5116/5477/5188
f 5116/5477/5188 5117/5478/5189 4874/5235/4946
f 4875/5236/4947 4874/5235/4946 5117/5478/5189
f 5117/5478/5189 5118/5479/5190 4875/5236/4947
f 4876/5237/4948 4875/5236/4947 5118/5479/5190
f 5118/5479/5190 5119/5480/5191 4876/5237/4948
f 4877/5238/4949 4876/5237/4948 5119/5480/5191
f 5119/5480/5191 5120/5481/5192 4877/5238/4949
f 4878/5239/4950 4877/5238/4949 5120/5481/5192
f 5120/5481/5192 5121/5482/5193 4878/5239/4950
f 5113/5474/5185 5041/5402/5113 5051/5412/5123
f 5051/5412/5123 5122/5483/5194 5113/5474/5185
f 5114/5475/5186 5113/5474/5185 5122/5483/5194
f 5122/5483/5194 5123/5484/5195 5114/5475/5186
f 5115/5476/5187 5114/5475/5186 5123/5484/5195
f 5123/5484/5195 5124/5485/5196 5115/5476/5187
f 5116/5477/5188 5115/5476/5187 5124/5485/5196
f 5124/5485/5196 5125/5486/5197 5116/5477/5188
f 5117/5478/5189 5116/5477/5188 5125/5486/5197
f 5125/5486/5197 5126/5487/5198 5117/5478/5189
f 5118/5479/5190 5117/5478/5189 5126/5487/5198
f 5126/5487/5198 5127/5488/5199 5118/5479/5190
f 5119/5480/5191 5118/5479/5190 5127/5488/5199
f 5127/5488/5199 5128/5489/5200 5119/5480/5191
f 5120/5481/5192 5119/5480/5191 5128/5489/5200
f 5128/5489/5200 5129/5490/5201 5120/5481/5192
f 5121/5482/5193 5120/5481/5192 5129/5490/5201
f 5129/5490/5201 5130/5491/5202 5121/5482/5193
f 5122/5483/5194 5051/5412/5123 5061/5422/5133
f 5061/5422/5133 5131/5492/5203 5122/5483/5194
f 5123/5484/5195 5122/5483/5194 5131/5492/5203
f 5131/5492/5203 5132/5493/5204 5123/5484/5195
f 5124/5485/5196 5123/5484/5195 5132/5493/5204
f 5132/5493/5204 5133/5494/5205 5124/5485/5196
f 5125/5486/5197 5124/5485/5196 5133/5494/5205
f 5133/5494/5205 5134/5495/5206 5125/5486/5197
f 5126/5487/5198 5125/5486/5197 5134/5495/5206
f 5134/5495/5206 5135/5496/5207 5126/5487/5198
f 5127/5488/5199 5126/5487/5198 5135/5496/5207
f 5135/5496/5207 5136/5497/5208 5127/5488/5199
f 5128/5489/5200 5127/5488/5199 5136/5497/5208
f 5136/5497/5208 5137/5498/5209 5128/5489/5200
f 5129/5490/5201 5128/5489/5200 5137/5498/5209
f 5137/5498/5209 5138/5499/5210 5129/5490/5201
f 5130/5491/5202 5129/5490/5201 5138/5499/5210
f 5138/5499/5210 5139/5500/5211 5130/5491/5202
f 5131/5492/5203 5061/5422/5133 5071/5432/5143
f 5071/5432/5143 5140/5501/5212 5131/5492/5203
f 5132/5493/5204 5131/5492/5203 5140/5501/5212
f 5140/5501/5212 5141/5502/5213 5132/5493/5204
f 5133/5494/5205 5132/5493/5204 5141/5502/5213
f 5141/5502/5213 5142/5503/5214 5133/5494/5205
f 5134/5495/5206 5133/5494/5205 5142/5503/5214
f 5142/5503/5214 5143/5504/5215 5134/5495/5206
f 5135/5496/5207 5134/5495/5206 5143/5504/5215
f 5143/5504/5215 5144/5505/5216 5135/5496/5207
f 5136/5497/5208 5135/5496/5207 5144/5505/5216
f 5144/5505/5216 5145/5506/5217 5136/5497/5208
f 5137/5498/5209 5136/5497/5208 5145/5506/5217
f 5145/5506/5217 5146/5507/5218 5137/5498/5209
f 5138/5499/5210 5137/5498/5209 5146/5507/5218
f 5146/5507/5218 5147/5508/5219 5138/5499/5210
f 5139/5500/5211 5138/5499/5210 5147/5508/5219
f 5147/5508/5219 5148/5509/5220 5139/5500/5211
f 5140/5501/5212 5071/5432/5143 5081/5442/5153
f 5081/5442/5153 5149/5510/5221 5140/5501/5212
f 5141/5502/5213 5140/5501/5212 5149/5510/5221
f 5149/5510/5221 5150/5511/5222 5141/5502/5213
f 5142/5503/5214 5141/5502/5213 5150/5511/5222
f 5150/5511/5222 5151/5512/5223 5142/5503/5214
f 5143/5504/5215 5142/5503/5214 5151/5512/5223
f 5151/5512/5223 5152/5513/5224 5143/5504/5215
f 5144/5505/5216 5143/5504/5215 5152/5513/5224
f 5152/5513/5224 5153/5514/5225 5144/5505/5216
f 5145/5506/5217 5144/5505/5216 5153/5514/5225
f 5153/5514/5225 5154/5515/5226 5145/5506/5217
f 5146/5507/5218 5145/5506/5217 5154/5515/5226
f 5154/5515/5226 5155/5516/5227 5146/5507/5218
f 5147/5508/5219 5146/5507/5218 5155/5516/5227
f 5155/5516/5227 5156/5517/5228 5147/5508/5219
f 5148/5509/5220 5147/5508/5219 5156/5517/5228
f 5156/5517/5228 5157/5518/5229 5148/5509/5220
f 5149/5510/5221 5081/5442/5153 5091/5452/5163
f 5091/5452/5163 5158/5519/5230 5149/5510/5221
f 5150/5511/5222 5149/5510/5221 5158/5519/5230
f 5158/5519/5230 5159/5520/5231 5150/5511/5222
f 5151/5512/5223 5150/5511/5222 5159/5520/5231
f 5159/5520/5231 5160/5521/5232 5151/5512/5223
f 5152/5513/5224 5151/5512/5223 5160/5521/5232
f 5160/5521/5232 5161/5522/5233 5152/5513/5224
f 5153/5514/5225 5152/5513/5224 5161/5522/5233
f 5161/5522/5233 5162/5523/5234 5153/5514/5225
f 5154/5515/5226 5153/5514/5225 5162/5523/5234
f 5162/5523/5234 5163/5524/5235 5154/5515/5226
f 5155/5516/5227 5154/5515/5226 5163/5524/5235
f 5163/5524/5235 5164/5525/5236 5155/5516/5227
f 5156/5517/5228 5155/5516/5227 5164/5525/5236
f 5164/5525/5236 5165/5526/5237 5156/5517/5228
f 5157/5518/5229 5156/5517/5228 5165/5526/5237
f 5165/5526/5237 5166/5527/5238 5157/5518/5229
f 5158/5519/5230 5091/5452/5163 5101/5462/5173
f 5101/5462/5173 5167/5528/5239 5158/5519/5230
f 5159/5520/5231 5158/5519/5230 5167/5528/5239
f 5167/5528/5239 5168/5529/5240 5159/5520/5231
f 5160/5521/5232 5159/5520/5231 5168/5529/5240
f 5168/5529/5240 5169/5530/5241 5160/5521/5232
f 5161/5522/5233 5160/5521/5232 5169/5530/5241
f 5169/5530/5241 5170/5531/5242 5161/5522/5233
f 5162/5523/5234 5161/5522/5233 5170/5531/5242
f 5170/5531/5242 5171/5532/5243 5162/5523/5234
f 5163/5524/5235 5162/5523/5234 5171/5532/5243
f 5171/5532/5243 5172/5533/5244 5163/5524/5235
f 5164/5525/5236 5163/5524/5235 5172/5533/5244
f 5172/5533/5244 5173/5534/5245 5164/5525/5236
f 5165/5526/5237 5164/5525/5236 5173/5534/5245
f 5173/5534/5245 5174/5535/5246 5165/5526/5237
f 5166/5527/5238 5165/5526/5237 5174/5535/5246
f 5174/5535/5246 5175/5536/5247 5166/5527/5238
f 5167/5528/5239 5101/5462/5173 5111/5472/5183
f 5111/5472/5183 5176/5537/5248 5167/5528/5239
f 5168/5529/5240 5167/5528/5239 5176/5537/5248
f 5176/5537/5248 5177/5538/5249 5168/5529/5240
f 5169/5530/5241 5168/5529/5240 5177/5538/5249
f 5177/5538/5249 5178/5539/5250 5169/5530/5241
f 5170/5531/5242 5169/5530/5241 5178/5539/5250
f 5178/5539/5250 5179/5540/5251 5170/5531/5242
f 5171/5532/5243 5170/5531/5242 5179/5540/5251
f 5179/5540/5251 5180/5541/5252 5171/5532/5243
f 5172/5533/5244 5171/5532/5243 5180/5541/5252
f 5180/5541/5252 5181/5542/5253 5172/5533/5244
f 5173/5534/5245 5172/5533/5244 5181/5542/5253
f 5181/5542/5253 5182/5543/5254 5173/5534/5245
f 5174/5535/5246 5173/5534/5245 5182/5543/5254
f 5182/5543/5254 5183/5544/5255 5174/5535/5246
f 5175/5536/5247 5174/5535/5246 5183/5544/5255
f 5183/5544/5255 5184/5545/5256 5175/5536/5247
f 5176/5537/5248 5111/5472/5183 5112/5473/5184
f 5177/5538/5249 5176/5537/5248 5112/5473/5184
f 5178/5539/5250 5177/5538/5249 5112/5473/5184
f 5179/5540/5251 5178/5539/5250 5112/5473/5184
f 5180/5541/5252 5179/5540/5251 5112/5473/5184
f 5181/5542/5253 5180/5541/5252 5112/5473/5184
f 5182/5543/5254 5181/5542/5253 5112/5473/5184
f 5183/5544/5255 5182/5543/5254 5112/5473/5184
f 5184/5545/5256 5183/5544/5255 5112/5473/5184
f 5185/5546/5257 4951/5312/5023 4952/5313/5024
f 4952/5313/5024 5186/5547/5258 5185/5546/5257
f 5186/5547/5258 4952/5313/5024 4953/5314/5025
f 4953/5314/5025 5187/5548/5259 5186/5547/5258
f 5187/5548/5259 4953/5314/5025 4954/5315/5026
f 4954/5315/5026 5188/5549/5260 5187/5548/5259
f 5188/5549/5260 4954/5315/5026 4955/5316/5027
f 4955/5316/5027 5189/5550/5261 5188/5549/5260
f 5189/5550/5261 4955/5316/5027 4956/5317/5028
f 4956/5317/5028 5190/5551/5262 5189/5550/5261
f 5190/5551/5262 4956/5317/5028 4957/5318/5029
f 4957/5318/5029 5191/5552/5263 5190/5551/5262
f 5191/5552/5263 4957/5318/5029 4958/5319/5030
f 4958/5319/5030 5192/5553/5264 5191/5552/5263
f 5192/5553/5264 4958/5319/5030 4959/5320/5031
f 4959/5320/5031 5193/5554/5265 5192/5553/5264
f 5193/5554/5265 4959/5320/5031 4878/5239/4950
f 4878/5239/4950 5121/5482/5193 5193/5554/5265
f 5194/5555/5266 5185/5546/5257 5186/5547/5258
f 5186/5547/5258 5195/5556/5267 5194/5555/5266
f 5195/5556/5267 5186/5547/5258 5187/5548/5259
f 5187/5548/5259 5196/5557/5268 5195/5556/5267
f 5196/5557/5268 5187/5548/5259 5188/5549/5260
f 5188/5549/5260 5197/5558/5269 5196/5557/5268
f 5197/5558/5269 5188/5549/5260 5189/5550/5261
f 5189/5550/5261 5198/5559/5270 5197/5558/5269
f 5198/5559/5270 5189/5550/5261 5190/5551/5262
f 5190/5551/5262 5199/5560/5271 5198/5559/5270
f 5199/5560/5271 5190/5551/5262 5191/5552/5263
f 5191/5552/5263 5200/5561/5272 5199/5560/5271
f 5200/5561/5272 5191/5552/5263 5192/5553/5264
f 5192/5553/5264 5201/5562/5273 5200/5561/5272
f 5201/5562/5273 5192/5553/5264 5193/5554/5265
f 5193/5554/5265 5202/5563/5274 5201/5562/5273
f 5202/5563/5274 5193/5554/5265 5121/5482/5193
f 5121/5482/5193 5130/5491/5202 5202/5563/5274
f 5203/5564/5275 5194/5555/5266 5195/5556/5267
f 5195/5556/5267 5204/5565/5276 5203/5564/5275
f 5204/5565/5276 5195/5556/5267 5196/5557/5268
f 5196/5557/5268 5205/5566/5277 5204/5565/5276
f 5205/5566/5277 5196/5557/5268 5197/5558/5269
f 5197/5558/5269 5206/5567/5278 5205/5566/5277
f 5206/5567/5278 5197/5558/5269 5198/5559/5270
f 5198/5559/5270 5207/5568/5279 5206/5567/5278
f 5207/5568/5279 5198/5559/5270 5199/5560/5271
f 5199/5560/5271 5208/5569/5280 5207/5568/5279
f 5208/5569/5280 5199/5560/5271 5200/5561/5272
f 5200/5561/5272 5209/5570/5281 5208/5569/5280
f 5209/5570/5281 5200/5561/5272 5201/5562/5273
f 5201/5562/5273 5210/5571/5282 5209/5570/5281
f 5210/5571/5282 5201/5562/5273 5202/5563/5274
f 5202/5563/5274 5211/5572/5283 5210/5571/5282
f 5211/5572/5283 5202/5563/5274 5130/5491/5202
f 5130/5491/5202 5139/5500/5211 5211/5572/5283
f 5212/5573/5284 5203/5564/5275 5204/5565/5276
f 5204/5565/5276 5213/5574/5285 5212/5573/5284
f 5213/5574/5285 5204/5565/5276 5205/5566/5277
f 5205/5566/5277 5214/5575/5286 5213/5574/5285
f 5214/5575/5286 5205/5566/5277 5206/5567/5278
f 5206/5567/5278 5215/5576/5287 5214/5575/5286
f 5215/5576/5287 5206/5567/5278 5207/5568/5279
f 5207/5568/5279 5216/5577/5288 5215/5576/5287
f 5216/5577/5288 5207/5568/5279 5208/5569/5280
f 5208/5569/5280 5217/5578/5289 5216/5577/5288
f 5217/5578/5289 5208/5569/5280 5209/5570/5281
f 5209/5570/5281 5218/5579/5290 5217/5578/5289
f 5218/5579/5290 5209/5570/5281 5210/5571/5282
f 5210/5571/5282 5219/5580/5291 5218/5579/5290
f 5219/5580/5291 5210/5571/5282 5211/5572/5283
f 5211/5572/5283 5220/5581/5292 5219/5580/5291
f 5220/5581/5292 5211/5572/5283 5139/5500/5211
f 5139/5500/5211 5148/5509/5220 5220/5581/5292
f 5221/5582/5293 5212/5573/5284 5213/5574/5285
f 5213/5574/5285 5222/5583/5294 5221/5582/5293
f 5222/5583/5294 5213/5574/5285 5214/5575/5286
f 5214/5575/5286 5223/5584/5295 5222/5583/5294
f 5223/5584/5295 5214/5575/5286 5215/5576/5287
f 5215/5576/5287 5224/5585/5296 5223/5584/5295
f 5224/5585/5296 5215/5576/5287 5216/5577/5288
f 5216/5577/5288 5225/5586/5297 5224/5585/5296
f 5225/5586/5297 5216/5577/5288 5217/5578/5289
f 5217/5578/5289 5226/5587/5298 5225/5586/5297
f 5226/5587/5298 5217/5578/5289 5218/5579/5290
f 5218/5579/5290 5227/5588/5299 5226/5587/5298
f 5227/5588/5299 5218/5579/5290 5219/5580/5291
f 5219/5580/5291 5228/5589/5300 5227/5588/5299
f 5228/5589/5300 5219/5580/5291 5220/5581/5292
f 5220/5581/5292 5229/5590/5301 5228/5589/5300
f 5229/5590/5301 5220/5581/5292 5148/5509/5220
f 5148/5509/5220 5157/5518/5229 5229/5590/5301
f 5230/5591/5302 5221/5582/5293 5222/5583/5294
f 5222/5583/5294 5231/5592/5303 5230/5591/5302
f 5231/5592/5303 5222/5583/5294 5223/5584/5295
f 5223/5584/5295 5232/5593/5304 5231/5592/5303
f 5232/5593/5304 5223/5584/5295 5224/5585/5296
f 5224/5585/5296 5233/5594/5305 5232/5593/5304
f 5233/5594/5305 5224/5585/5296 5225/5586/5297
f 5225/5586/5297 5234/5595/5306 5233/5594/5305
f 5234/5595/5306 5225/5586/5297 5226/5587/5298
f 5226/5587/5298 5235/5596/5307 5234/5595/5306
f 5235/5596/5307 5226/5587/5298 5227/5588/5299
f 5227/5588/5299 5236/5597/5308 5235/5596/5307
f 5236/5597/5308 5227/5588/5299 5228/5589/5300
f 5228/5589/5300 5237/5598/5309 5236/5597/5308
f 5237/5598/5309 5228/5589/5300 5229/5590/5301
f 5229/5590/5301 5238/5599/5310 5237/5598/5309
f 5238/5599/5310 5229/5590/5301 5157/5518/5229
f 5157/5518/5229 5166/5527/5238 5238/5599/5310
f 5239/5600/5311 5230/5591/5302 5231/5592/5303
f 5231/5592/5303 5240/5601/5312 5239/5600/5311
f 5240/5601/5312 5231/5592/5303 5232/5593/5304
f 5232/5593/5304 5241/5602/5313 5240/5601/5312
f 5241/5602/5313 5232/5593/5304 5233/5594/5305
f 5233/5594/5305 5242/5603/5314 5241/5602/5313
f 5242/5603/5314 5233/5594/5305 5234/5595/5306
f 5234/5595/5306 5243/5604/5315 5242/5603/5314
f 5243/5604/5315 5234/5595/5306 5235/5596/5307
f 5235/5596/5307 5244/5605/5316 5243/5604/5315
f 5244/5605/5316 5235/5596/5307 5236/5597/5308
f 5236/5597/5308 5245/5606/5317 5244/5605/5316
f 5245/5606/5317 5236/5597/5308 5237/5598/5309
f 5237/5598/5309 5246/5607/5318 5245/5606/5317
f 5246/5607/5318 5237/5598/5309 5238/5599/5310
f 5238/5599/5310 5247/5608/5319 5246/5607/5318
f 5247/5608/5319 5238/5599/5310 5166/5527/5238
f 5166/5527/5238 5175/5536/5247 5247/5608/5319
f 5248/5609/5320 5239/5600/5311 5240/5601/5312
f 5240/5601/5312 5249/5610/5321 5248/5609/5320
f 5249/5610/5321 5240/5601/5312 5241/5602/5313
f 5241/5602/5313 5250/5611/5322 5249/5610/5321
f 5250/5611/5322 5241/5602/5313 5242/5603/5314
f 5242/5603/5314 5251/5612/5323 5250/5611/5322
f 5251/5612/5323 5242/5603/5314 5243/5604/5315
f 5243/5604/5315 5252/5613/5324 5251/5612/5323
f 5252/5613/5324 5243/5604/5315 5244/5605/5316
f 5244/5605/5316 5253/5614/5325 5252/5613/5324
f 5253/5614/5325 5244/5605/5316 5245/5606/5317
f 5245/5606/5317 5254/5615/5326 5253/5614/5325
f 5254/5615/5326 5245/5606/5317 5246/5607/5318
f 5246/5607/5318 5255/5616/5327 5254/5615/5326
f 5255/5616/5327 5246/5607/5318 5247/5608/5319
f 5247/5608/5319 5256/5617/5328 5255/5616/5327
f 5256/5617/5328 5247/5608/5319 5175/5536/5247
f 5175/5536/5247 5184/5545/5256 5256/5617/5328
f 5248/5609/5320 5249/5610/5321 5112/5473/5184
f 5249/5610/5321 5250/5611/5322 5112/5473/5184
f 5250/5611/5322 5251/5612/5323 5112/5473/5184
f 5251/5612/5323 5252/5613/5324 5112/5473/5184
f 5252/5613/5324 5253/5614/5325 5112/5473/5184
f 5253/5614/5325 5254/5615/5326 5112/5473/5184
f 5254/5615/5326 5255/5616/5327 5112/5473/5184
f 5255/5616/5327 5256/5617/5328 5112/5473/5184
f 5256/5617/5328 5184/5545/5256 5112/5473/5184
f 5032/5393/5104 4788/5149/4860 5024/5385/5096
f 5024/5385/5096 5257/5618/5329 5032/5393/5104
f 5257/5618/5329 5024/5385/5096 5025/5386/5097
f 5025/5386/5097 5258/5619/5330 5257/5618/5329
f 5258/5619/5330 5025/5386/5097 5026/5387/5098
f 5026/5387/5098 5259/5620/5331 5258/5619/5330
f 5259/5620/5331 5026/5387/5098 5027/5388/5099
f 5027/5388/5099 5260/5621/5332 5259/5620/5331
f 5260/5621/5332 5027/5388/5099 5028/5389/5100
f 5028/5389/5100 5261/5622/5333 5260/5621/5332
f 5261/5622/5333 5028/5389/5100 5029/5390/5101
f 5029/5390/5101 5262/5623/5334 5261/5622/5333
f 5262/5623/5334 5029/5390/5101 5030/5391/5102
f 5030/5391/5102 5263/5624/5335 5262/5623/5334
f 5263/5624/5335 5030/5391/5102 5031/5392/5103
f 5031/5392/5103 5264/5625/5336 5263/5624/5335
f 5264/5625/5336 5031/5392/5103 4951/5312/5023
f 4951/5312/5023 5185/5546/5257 5264/5625/5336
f 5042/5403/5114 5032/5393/5104 5257/5618/5329
f 5257/5618/5329 5265/5626/5337 5042/5403/5114
f 5265/5626/5337 5257/5618/5329 5258/5619/5330
f 5258/5619/5330 5266/5627/5338 5265/5626/5337
f 5266/5627/5338 5258/5619/5330 5259/5620/5331
f 5259/5620/5331 5267/5628/5339 5266/5627/5338
f 5267/5628/5339 5259/5620/5331 5260/5621/5332
f 5260/5621/5332 5268/5629/5340 5267/5628/5339
f 5268/5629/5340 5260/5621/5332 5261/5622/5333
f 5261/5622/5333 5269/5630/5341 5268/5629/5340
f 5269/5630/5341 5261/5622/5333 5262/5623/5334
f 5262/5623/5334 5270/5631/5342 5269/5630/5341
f 5270/5631/5342 5262/5623/5334 5263/5624/5335
f 5263/5624/5335 5271/5632/5343 5270/5631/5342
f 5271/5632/5343 5263/5624/5335 5264/5625/5336
f 5264/5625/5336 5272/5633/5344 5271/5632/5343
f 5272/5633/5344 5264/5625/5336 5185/5546/5257
f 5185/5546/5257 5194/5555/5266 5272/5633/5344
f 5052/5413/5124 5042/5403/5114 5265/5626/5337
f 5265/5626/5337 5273/5634/5345 5052/5413/5124
f 5273/5634/5345 5265/5626/5337 5266/5627/5338
f 5266/5627/5338 5274/5635/5346 5273/5634/5345
f 5274/5635/5346 5266/5627/5338 5267/5628/5339
f 5267/5628/5339 5275/5636/5347 5274/5635/5346
f 5275/5636/5347 5267/5628/5339 5268/5629/5340
f 5268/5629/5340 5276/5637/5348 5275/5636/5347
f 5276/5637/5348 5268/5629/5340 5269/5630/5341
f 5269/5630/5341 5277/5638/5349 5276/5637/5348
f 5277/5638/5349 5269/5630/5341 5270/5631/5342
f 5270/5631/5342 5278/5639/5350 5277/5638/5349
f 5278/5639/5350 5270/5631/5342 5271/5632/5343
f 5271/5632/5343 5279/5640/5351 5278/5639/5350
f 5279/5640/5351 5271/5632/5343 5272/5633/5344
f 5272/5633/5344 5280/5641/5352 5279/5640/5351
f 5280/5641/5352 5272/5633/5344 5194/5555/5266
f 5194/5555/5266 5203/5564/5275 5280/5641/5352
f 5062/5423/5134 5052/5413/5124 5273/5634/5345
f 5273/5634/5345 5281/5642/5353 5062/5423/5134
f 5281/5642/5353 5273/5634/5345 5274/5635/5346
f 5274/5635/5346 5282/5643/5354 5281/5642/5353
f 5282/5643/5354 5274/5635/5346 5275/5636/5347
f 5275/5636/5347 5283/5644/5355 5282/5643/5354
f 5283/5644/5355 5275/5636/5347 5276/5637/5348
f 5276/5637/5348 5284/5645/5356 5283/5644/5355
f 5284/5645/5356 5276/5637/5348 5277/5638/5349
f 5277/5638/5349 5285/5646/5357 5284/5645/5356
f 5285/5646/5357 5277/5638/5349 5278/5639/5350
f 5278/5639/5350 5286/5647/5358 5285/5646/5357
f 5286/5647/5358 5278/5639/5350 5279/5640/5351
f 5279/5640/5351 5287/5648/5359 5286/5647/5358
f 5287/5648/5359 5279/5640/5351 5280/5641/5352
f 5280/5641/5352 5288/5649/5360 5287/5648/5359
f 5288/5649/5360 5280/5641/5352 5203/5564/5275
f 5203/5564/5275 5212/5573/5284 5288/5649/5360
f 5072/5433/5144 5062/5423/5134 5281/5642/5353
f 5281/5642/5353 5289/5650/5361 5072/5433/5144
f 5289/5650/5361 5281/5642/5353 5282/5643/5354
f 5282/5643/5354 5290/5651/5362 5289/5650/5361
f 5290/5651/5362 5282/5643/5354 5283/5644/5355
f 5283/5644/5355 5291/5652/5363 5290/5651/5362
f 5291/5652/5363 5283/5644/5355 5284/5645/5356
f 5284/5645/5356 5292/5653/5364 5291/5652/5363
f 5292/5653/5364 5284/5645/5356 5285/5646/5357
f 5285/5646/5357 5293/5654/5365 5292/5653/5364
f 5293/5654/5365 5285/5646/5357 5286/5647/5358
f 5286/5647/5358 5294/5655/5366 5293/5654/5365
f 5294/5655/5366 5286/5647/5358 5287/5648/5359
f 5287/5648/5359 5295/5656/5367 5294/5655/5366
f 5295/5656/5367 5287/5648/5359 5288/5649/5360
f 5288/5649/5360 5296/5657/5368 5295/5656/5367
f 5296/5657/5368 5288/5649/5360 5212/5573/5284
f 5212/5573/5284 5221/5582/5293 5296/5657/5368
f 5082/5443/5154 5072/5433/5144 5289/5650/5361
f 5289/5650/5361 5297/5658/5369 5082/5443/5154
f 5297/5658/5369 5289/5650/5361 5290/5651/5362
f 5290/5651/5362 5298/5659/5370 5297/5658/5369
f 5298/5659/5370 5290/5651/5362 5291/5652/5363
f 5291/5652/5363 5299/5660/5371 5298/5659/5370
f 5299/5660/5371 5291/5652/5363 5292/5653/5364
f 5292/5653/5364 5300/5661/5372 5299/5660/5371
f 5300/5661/5372 5292/5653/5364 5293/5654/5365
f 5293/5654/5365 5301/5662/5373 5300/5661/5372
f 5301/5662/5373 5293/5654/5365 5294/5655/5366
f 5294/5655/5366 5302/5663/5374 5301/5662/5373
f 5302/5663/5374 5294/5655/5366 5295/5656/5367
f 5295/5656/5367 5303/5664/5375 5302/5663/5374
f 5303/5664/5375 5295/5656/5367 5296/5657/5368
f 5296/5657/5368 5304/5665/5376 5303/5664/5375
f 5304/5665/5376 5296/5657/5368 5221/5582/5293
f 5221/5582/5293 5230/5591/5302 5304/5665/5376
f 5092/5453/5164 5082/5443/5154 5297/5658/5369
f 5297/5658/5369 5305/5666/5377 5092/5453/5164
f 5305/5666/5377 5297/5658/5369 5298/5659/5370
f 5298/5659/5370 5306/5667/5378 5305/5666/5377
f 5306/5667/5378 5298/5659/5370 5299/5660/5371
f 5299/5660/5371 5307/5668/5379 5306/5667/5378
f 5307/5668/5379 5299/5660/5371 5300/5661/5372
f 5300/5661/5372 5308/5669/5380 5307/5668/5379
f 5308/5669/5380 5300/5661/5372 5301/5662/5373
f 5301/5662/5373 5309/5670/5381 5308/5669/5380
f 5309/5670/5381 5301/5662/5373 5302/5663/5374
f 5302/5663/5374 5310/5671/5382 5309/5670/5381
f 5310/5671/5382 5302/5663/5374 5303/5664/5375
f 5303/5664/5375 5311/5672/5383 5310/5671/5382
f 5311/5672/5383 5303/5664/5375 5304/5665/5376
f 5304/5665/5376 5312/5673/5384 5311/5672/5383
f 5312/5673/5384 5304/5665/5376 5230/5591/5302
f 5230/5591/5302 5239/5600/5311 5312/5673/5384
f 5102/5463/5174 5092/5453/5164 5305/5666/5377
f 5305/5666/5377 5313/5674/5385 5102/5463/5174
f 5313/5674/5385 5305/5666/5377 5306/5667/5378
f 5306/5667/5378 5314/5675/5386 5313/5674/5385
f 5314/5675/5386 5306/5667/5378 5307/5668/5379
f 5307/5668/5379 5315/5676/5387 5314/5675/5386
f 5315/5676/5387 5307/5668/5379 5308/5669/5380
f 5308/5669/5380 5316/5677/5388 5315/5676/5387
f 5316/5677/5388 5308/5669/5380 5309/5670/5381
f 5309/5670/5381 5317/5678/5389 5316/5677/5388
f 5317/5678/5389 5309/5670/5381 5310/5671/5382
f 5310/5671/5382 5318/5679/5390 5317/5678/5389
f 5318/5679/5390 5310/5671/5382 5311/5672/5383
f 5311/5672/5383 5319/5680/5391 5318/5679/5390
f 5319/5680/5391 5311/5672/5383 5312/5673/5384
f 5312/5673/5384 5320/5681/5392 5319/5680/5391
f 5320/5681/5392 5312/5673/5384 5239/5600/5311
f 5239/5600/5311 5248/5609/5320 5320/5681/5392
f 5102/5463/5174 5313/5674/5385 5112/5473/5184
f 5313/5674/5385 5314/5675/5386 5112/5473/5184
f 5314/5675/5386 5315/5676/5387 5112/5473/5184
f 5315/5676/5387 5316/5677/5388 5112/5473/5184
f 5316/5677/5388 5317/5678/5389 5112/5473/5184
f 5317/5678/5389 5318/5679/5390 5112/5473/5184
f 5318/5679/5390 5319/5680/5391 5112/5473/5184
f 5319/5680/5391 5320/5681/5392 5112/5473/5184
f 5320/5681/5392 5248/5609/5320 5112/5473/5184
